image_id,image_name,image_path,json_path,image_exists,json_exists,parse_success,inspection_type,material,width,height,status,classes,num_annotations,valid
14483434,RT_AL_00_14483434,data/raw/steel/01.원천데이터/1. RTAL/RT_AL_00_14483434.jpg,data/raw/steel/02.라벨링데이터/1. RTAL/RT_AL_00_14483434.json,True,True,True,RT,AL,3457,943,normal,,1,True
14483440,RT_AL_00_14483440,data/raw/steel/01.원천데이터/1. RTAL/RT_AL_00_14483440.jpg,data/raw/steel/02.라벨링데이터/1. RTAL/RT_AL_00_14483440.json,True,True,True,RT,AL,4000,1204,normal,,1,True
14483443,RT_AL_00_14483443,data/raw/steel/01.원천데이터/1. RTAL/RT_AL_00_14483443.jpg,data/raw/steel/02.라벨링데이터/1. RTAL/RT_AL_00_14483443.json,True,True,True,RT,AL,3300,942,normal,,1,True
14483464,RT_AL_00_14483464,data/raw/steel/01.원천데이터/1. RTAL/RT_AL_00_14483464.jpg,data/raw/steel/02.라벨링데이터/1. RTAL/RT_AL_00_14483464.json,True,True,True,RT,AL,3433,943,normal,,1,True
14483470,RT_AL_00_14483470,data/raw/steel/01.원천데이터/1. RTAL/RT_AL_00_14483470.jpg,data/raw/steel/02.라벨링데이터/1. RTAL/RT_AL_00_14483470.json,True,True,True,RT,AL,3397,943,normal,,1,True
14483485,RT_AL_00_14483485,data/raw/steel/01.원천데이터/1. RTAL/RT_AL_00_14483485.jpg,data/raw/steel/02.라벨링데이터/1. RTAL/RT_AL_00_14483485.json,True,True,True,RT,AL,3409,943,normal,,1,True
14483487,RT_AL_00_14483487,data/raw/steel/01.원천데이터/1. RTAL/RT_AL_00_14483487.jpg,data/raw/steel/02.라벨링데이터/1. RTAL/RT_AL_00_14483487.json,True,True,True,RT,AL,4000,1272,normal,,1,True
14483491,RT_AL_00_14483491,data/raw/steel/01.원천데이터/1. RTAL/RT_AL_00_14483491.jpg,data/raw/steel/02.라벨링데이터/1. RTAL/RT_AL_00_14483491.json,True,True,True,RT,AL,3386,941,normal,,1,True
14483499,RT_AL_00_14483499,data/raw/steel/01.원천데이터/1. RTAL/RT_AL_00_14483499.jpg,data/raw/steel/02.라벨링데이터/1. RTAL/RT_AL_00_14483499.json,True,True,True,RT,AL,3426,951,normal,,1,True
14483507,RT_AL_00_14483507,data/raw/steel/01.원천데이터/1. RTAL/RT_AL_00_14483507.jpg,data/raw/steel/02.라벨링데이터/1. RTAL/RT_AL_00_14483507.json,True,True,True,RT,AL,3378,942,normal,,1,True
14483526,RT_AL_00_14483526,data/raw/steel/01.원천데이터/1. RTAL/RT_AL_00_14483526.jpg,data/raw/steel/02.라벨링데이터/1. RTAL/RT_AL_00_14483526.json,True,True,True,RT,AL,3433,943,normal,,1,True
14483531,RT_AL_00_14483531,data/raw/steel/01.원천데이터/1. RTAL/RT_AL_00_14483531.jpg,data/raw/steel/02.라벨링데이터/1. RTAL/RT_AL_00_14483531.json,True,True,True,RT,AL,4000,1204,normal,,1,True
14483537,RT_AL_00_14483537,data/raw/steel/01.원천데이터/1. RTAL/RT_AL_00_14483537.jpg,data/raw/steel/02.라벨링데이터/1. RTAL/RT_AL_00_14483537.json,True,True,True,RT,AL,4000,1272,normal,,1,True
14483552,RT_AL_00_14483552,data/raw/steel/01.원천데이터/1. RTAL/RT_AL_00_14483552.jpg,data/raw/steel/02.라벨링데이터/1. RTAL/RT_AL_00_14483552.json,True,True,True,RT,AL,4000,911,normal,,1,True
14483555,RT_AL_00_14483555,data/raw/steel/01.원천데이터/1. RTAL/RT_AL_00_14483555.jpg,data/raw/steel/02.라벨링데이터/1. RTAL/RT_AL_00_14483555.json,True,True,True,RT,AL,4000,1272,normal,,1,True
14483561,RT_AL_00_14483561,data/raw/steel/01.원천데이터/1. RTAL/RT_AL_00_14483561.jpg,data/raw/steel/02.라벨링데이터/1. RTAL/RT_AL_00_14483561.json,True,True,True,RT,AL,3451,943,normal,,1,True
14483593,RT_AL_00_14483593,data/raw/steel/01.원천데이터/1. RTAL/RT_AL_00_14483593.jpg,data/raw/steel/02.라벨링데이터/1. RTAL/RT_AL_00_14483593.json,True,True,True,RT,AL,3313,943,normal,,1,True
14483595,RT_AL_00_14483595,data/raw/steel/01.원천데이터/1. RTAL/RT_AL_00_14483595.jpg,data/raw/steel/02.라벨링데이터/1. RTAL/RT_AL_00_14483595.json,True,True,True,RT,AL,4000,1204,normal,,1,True
14483604,RT_AL_00_14483604,data/raw/steel/01.원천데이터/1. RTAL/RT_AL_00_14483604.jpg,data/raw/steel/02.라벨링데이터/1. RTAL/RT_AL_00_14483604.json,True,True,True,RT,AL,4000,917,normal,,1,True
14483605,RT_AL_00_14483605,data/raw/steel/01.원천데이터/1. RTAL/RT_AL_00_14483605.jpg,data/raw/steel/02.라벨링데이터/1. RTAL/RT_AL_00_14483605.json,True,True,True,RT,AL,3535,943,normal,,1,True
14483615,RT_AL_00_14483615,data/raw/steel/01.원천데이터/1. RTAL/RT_AL_00_14483615.jpg,data/raw/steel/02.라벨링데이터/1. RTAL/RT_AL_00_14483615.json,True,True,True,RT,AL,3457,943,normal,,1,True
14483617,RT_AL_00_14483617,data/raw/steel/01.원천데이터/1. RTAL/RT_AL_00_14483617.jpg,data/raw/steel/02.라벨링데이터/1. RTAL/RT_AL_00_14483617.json,True,True,True,RT,AL,3535,943,normal,,1,True
14483618,RT_AL_00_14483618,data/raw/steel/01.원천데이터/1. RTAL/RT_AL_00_14483618.jpg,data/raw/steel/02.라벨링데이터/1. RTAL/RT_AL_00_14483618.json,True,True,True,RT,AL,4000,1272,normal,,1,True
14483628,RT_AL_00_14483628,data/raw/steel/01.원천데이터/1. RTAL/RT_AL_00_14483628.jpg,data/raw/steel/02.라벨링데이터/1. RTAL/RT_AL_00_14483628.json,True,True,True,RT,AL,3433,943,normal,,1,True
14483630,RT_AL_00_14483630,data/raw/steel/01.원천데이터/1. RTAL/RT_AL_00_14483630.jpg,data/raw/steel/02.라벨링데이터/1. RTAL/RT_AL_00_14483630.json,True,True,True,RT,AL,3379,943,normal,,1,True
14483635,RT_AL_00_14483635,data/raw/steel/01.원천데이터/1. RTAL/RT_AL_00_14483635.jpg,data/raw/steel/02.라벨링데이터/1. RTAL/RT_AL_00_14483635.json,True,True,True,RT,AL,3331,943,normal,,1,True
14483642,RT_AL_00_14483642,data/raw/steel/01.원천데이터/1. RTAL/RT_AL_00_14483642.jpg,data/raw/steel/02.라벨링데이터/1. RTAL/RT_AL_00_14483642.json,True,True,True,RT,AL,3389,941,normal,,1,True
14483649,RT_AL_00_14483649,data/raw/steel/01.원천데이터/1. RTAL/RT_AL_00_14483649.jpg,data/raw/steel/02.라벨링데이터/1. RTAL/RT_AL_00_14483649.json,True,True,True,RT,AL,4000,917,normal,,1,True
14483650,RT_AL_00_14483650,data/raw/steel/01.원천데이터/1. RTAL/RT_AL_00_14483650.jpg,data/raw/steel/02.라벨링데이터/1. RTAL/RT_AL_00_14483650.json,True,True,True,RT,AL,3390,951,normal,,1,True
14483665,RT_AL_00_14483665,data/raw/steel/01.원천데이터/1. RTAL/RT_AL_00_14483665.jpg,data/raw/steel/02.라벨링데이터/1. RTAL/RT_AL_00_14483665.json,True,True,True,RT,AL,3457,943,normal,,1,True
14483672,RT_AL_00_14483672,data/raw/steel/01.원천데이터/1. RTAL/RT_AL_00_14483672.jpg,data/raw/steel/02.라벨링데이터/1. RTAL/RT_AL_00_14483672.json,True,True,True,RT,AL,3019,848,normal,,1,True
14483673,RT_AL_00_14483673,data/raw/steel/01.원천데이터/1. RTAL/RT_AL_00_14483673.jpg,data/raw/steel/02.라벨링데이터/1. RTAL/RT_AL_00_14483673.json,True,True,True,RT,AL,3301,943,normal,,1,True
14483685,RT_AL_00_14483685,data/raw/steel/01.원천데이터/1. RTAL/RT_AL_00_14483685.jpg,data/raw/steel/02.라벨링데이터/1. RTAL/RT_AL_00_14483685.json,True,True,True,RT,AL,3396,951,normal,,1,True
14483690,RT_AL_00_14483690,data/raw/steel/01.원천데이터/1. RTAL/RT_AL_00_14483690.jpg,data/raw/steel/02.라벨링데이터/1. RTAL/RT_AL_00_14483690.json,True,True,True,RT,AL,3367,943,normal,,1,True
14483712,RT_AL_00_14483712,data/raw/steel/01.원천데이터/1. RTAL/RT_AL_00_14483712.jpg,data/raw/steel/02.라벨링데이터/1. RTAL/RT_AL_00_14483712.json,True,True,True,RT,AL,4000,1204,normal,,2,True
14483727,RT_AL_00_14483727,data/raw/steel/01.원천데이터/1. RTAL/RT_AL_00_14483727.jpg,data/raw/steel/02.라벨링데이터/1. RTAL/RT_AL_00_14483727.json,True,True,True,RT,AL,4000,1204,normal,,1,True
14483742,RT_AL_00_14483742,data/raw/steel/01.원천데이터/1. RTAL/RT_AL_00_14483742.jpg,data/raw/steel/02.라벨링데이터/1. RTAL/RT_AL_00_14483742.json,True,True,True,RT,AL,3337,943,normal,,1,True
14483764,RT_AL_00_14483764,data/raw/steel/01.원천데이터/1. RTAL/RT_AL_00_14483764.jpg,data/raw/steel/02.라벨링데이터/1. RTAL/RT_AL_00_14483764.json,True,True,True,RT,AL,4000,1272,normal,,1,True
14483775,RT_AL_00_14483775,data/raw/steel/01.원천데이터/1. RTAL/RT_AL_00_14483775.jpg,data/raw/steel/02.라벨링데이터/1. RTAL/RT_AL_00_14483775.json,True,True,True,RT,AL,3349,943,normal,,1,True
14483790,RT_AL_00_14483790,data/raw/steel/01.원천데이터/1. RTAL/RT_AL_00_14483790.jpg,data/raw/steel/02.라벨링데이터/1. RTAL/RT_AL_00_14483790.json,True,True,True,RT,AL,3451,925,normal,,1,True
14483798,RT_AL_00_14483798,data/raw/steel/01.원천데이터/1. RTAL/RT_AL_00_14483798.jpg,data/raw/steel/02.라벨링데이터/1. RTAL/RT_AL_00_14483798.json,True,True,True,RT,AL,3396,942,normal,,1,True
14483810,RT_AL_00_14483810,data/raw/steel/01.원천데이터/1. RTAL/RT_AL_00_14483810.jpg,data/raw/steel/02.라벨링데이터/1. RTAL/RT_AL_00_14483810.json,True,True,True,RT,AL,3003,848,normal,,1,True
14483843,RT_AL_00_14483843,data/raw/steel/01.원천데이터/1. RTAL/RT_AL_00_14483843.jpg,data/raw/steel/02.라벨링데이터/1. RTAL/RT_AL_00_14483843.json,True,True,True,RT,AL,3409,943,normal,,1,True
14483870,RT_AL_00_14483870,data/raw/steel/01.원천데이터/1. RTAL/RT_AL_00_14483870.jpg,data/raw/steel/02.라벨링데이터/1. RTAL/RT_AL_00_14483870.json,True,True,True,RT,AL,3367,943,normal,,1,True
14483879,RT_AL_00_14483879,data/raw/steel/01.원천데이터/1. RTAL/RT_AL_00_14483879.jpg,data/raw/steel/02.라벨링데이터/1. RTAL/RT_AL_00_14483879.json,True,True,True,RT,AL,3493,943,normal,,1,True
14483896,RT_AL_00_14483896,data/raw/steel/01.원천데이터/1. RTAL/RT_AL_00_14483896.jpg,data/raw/steel/02.라벨링데이터/1. RTAL/RT_AL_00_14483896.json,True,True,True,RT,AL,3439,943,normal,,1,True
14483902,RT_AL_00_14483902,data/raw/steel/01.원천데이터/1. RTAL/RT_AL_00_14483902.jpg,data/raw/steel/02.라벨링데이터/1. RTAL/RT_AL_00_14483902.json,True,True,True,RT,AL,3355,943,normal,,1,True
14483906,RT_AL_00_14483906,data/raw/steel/01.원천데이터/1. RTAL/RT_AL_00_14483906.jpg,data/raw/steel/02.라벨링데이터/1. RTAL/RT_AL_00_14483906.json,True,True,True,RT,AL,3433,943,normal,,1,True
14483931,RT_AL_00_14483931,data/raw/steel/01.원천데이터/1. RTAL/RT_AL_00_14483931.jpg,data/raw/steel/02.라벨링데이터/1. RTAL/RT_AL_00_14483931.json,True,True,True,RT,AL,4000,1272,normal,,1,True
14483935,RT_AL_00_14483935,data/raw/steel/01.원천데이터/1. RTAL/RT_AL_00_14483935.jpg,data/raw/steel/02.라벨링데이터/1. RTAL/RT_AL_00_14483935.json,True,True,True,RT,AL,3451,943,normal,,1,True
14483936,RT_AL_00_14483936,data/raw/steel/01.원천데이터/1. RTAL/RT_AL_00_14483936.jpg,data/raw/steel/02.라벨링데이터/1. RTAL/RT_AL_00_14483936.json,True,True,True,RT,AL,2960,848,normal,,1,True
14483942,RT_AL_00_14483942,data/raw/steel/01.원천데이터/1. RTAL/RT_AL_00_14483942.jpg,data/raw/steel/02.라벨링데이터/1. RTAL/RT_AL_00_14483942.json,True,True,True,RT,AL,3387,951,normal,,1,True
14483944,RT_AL_00_14483944,data/raw/steel/01.원천데이터/1. RTAL/RT_AL_00_14483944.jpg,data/raw/steel/02.라벨링데이터/1. RTAL/RT_AL_00_14483944.json,True,True,True,RT,AL,3415,943,normal,,1,True
14483953,RT_AL_00_14483953,data/raw/steel/01.원천데이터/1. RTAL/RT_AL_00_14483953.jpg,data/raw/steel/02.라벨링데이터/1. RTAL/RT_AL_00_14483953.json,True,True,True,RT,AL,3373,943,normal,,1,True
14483957,RT_AL_00_14483957,data/raw/steel/01.원천데이터/1. RTAL/RT_AL_00_14483957.jpg,data/raw/steel/02.라벨링데이터/1. RTAL/RT_AL_00_14483957.json,True,True,True,RT,AL,3397,943,normal,,1,True
14483962,RT_AL_00_14483962,data/raw/steel/01.원천데이터/1. RTAL/RT_AL_00_14483962.jpg,data/raw/steel/02.라벨링데이터/1. RTAL/RT_AL_00_14483962.json,True,True,True,RT,AL,3421,943,normal,,1,True
14483964,RT_AL_00_14483964,data/raw/steel/01.원천데이터/1. RTAL/RT_AL_00_14483964.jpg,data/raw/steel/02.라벨링데이터/1. RTAL/RT_AL_00_14483964.json,True,True,True,RT,AL,3380,950,normal,,1,True
14483966,RT_AL_00_14483966,data/raw/steel/01.원천데이터/1. RTAL/RT_AL_00_14483966.jpg,data/raw/steel/02.라벨링데이터/1. RTAL/RT_AL_00_14483966.json,True,True,True,RT,AL,3331,943,normal,,1,True
14483972,RT_AL_00_14483972,data/raw/steel/01.원천데이터/1. RTAL/RT_AL_00_14483972.jpg,data/raw/steel/02.라벨링데이터/1. RTAL/RT_AL_00_14483972.json,True,True,True,RT,AL,3435,951,normal,,1,True
14483980,RT_AL_00_14483980,data/raw/steel/01.원천데이터/1. RTAL/RT_AL_00_14483980.jpg,data/raw/steel/02.라벨링데이터/1. RTAL/RT_AL_00_14483980.json,True,True,True,RT,AL,3405,951,normal,,1,True
14484000,RT_AL_00_14484000,data/raw/steel/01.원천데이터/1. RTAL/RT_AL_00_14484000.jpg,data/raw/steel/02.라벨링데이터/1. RTAL/RT_AL_00_14484000.json,True,True,True,RT,AL,3392,950,normal,,1,True
14484020,RT_AL_00_14484020,data/raw/steel/01.원천데이터/1. RTAL/RT_AL_00_14484020.jpg,data/raw/steel/02.라벨링데이터/1. RTAL/RT_AL_00_14484020.json,True,True,True,RT,AL,3439,943,normal,,1,True
14484027,RT_AL_00_14484027,data/raw/steel/01.원천데이터/1. RTAL/RT_AL_00_14484027.jpg,data/raw/steel/02.라벨링데이터/1. RTAL/RT_AL_00_14484027.json,True,True,True,RT,AL,3014,848,normal,,1,True
14484034,RT_AL_00_14484034,data/raw/steel/01.원천데이터/1. RTAL/RT_AL_00_14484034.jpg,data/raw/steel/02.라벨링데이터/1. RTAL/RT_AL_00_14484034.json,True,True,True,RT,AL,3385,943,normal,,1,True
14484047,RT_AL_00_14484047,data/raw/steel/01.원천데이터/1. RTAL/RT_AL_00_14484047.jpg,data/raw/steel/02.라벨링데이터/1. RTAL/RT_AL_00_14484047.json,True,True,True,RT,AL,3008,848,normal,,1,True
14484054,RT_AL_00_14484054,data/raw/steel/01.원천데이터/1. RTAL/RT_AL_00_14484054.jpg,data/raw/steel/02.라벨링데이터/1. RTAL/RT_AL_00_14484054.json,True,True,True,RT,AL,3307,943,normal,,1,True
14484091,RT_AL_00_14484091,data/raw/steel/01.원천데이터/1. RTAL/RT_AL_00_14484091.jpg,data/raw/steel/02.라벨링데이터/1. RTAL/RT_AL_00_14484091.json,True,True,True,RT,AL,3367,943,normal,,1,True
14484117,RT_AL_00_14484117,data/raw/steel/01.원천데이터/1. RTAL/RT_AL_00_14484117.jpg,data/raw/steel/02.라벨링데이터/1. RTAL/RT_AL_00_14484117.json,True,True,True,RT,AL,3397,943,normal,,1,True
14484140,RT_AL_00_14484140,data/raw/steel/01.원천데이터/1. RTAL/RT_AL_00_14484140.jpg,data/raw/steel/02.라벨링데이터/1. RTAL/RT_AL_00_14484140.json,True,True,True,RT,AL,3355,943,normal,,1,True
14484143,RT_AL_00_14484143,data/raw/steel/01.원천데이터/1. RTAL/RT_AL_00_14484143.jpg,data/raw/steel/02.라벨링데이터/1. RTAL/RT_AL_00_14484143.json,True,True,True,RT,AL,4000,1272,normal,,1,True
14484149,RT_AL_00_14484149,data/raw/steel/01.원천데이터/1. RTAL/RT_AL_00_14484149.jpg,data/raw/steel/02.라벨링데이터/1. RTAL/RT_AL_00_14484149.json,True,True,True,RT,AL,3402,951,normal,,1,True
14484153,RT_AL_00_14484153,data/raw/steel/01.원천데이터/1. RTAL/RT_AL_00_14484153.jpg,data/raw/steel/02.라벨링데이터/1. RTAL/RT_AL_00_14484153.json,True,True,True,RT,AL,3355,943,normal,,1,True
14484160,RT_AL_00_14484160,data/raw/steel/01.원천데이터/1. RTAL/RT_AL_00_14484160.jpg,data/raw/steel/02.라벨링데이터/1. RTAL/RT_AL_00_14484160.json,True,True,True,RT,AL,3433,943,normal,,1,True
14484173,RT_AL_00_14484173,data/raw/steel/01.원천데이터/1. RTAL/RT_AL_00_14484173.jpg,data/raw/steel/02.라벨링데이터/1. RTAL/RT_AL_00_14484173.json,True,True,True,RT,AL,3349,943,normal,,1,True
14484184,RT_AL_00_14484184,data/raw/steel/01.원천데이터/1. RTAL/RT_AL_00_14484184.jpg,data/raw/steel/02.라벨링데이터/1. RTAL/RT_AL_00_14484184.json,True,True,True,RT,AL,3409,943,normal,,1,True
14484188,RT_AL_00_14484188,data/raw/steel/01.원천데이터/1. RTAL/RT_AL_00_14484188.jpg,data/raw/steel/02.라벨링데이터/1. RTAL/RT_AL_00_14484188.json,True,True,True,RT,AL,3391,943,normal,,1,True
14484203,RT_AL_00_14484203,data/raw/steel/01.원천데이터/1. RTAL/RT_AL_00_14484203.jpg,data/raw/steel/02.라벨링데이터/1. RTAL/RT_AL_00_14484203.json,True,True,True,RT,AL,3355,943,normal,,1,True
14484204,RT_AL_00_14484204,data/raw/steel/01.원천데이터/1. RTAL/RT_AL_00_14484204.jpg,data/raw/steel/02.라벨링데이터/1. RTAL/RT_AL_00_14484204.json,True,True,True,RT,AL,3445,943,normal,,1,True
14484212,RT_AL_00_14484212,data/raw/steel/01.원천데이터/1. RTAL/RT_AL_00_14484212.jpg,data/raw/steel/02.라벨링데이터/1. RTAL/RT_AL_00_14484212.json,True,True,True,RT,AL,3313,943,normal,,1,True
14484226,RT_AL_00_14484226,data/raw/steel/01.원천데이터/1. RTAL/RT_AL_00_14484226.jpg,data/raw/steel/02.라벨링데이터/1. RTAL/RT_AL_00_14484226.json,True,True,True,RT,AL,3035,848,normal,,1,True
14484252,RT_AL_00_14484252,data/raw/steel/01.원천데이터/1. RTAL/RT_AL_00_14484252.jpg,data/raw/steel/02.라벨링데이터/1. RTAL/RT_AL_00_14484252.json,True,True,True,RT,AL,3417,942,normal,,1,True
14484255,RT_AL_00_14484255,data/raw/steel/01.원천데이터/1. RTAL/RT_AL_00_14484255.jpg,data/raw/steel/02.라벨링데이터/1. RTAL/RT_AL_00_14484255.json,True,True,True,RT,AL,3463,937,normal,,1,True
14484265,RT_AL_00_14484265,data/raw/steel/01.원천데이터/1. RTAL/RT_AL_00_14484265.jpg,data/raw/steel/02.라벨링데이터/1. RTAL/RT_AL_00_14484265.json,True,True,True,RT,AL,3373,943,normal,,1,True
14484304,RT_AL_00_14484304,data/raw/steel/01.원천데이터/1. RTAL/RT_AL_00_14484304.jpg,data/raw/steel/02.라벨링데이터/1. RTAL/RT_AL_00_14484304.json,True,True,True,RT,AL,3426,948,normal,,1,True
14484313,RT_AL_00_14484313,data/raw/steel/01.원천데이터/1. RTAL/RT_AL_00_14484313.jpg,data/raw/steel/02.라벨링데이터/1. RTAL/RT_AL_00_14484313.json,True,True,True,RT,AL,3379,943,normal,,1,True
14484314,RT_AL_00_14484314,data/raw/steel/01.원천데이터/1. RTAL/RT_AL_00_14484314.jpg,data/raw/steel/02.라벨링데이터/1. RTAL/RT_AL_00_14484314.json,True,True,True,RT,AL,3415,943,normal,,1,True
14484346,RT_AL_00_14484346,data/raw/steel/01.원천데이터/1. RTAL/RT_AL_00_14484346.jpg,data/raw/steel/02.라벨링데이터/1. RTAL/RT_AL_00_14484346.json,True,True,True,RT,AL,3499,943,normal,,1,True
14484349,RT_AL_00_14484349,data/raw/steel/01.원천데이터/1. RTAL/RT_AL_00_14484349.jpg,data/raw/steel/02.라벨링데이터/1. RTAL/RT_AL_00_14484349.json,True,True,True,RT,AL,3439,943,normal,,1,True
14484365,RT_AL_00_14484365,data/raw/steel/01.원천데이터/1. RTAL/RT_AL_00_14484365.jpg,data/raw/steel/02.라벨링데이터/1. RTAL/RT_AL_00_14484365.json,True,True,True,RT,AL,3372,942,normal,,1,True
14484367,RT_AL_00_14484367,data/raw/steel/01.원천데이터/1. RTAL/RT_AL_00_14484367.jpg,data/raw/steel/02.라벨링데이터/1. RTAL/RT_AL_00_14484367.json,True,True,True,RT,AL,3399,942,normal,,1,True
14484378,RT_AL_00_14484378,data/raw/steel/01.원천데이터/1. RTAL/RT_AL_00_14484378.jpg,data/raw/steel/02.라벨링데이터/1. RTAL/RT_AL_00_14484378.json,True,True,True,RT,AL,2997,848,normal,,1,True
14484384,RT_AL_00_14484384,data/raw/steel/01.원천데이터/1. RTAL/RT_AL_00_14484384.jpg,data/raw/steel/02.라벨링데이터/1. RTAL/RT_AL_00_14484384.json,True,True,True,RT,AL,3417,942,normal,,1,True
14484397,RT_AL_00_14484397,data/raw/steel/01.원천데이터/1. RTAL/RT_AL_00_14484397.jpg,data/raw/steel/02.라벨링데이터/1. RTAL/RT_AL_00_14484397.json,True,True,True,RT,AL,3384,951,normal,,1,True
14484405,RT_AL_00_14484405,data/raw/steel/01.원천데이터/1. RTAL/RT_AL_00_14484405.jpg,data/raw/steel/02.라벨링데이터/1. RTAL/RT_AL_00_14484405.json,True,True,True,RT,AL,3361,943,normal,,1,True
14484421,RT_AL_00_14484421,data/raw/steel/01.원천데이터/1. RTAL/RT_AL_00_14484421.jpg,data/raw/steel/02.라벨링데이터/1. RTAL/RT_AL_00_14484421.json,True,True,True,RT,AL,4000,911,normal,,1,True
14484435,RT_AL_00_14484435,data/raw/steel/01.원천데이터/1. RTAL/RT_AL_00_14484435.jpg,data/raw/steel/02.라벨링데이터/1. RTAL/RT_AL_00_14484435.json,True,True,True,RT,AL,3451,943,normal,,1,True
14484441,RT_AL_00_14484441,data/raw/steel/01.원천데이터/1. RTAL/RT_AL_00_14484441.jpg,data/raw/steel/02.라벨링데이터/1. RTAL/RT_AL_00_14484441.json,True,True,True,RT,AL,4000,917,normal,,1,True
14484444,RT_AL_00_14484444,data/raw/steel/01.원천데이터/1. RTAL/RT_AL_00_14484444.jpg,data/raw/steel/02.라벨링데이터/1. RTAL/RT_AL_00_14484444.json,True,True,True,RT,AL,3445,943,normal,,1,True
14484446,RT_AL_00_14484446,data/raw/steel/01.원천데이터/1. RTAL/RT_AL_00_14484446.jpg,data/raw/steel/02.라벨링데이터/1. RTAL/RT_AL_00_14484446.json,True,True,True,RT,AL,3469,943,normal,,1,True
14484460,RT_AL_00_14484460,data/raw/steel/01.원천데이터/1. RTAL/RT_AL_00_14484460.jpg,data/raw/steel/02.라벨링데이터/1. RTAL/RT_AL_00_14484460.json,True,True,True,RT,AL,3383,950,normal,,1,True
14484464,RT_AL_00_14484464,data/raw/steel/01.원천데이터/1. RTAL/RT_AL_00_14484464.jpg,data/raw/steel/02.라벨링데이터/1. RTAL/RT_AL_00_14484464.json,True,True,True,RT,AL,3390,942,normal,,1,True
14484468,RT_AL_00_14484468,data/raw/steel/01.원천데이터/1. RTAL/RT_AL_00_14484468.jpg,data/raw/steel/02.라벨링데이터/1. RTAL/RT_AL_00_14484468.json,True,True,True,RT,AL,3391,943,normal,,1,True
14484469,RT_AL_00_14484469,data/raw/steel/01.원천데이터/1. RTAL/RT_AL_00_14484469.jpg,data/raw/steel/02.라벨링데이터/1. RTAL/RT_AL_00_14484469.json,True,True,True,RT,AL,3193,943,normal,,1,True
14484473,RT_AL_00_14484473,data/raw/steel/01.원천데이터/1. RTAL/RT_AL_00_14484473.jpg,data/raw/steel/02.라벨링데이터/1. RTAL/RT_AL_00_14484473.json,True,True,True,RT,AL,3367,943,normal,,1,True
14484482,RT_AL_00_14484482,data/raw/steel/01.원천데이터/1. RTAL/RT_AL_00_14484482.jpg,data/raw/steel/02.라벨링데이터/1. RTAL/RT_AL_00_14484482.json,True,True,True,RT,AL,3319,943,normal,,1,True
14484504,RT_AL_00_14484504,data/raw/steel/01.원천데이터/1. RTAL/RT_AL_00_14484504.jpg,data/raw/steel/02.라벨링데이터/1. RTAL/RT_AL_00_14484504.json,True,True,True,RT,AL,3367,943,normal,,1,True
14484511,RT_AL_00_14484511,data/raw/steel/01.원천데이터/1. RTAL/RT_AL_00_14484511.jpg,data/raw/steel/02.라벨링데이터/1. RTAL/RT_AL_00_14484511.json,True,True,True,RT,AL,4000,1272,normal,,1,True
14484524,RT_AL_00_14484524,data/raw/steel/01.원천데이터/1. RTAL/RT_AL_00_14484524.jpg,data/raw/steel/02.라벨링데이터/1. RTAL/RT_AL_00_14484524.json,True,True,True,RT,AL,3373,943,normal,,1,True
14484533,RT_AL_00_14484533,data/raw/steel/01.원천데이터/1. RTAL/RT_AL_00_14484533.jpg,data/raw/steel/02.라벨링데이터/1. RTAL/RT_AL_00_14484533.json,True,True,True,RT,AL,2924,850,normal,,1,True
14484537,RT_AL_00_14484537,data/raw/steel/01.원천데이터/1. RTAL/RT_AL_00_14484537.jpg,data/raw/steel/02.라벨링데이터/1. RTAL/RT_AL_00_14484537.json,True,True,True,RT,AL,3414,942,normal,,1,True
14484541,RT_AL_00_14484541,data/raw/steel/01.원천데이터/1. RTAL/RT_AL_00_14484541.jpg,data/raw/steel/02.라벨링데이터/1. RTAL/RT_AL_00_14484541.json,True,True,True,RT,AL,4000,1204,normal,,1,True
14484564,RT_AL_00_14484564,data/raw/steel/01.원천데이터/1. RTAL/RT_AL_00_14484564.jpg,data/raw/steel/02.라벨링데이터/1. RTAL/RT_AL_00_14484564.json,True,True,True,RT,AL,3349,943,normal,,1,True
14484568,RT_AL_00_14484568,data/raw/steel/01.원천데이터/1. RTAL/RT_AL_00_14484568.jpg,data/raw/steel/02.라벨링데이터/1. RTAL/RT_AL_00_14484568.json,True,True,True,RT,AL,3367,943,normal,,1,True
14484569,RT_AL_00_14484569,data/raw/steel/01.원천데이터/1. RTAL/RT_AL_00_14484569.jpg,data/raw/steel/02.라벨링데이터/1. RTAL/RT_AL_00_14484569.json,True,True,True,RT,AL,3405,951,normal,,1,True
14484570,RT_AL_00_14484570,data/raw/steel/01.원천데이터/1. RTAL/RT_AL_00_14484570.jpg,data/raw/steel/02.라벨링데이터/1. RTAL/RT_AL_00_14484570.json,True,True,True,RT,AL,3337,943,normal,,1,True
14484577,RT_AL_00_14484577,data/raw/steel/01.원천데이터/1. RTAL/RT_AL_00_14484577.jpg,data/raw/steel/02.라벨링데이터/1. RTAL/RT_AL_00_14484577.json,True,True,True,RT,AL,3390,951,normal,,1,True
14484591,RT_AL_00_14484591,data/raw/steel/01.원천데이터/1. RTAL/RT_AL_00_14484591.jpg,data/raw/steel/02.라벨링데이터/1. RTAL/RT_AL_00_14484591.json,True,True,True,RT,AL,3427,943,normal,,1,True
14484619,RT_AL_00_14484619,data/raw/steel/01.원천데이터/1. RTAL/RT_AL_00_14484619.jpg,data/raw/steel/02.라벨링데이터/1. RTAL/RT_AL_00_14484619.json,True,True,True,RT,AL,3387,951,normal,,1,True
14484625,RT_AL_00_14484625,data/raw/steel/01.원천데이터/1. RTAL/RT_AL_00_14484625.jpg,data/raw/steel/02.라벨링데이터/1. RTAL/RT_AL_00_14484625.json,True,True,True,RT,AL,3041,848,normal,,1,True
14484628,RT_AL_00_14484628,data/raw/steel/01.원천데이터/1. RTAL/RT_AL_00_14484628.jpg,data/raw/steel/02.라벨링데이터/1. RTAL/RT_AL_00_14484628.json,True,True,True,RT,AL,3379,943,normal,,1,True
14484634,RT_AL_00_14484634,data/raw/steel/01.원천데이터/1. RTAL/RT_AL_00_14484634.jpg,data/raw/steel/02.라벨링데이터/1. RTAL/RT_AL_00_14484634.json,True,True,True,RT,AL,3379,943,normal,,1,True
14484655,RT_AL_00_14484655,data/raw/steel/01.원천데이터/1. RTAL/RT_AL_00_14484655.jpg,data/raw/steel/02.라벨링데이터/1. RTAL/RT_AL_00_14484655.json,True,True,True,RT,AL,3397,943,normal,,1,True
14484662,RT_AL_00_14484662,data/raw/steel/01.원천데이터/1. RTAL/RT_AL_00_14484662.jpg,data/raw/steel/02.라벨링데이터/1. RTAL/RT_AL_00_14484662.json,True,True,True,RT,AL,3349,943,normal,,1,True
14484668,RT_AL_00_14484668,data/raw/steel/01.원천데이터/1. RTAL/RT_AL_00_14484668.jpg,data/raw/steel/02.라벨링데이터/1. RTAL/RT_AL_00_14484668.json,True,True,True,RT,AL,3390,942,normal,,1,True
14484669,RT_AL_00_14484669,data/raw/steel/01.원천데이터/1. RTAL/RT_AL_00_14484669.jpg,data/raw/steel/02.라벨링데이터/1. RTAL/RT_AL_00_14484669.json,True,True,True,RT,AL,3367,943,normal,,1,True
14484676,RT_AL_00_14484676,data/raw/steel/01.원천데이터/1. RTAL/RT_AL_00_14484676.jpg,data/raw/steel/02.라벨링데이터/1. RTAL/RT_AL_00_14484676.json,True,True,True,RT,AL,3367,943,normal,,1,True
14484677,RT_AL_00_14484677,data/raw/steel/01.원천데이터/1. RTAL/RT_AL_00_14484677.jpg,data/raw/steel/02.라벨링데이터/1. RTAL/RT_AL_00_14484677.json,True,True,True,RT,AL,3319,943,normal,,1,True
14484690,RT_AL_00_14484690,data/raw/steel/01.원천데이터/1. RTAL/RT_AL_00_14484690.jpg,data/raw/steel/02.라벨링데이터/1. RTAL/RT_AL_00_14484690.json,True,True,True,RT,AL,3377,941,normal,,1,True
14484694,RT_AL_00_14484694,data/raw/steel/01.원천데이터/1. RTAL/RT_AL_00_14484694.jpg,data/raw/steel/02.라벨링데이터/1. RTAL/RT_AL_00_14484694.json,True,True,True,RT,AL,4000,1204,normal,,1,True
14484710,RT_AL_00_14484710,data/raw/steel/01.원천데이터/1. RTAL/RT_AL_00_14484710.jpg,data/raw/steel/02.라벨링데이터/1. RTAL/RT_AL_00_14484710.json,True,True,True,RT,AL,4000,1272,normal,,1,True
14484716,RT_AL_00_14484716,data/raw/steel/01.원천데이터/1. RTAL/RT_AL_00_14484716.jpg,data/raw/steel/02.라벨링데이터/1. RTAL/RT_AL_00_14484716.json,True,True,True,RT,AL,3415,943,normal,,1,True
14484727,RT_AL_00_14484727,data/raw/steel/01.원천데이터/1. RTAL/RT_AL_00_14484727.jpg,data/raw/steel/02.라벨링데이터/1. RTAL/RT_AL_00_14484727.json,True,True,True,RT,AL,3375,942,normal,,1,True
14484729,RT_AL_00_14484729,data/raw/steel/01.원천데이터/1. RTAL/RT_AL_00_14484729.jpg,data/raw/steel/02.라벨링데이터/1. RTAL/RT_AL_00_14484729.json,True,True,True,RT,AL,3390,951,normal,,1,True
14484739,RT_AL_00_14484739,data/raw/steel/01.원천데이터/1. RTAL/RT_AL_00_14484739.jpg,data/raw/steel/02.라벨링데이터/1. RTAL/RT_AL_00_14484739.json,True,True,True,RT,AL,3379,943,normal,,1,True
14484751,RT_AL_00_14484751,data/raw/steel/01.원천데이터/1. RTAL/RT_AL_00_14484751.jpg,data/raw/steel/02.라벨링데이터/1. RTAL/RT_AL_00_14484751.json,True,True,True,RT,AL,3258,945,normal,,1,True
14484753,RT_AL_00_14484753,data/raw/steel/01.원천데이터/1. RTAL/RT_AL_00_14484753.jpg,data/raw/steel/02.라벨링데이터/1. RTAL/RT_AL_00_14484753.json,True,True,True,RT,AL,4000,1204,normal,,1,True
14484756,RT_AL_00_14484756,data/raw/steel/01.원천데이터/1. RTAL/RT_AL_00_14484756.jpg,data/raw/steel/02.라벨링데이터/1. RTAL/RT_AL_00_14484756.json,True,True,True,RT,AL,3415,943,normal,,1,True
14484768,RT_AL_00_14484768,data/raw/steel/01.원천데이터/1. RTAL/RT_AL_00_14484768.jpg,data/raw/steel/02.라벨링데이터/1. RTAL/RT_AL_00_14484768.json,True,True,True,RT,AL,3399,942,normal,,1,True
14484787,RT_AL_00_14484787,data/raw/steel/01.원천데이터/1. RTAL/RT_AL_00_14484787.jpg,data/raw/steel/02.라벨링데이터/1. RTAL/RT_AL_00_14484787.json,True,True,True,RT,AL,3433,943,normal,,1,True
14484792,RT_AL_00_14484792,data/raw/steel/01.원천데이터/1. RTAL/RT_AL_00_14484792.jpg,data/raw/steel/02.라벨링데이터/1. RTAL/RT_AL_00_14484792.json,True,True,True,RT,AL,4000,1204,normal,,1,True
14484795,RT_AL_00_14484795,data/raw/steel/01.원천데이터/1. RTAL/RT_AL_00_14484795.jpg,data/raw/steel/02.라벨링데이터/1. RTAL/RT_AL_00_14484795.json,True,True,True,RT,AL,3343,943,normal,,1,True
14484799,RT_AL_00_14484799,data/raw/steel/01.원천데이터/1. RTAL/RT_AL_00_14484799.jpg,data/raw/steel/02.라벨링데이터/1. RTAL/RT_AL_00_14484799.json,True,True,True,RT,AL,3427,943,normal,,1,True
14484809,RT_AL_00_14484809,data/raw/steel/01.원천데이터/1. RTAL/RT_AL_00_14484809.jpg,data/raw/steel/02.라벨링데이터/1. RTAL/RT_AL_00_14484809.json,True,True,True,RT,AL,3391,943,normal,,1,True
14484810,RT_AL_00_14484810,data/raw/steel/01.원천데이터/1. RTAL/RT_AL_00_14484810.jpg,data/raw/steel/02.라벨링데이터/1. RTAL/RT_AL_00_14484810.json,True,True,True,RT,AL,3259,943,normal,,1,True
14484819,RT_AL_00_14484819,data/raw/steel/01.원천데이터/1. RTAL/RT_AL_00_14484819.jpg,data/raw/steel/02.라벨링데이터/1. RTAL/RT_AL_00_14484819.json,True,True,True,RT,AL,3349,943,normal,,1,True
14484823,RT_AL_00_14484823,data/raw/steel/01.원천데이터/1. RTAL/RT_AL_00_14484823.jpg,data/raw/steel/02.라벨링데이터/1. RTAL/RT_AL_00_14484823.json,True,True,True,RT,AL,3389,941,normal,,1,True
14484836,RT_AL_00_14484836,data/raw/steel/01.원천데이터/1. RTAL/RT_AL_00_14484836.jpg,data/raw/steel/02.라벨링데이터/1. RTAL/RT_AL_00_14484836.json,True,True,True,RT,AL,3041,848,normal,,1,True
14484846,RT_AL_00_14484846,data/raw/steel/01.원천데이터/1. RTAL/RT_AL_00_14484846.jpg,data/raw/steel/02.라벨링데이터/1. RTAL/RT_AL_00_14484846.json,True,True,True,RT,AL,3429,942,normal,,1,True
14484882,RT_AL_00_14484882,data/raw/steel/01.원천데이터/1. RTAL/RT_AL_00_14484882.jpg,data/raw/steel/02.라벨링데이터/1. RTAL/RT_AL_00_14484882.json,True,True,True,RT,AL,4000,1272,normal,,1,True
14484892,RT_AL_00_14484892,data/raw/steel/01.원천데이터/1. RTAL/RT_AL_00_14484892.jpg,data/raw/steel/02.라벨링데이터/1. RTAL/RT_AL_00_14484892.json,True,True,True,RT,AL,3374,950,normal,,1,True
14484906,RT_AL_00_14484906,data/raw/steel/01.원천데이터/1. RTAL/RT_AL_00_14484906.jpg,data/raw/steel/02.라벨링데이터/1. RTAL/RT_AL_00_14484906.json,True,True,True,RT,AL,3421,943,normal,,1,True
14484908,RT_AL_00_14484908,data/raw/steel/01.원천데이터/1. RTAL/RT_AL_00_14484908.jpg,data/raw/steel/02.라벨링데이터/1. RTAL/RT_AL_00_14484908.json,True,True,True,RT,AL,3379,943,normal,,1,True
14484923,RT_AL_00_14484923,data/raw/steel/01.원천데이터/1. RTAL/RT_AL_00_14484923.jpg,data/raw/steel/02.라벨링데이터/1. RTAL/RT_AL_00_14484923.json,True,True,True,RT,AL,4000,1204,normal,,1,True
14484937,RT_AL_00_14484937,data/raw/steel/01.원천데이터/1. RTAL/RT_AL_00_14484937.jpg,data/raw/steel/02.라벨링데이터/1. RTAL/RT_AL_00_14484937.json,True,True,True,RT,AL,3361,943,normal,,1,True
14484982,RT_AL_00_14484982,data/raw/steel/01.원천데이터/1. RTAL/RT_AL_00_14484982.jpg,data/raw/steel/02.라벨링데이터/1. RTAL/RT_AL_00_14484982.json,True,True,True,RT,AL,3307,943,normal,,1,True
14484987,RT_AL_00_14484987,data/raw/steel/01.원천데이터/1. RTAL/RT_AL_00_14484987.jpg,data/raw/steel/02.라벨링데이터/1. RTAL/RT_AL_00_14484987.json,True,True,True,RT,AL,3415,943,normal,,1,True
14484998,RT_AL_00_14484998,data/raw/steel/01.원천데이터/1. RTAL/RT_AL_00_14484998.jpg,data/raw/steel/02.라벨링데이터/1. RTAL/RT_AL_00_14484998.json,True,True,True,RT,AL,3378,942,normal,,1,True
14485020,RT_AL_00_14485020,data/raw/steel/01.원천데이터/1. RTAL/RT_AL_00_14485020.jpg,data/raw/steel/02.라벨링데이터/1. RTAL/RT_AL_00_14485020.json,True,True,True,RT,AL,3417,942,normal,,1,True
14485033,RT_AL_00_14485033,data/raw/steel/01.원천데이터/1. RTAL/RT_AL_00_14485033.jpg,data/raw/steel/02.라벨링데이터/1. RTAL/RT_AL_00_14485033.json,True,True,True,RT,AL,3397,943,normal,,1,True
14485044,RT_AL_00_14485044,data/raw/steel/01.원천데이터/1. RTAL/RT_AL_00_14485044.jpg,data/raw/steel/02.라벨링데이터/1. RTAL/RT_AL_00_14485044.json,True,True,True,RT,AL,3451,943,normal,,1,True
14485064,RT_AL_00_14485064,data/raw/steel/01.원천데이터/1. RTAL/RT_AL_00_14485064.jpg,data/raw/steel/02.라벨링데이터/1. RTAL/RT_AL_00_14485064.json,True,True,True,RT,AL,3399,951,normal,,1,True
14485073,RT_AL_00_14485073,data/raw/steel/01.원천데이터/1. RTAL/RT_AL_00_14485073.jpg,data/raw/steel/02.라벨링데이터/1. RTAL/RT_AL_00_14485073.json,True,True,True,RT,AL,3349,943,normal,,1,True
14485083,RT_AL_00_14485083,data/raw/steel/01.원천데이터/1. RTAL/RT_AL_00_14485083.jpg,data/raw/steel/02.라벨링데이터/1. RTAL/RT_AL_00_14485083.json,True,True,True,RT,AL,3348,942,normal,,1,True
14485102,RT_AL_00_14485102,data/raw/steel/01.원천데이터/1. RTAL/RT_AL_00_14485102.jpg,data/raw/steel/02.라벨링데이터/1. RTAL/RT_AL_00_14485102.json,True,True,True,RT,AL,3355,943,normal,,1,True
14485115,RT_AL_00_14485115,data/raw/steel/01.원천데이터/1. RTAL/RT_AL_00_14485115.jpg,data/raw/steel/02.라벨링데이터/1. RTAL/RT_AL_00_14485115.json,True,True,True,RT,AL,2981,837,normal,,1,True
14485151,RT_AL_00_14485151,data/raw/steel/01.원천데이터/1. RTAL/RT_AL_00_14485151.jpg,data/raw/steel/02.라벨링데이터/1. RTAL/RT_AL_00_14485151.json,True,True,True,RT,AL,3331,943,normal,,1,True
14485156,RT_AL_00_14485156,data/raw/steel/01.원천데이터/1. RTAL/RT_AL_00_14485156.jpg,data/raw/steel/02.라벨링데이터/1. RTAL/RT_AL_00_14485156.json,True,True,True,RT,AL,3368,950,normal,,1,True
14485159,RT_AL_00_14485159,data/raw/steel/01.원천데이터/1. RTAL/RT_AL_00_14485159.jpg,data/raw/steel/02.라벨링데이터/1. RTAL/RT_AL_00_14485159.json,True,True,True,RT,AL,3378,951,normal,,1,True
14485167,RT_AL_00_14485167,data/raw/steel/01.원천데이터/1. RTAL/RT_AL_00_14485167.jpg,data/raw/steel/02.라벨링데이터/1. RTAL/RT_AL_00_14485167.json,True,True,True,RT,AL,3367,943,normal,,1,True
14485174,RT_AL_00_14485174,data/raw/steel/01.원천데이터/1. RTAL/RT_AL_00_14485174.jpg,data/raw/steel/02.라벨링데이터/1. RTAL/RT_AL_00_14485174.json,True,True,True,RT,AL,3396,942,normal,,1,True
14485208,RT_AL_00_14485208,data/raw/steel/01.원천데이터/1. RTAL/RT_AL_00_14485208.jpg,data/raw/steel/02.라벨링데이터/1. RTAL/RT_AL_00_14485208.json,True,True,True,RT,AL,3469,943,normal,,1,True
14485216,RT_AL_00_14485216,data/raw/steel/01.원천데이터/1. RTAL/RT_AL_00_14485216.jpg,data/raw/steel/02.라벨링데이터/1. RTAL/RT_AL_00_14485216.json,True,True,True,RT,AL,3379,943,normal,,1,True
14485218,RT_AL_00_14485218,data/raw/steel/01.원천데이터/1. RTAL/RT_AL_00_14485218.jpg,data/raw/steel/02.라벨링데이터/1. RTAL/RT_AL_00_14485218.json,True,True,True,RT,AL,3373,943,normal,,1,True
14485219,RT_AL_00_14485219,data/raw/steel/01.원천데이터/1. RTAL/RT_AL_00_14485219.jpg,data/raw/steel/02.라벨링데이터/1. RTAL/RT_AL_00_14485219.json,True,True,True,RT,AL,3325,943,normal,,1,True
14485220,RT_AL_00_14485220,data/raw/steel/01.원천데이터/1. RTAL/RT_AL_00_14485220.jpg,data/raw/steel/02.라벨링데이터/1. RTAL/RT_AL_00_14485220.json,True,True,True,RT,AL,3355,943,normal,,1,True
14485262,RT_AL_00_14485262,data/raw/steel/01.원천데이터/1. RTAL/RT_AL_00_14485262.jpg,data/raw/steel/02.라벨링데이터/1. RTAL/RT_AL_00_14485262.json,True,True,True,RT,AL,3405,942,normal,,1,True
14485284,RT_AL_00_14485284,data/raw/steel/01.원천데이터/1. RTAL/RT_AL_00_14485284.jpg,data/raw/steel/02.라벨링데이터/1. RTAL/RT_AL_00_14485284.json,True,True,True,RT,AL,3361,943,normal,,1,True
14485294,RT_AL_00_14485294,data/raw/steel/01.원천데이터/1. RTAL/RT_AL_00_14485294.jpg,data/raw/steel/02.라벨링데이터/1. RTAL/RT_AL_00_14485294.json,True,True,True,RT,AL,3469,943,normal,,1,True
14485298,RT_AL_00_14485298,data/raw/steel/01.원천데이터/1. RTAL/RT_AL_00_14485298.jpg,data/raw/steel/02.라벨링데이터/1. RTAL/RT_AL_00_14485298.json,True,True,True,RT,AL,3068,848,normal,,1,True
14485305,RT_AL_00_14485305,data/raw/steel/01.원천데이터/1. RTAL/RT_AL_00_14485305.jpg,data/raw/steel/02.라벨링데이터/1. RTAL/RT_AL_00_14485305.json,True,True,True,RT,AL,3375,942,normal,,1,True
14485306,RT_AL_00_14485306,data/raw/steel/01.원천데이터/1. RTAL/RT_AL_00_14485306.jpg,data/raw/steel/02.라벨링데이터/1. RTAL/RT_AL_00_14485306.json,True,True,True,RT,AL,3398,941,normal,,1,True
14485329,RT_AL_00_14485329,data/raw/steel/01.원천데이터/1. RTAL/RT_AL_00_14485329.jpg,data/raw/steel/02.라벨링데이터/1. RTAL/RT_AL_00_14485329.json,True,True,True,RT,AL,3397,943,normal,,1,True
14485335,RT_AL_00_14485335,data/raw/steel/01.원천데이터/1. RTAL/RT_AL_00_14485335.jpg,data/raw/steel/02.라벨링데이터/1. RTAL/RT_AL_00_14485335.json,True,True,True,RT,AL,3373,943,normal,,1,True
14485337,RT_AL_00_14485337,data/raw/steel/01.원천데이터/1. RTAL/RT_AL_00_14485337.jpg,data/raw/steel/02.라벨링데이터/1. RTAL/RT_AL_00_14485337.json,True,True,True,RT,AL,3397,943,normal,,1,True
14485370,RT_AL_00_14485370,data/raw/steel/01.원천데이터/1. RTAL/RT_AL_00_14485370.jpg,data/raw/steel/02.라벨링데이터/1. RTAL/RT_AL_00_14485370.json,True,True,True,RT,AL,3415,943,normal,,1,True
14485391,RT_AL_00_14485391,data/raw/steel/01.원천데이터/1. RTAL/RT_AL_00_14485391.jpg,data/raw/steel/02.라벨링데이터/1. RTAL/RT_AL_00_14485391.json,True,True,True,RT,AL,3414,942,normal,,1,True
14485402,RT_AL_00_14485402,data/raw/steel/01.원천데이터/1. RTAL/RT_AL_00_14485402.jpg,data/raw/steel/02.라벨링데이터/1. RTAL/RT_AL_00_14485402.json,True,True,True,RT,AL,4000,911,normal,,1,True
14485404,RT_AL_00_14485404,data/raw/steel/01.원천데이터/1. RTAL/RT_AL_00_14485404.jpg,data/raw/steel/02.라벨링데이터/1. RTAL/RT_AL_00_14485404.json,True,True,True,RT,AL,3361,943,normal,,1,True
14485415,RT_AL_00_14485415,data/raw/steel/01.원천데이터/1. RTAL/RT_AL_00_14485415.jpg,data/raw/steel/02.라벨링데이터/1. RTAL/RT_AL_00_14485415.json,True,True,True,RT,AL,2949,848,normal,,1,True
14485428,RT_AL_00_14485428,data/raw/steel/01.원천데이터/1. RTAL/RT_AL_00_14485428.jpg,data/raw/steel/02.라벨링데이터/1. RTAL/RT_AL_00_14485428.json,True,True,True,RT,AL,3404,950,normal,,1,True
14485437,RT_AL_00_14485437,data/raw/steel/01.원천데이터/1. RTAL/RT_AL_00_14485437.jpg,data/raw/steel/02.라벨링데이터/1. RTAL/RT_AL_00_14485437.json,True,True,True,RT,AL,3367,943,normal,,1,True
14485440,RT_AL_00_14485440,data/raw/steel/01.원천데이터/1. RTAL/RT_AL_00_14485440.jpg,data/raw/steel/02.라벨링데이터/1. RTAL/RT_AL_00_14485440.json,True,True,True,RT,AL,3301,943,normal,,1,True
14485442,RT_AL_00_14485442,data/raw/steel/01.원천데이터/1. RTAL/RT_AL_00_14485442.jpg,data/raw/steel/02.라벨링데이터/1. RTAL/RT_AL_00_14485442.json,True,True,True,RT,AL,3415,943,normal,,1,True
14485467,RT_AL_00_14485467,data/raw/steel/01.원천데이터/1. RTAL/RT_AL_00_14485467.jpg,data/raw/steel/02.라벨링데이터/1. RTAL/RT_AL_00_14485467.json,True,True,True,RT,AL,3425,911,normal,,1,True
14485469,RT_AL_00_14485469,data/raw/steel/01.원천데이터/1. RTAL/RT_AL_00_14485469.jpg,data/raw/steel/02.라벨링데이터/1. RTAL/RT_AL_00_14485469.json,True,True,True,RT,AL,3295,943,normal,,1,True
14485471,RT_AL_00_14485471,data/raw/steel/01.원천데이터/1. RTAL/RT_AL_00_14485471.jpg,data/raw/steel/02.라벨링데이터/1. RTAL/RT_AL_00_14485471.json,True,True,True,RT,AL,3535,943,normal,,1,True
14485474,RT_AL_00_14485474,data/raw/steel/01.원천데이터/1. RTAL/RT_AL_00_14485474.jpg,data/raw/steel/02.라벨링데이터/1. RTAL/RT_AL_00_14485474.json,True,True,True,RT,AL,3469,943,normal,,1,True
14485506,RT_AL_00_14485506,data/raw/steel/01.원천데이터/1. RTAL/RT_AL_00_14485506.jpg,data/raw/steel/02.라벨링데이터/1. RTAL/RT_AL_00_14485506.json,True,True,True,RT,AL,3414,951,normal,,1,True
14485510,RT_AL_00_14485510,data/raw/steel/01.원천데이터/1. RTAL/RT_AL_00_14485510.jpg,data/raw/steel/02.라벨링데이터/1. RTAL/RT_AL_00_14485510.json,True,True,True,RT,AL,3337,943,normal,,1,True
14485516,RT_AL_00_14485516,data/raw/steel/01.원천데이터/1. RTAL/RT_AL_00_14485516.jpg,data/raw/steel/02.라벨링데이터/1. RTAL/RT_AL_00_14485516.json,True,True,True,RT,AL,3367,943,normal,,1,True
14485526,RT_AL_00_14485526,data/raw/steel/01.원천데이터/1. RTAL/RT_AL_00_14485526.jpg,data/raw/steel/02.라벨링데이터/1. RTAL/RT_AL_00_14485526.json,True,True,True,RT,AL,3375,942,normal,,1,True
14485533,RT_AL_00_14485533,data/raw/steel/01.원천데이터/1. RTAL/RT_AL_00_14485533.jpg,data/raw/steel/02.라벨링데이터/1. RTAL/RT_AL_00_14485533.json,True,True,True,RT,AL,3375,942,normal,,1,True
14485536,RT_AL_00_14485536,data/raw/steel/01.원천데이터/1. RTAL/RT_AL_00_14485536.jpg,data/raw/steel/02.라벨링데이터/1. RTAL/RT_AL_00_14485536.json,True,True,True,RT,AL,3397,943,normal,,1,True
14485546,RT_AL_00_14485546,data/raw/steel/01.원천데이터/1. RTAL/RT_AL_00_14485546.jpg,data/raw/steel/02.라벨링데이터/1. RTAL/RT_AL_00_14485546.json,True,True,True,RT,AL,3384,942,normal,,1,True
14485579,RT_AL_00_14485579,data/raw/steel/01.원천데이터/1. RTAL/RT_AL_00_14485579.jpg,data/raw/steel/02.라벨링데이터/1. RTAL/RT_AL_00_14485579.json,True,True,True,RT,AL,3351,942,normal,,1,True
14485595,RT_AL_00_14485595,data/raw/steel/01.원천데이터/1. RTAL/RT_AL_00_14485595.jpg,data/raw/steel/02.라벨링데이터/1. RTAL/RT_AL_00_14485595.json,True,True,True,RT,AL,3373,943,normal,,1,True
14485606,RT_AL_00_14485606,data/raw/steel/01.원천데이터/1. RTAL/RT_AL_00_14485606.jpg,data/raw/steel/02.라벨링데이터/1. RTAL/RT_AL_00_14485606.json,True,True,True,RT,AL,3475,943,normal,,1,True
14485613,RT_AL_00_14485613,data/raw/steel/01.원천데이터/1. RTAL/RT_AL_00_14485613.jpg,data/raw/steel/02.라벨링데이터/1. RTAL/RT_AL_00_14485613.json,True,True,True,RT,AL,3475,943,normal,,1,True
14485617,RT_AL_00_14485617,data/raw/steel/01.원천데이터/1. RTAL/RT_AL_00_14485617.jpg,data/raw/steel/02.라벨링데이터/1. RTAL/RT_AL_00_14485617.json,True,True,True,RT,AL,3337,943,normal,,1,True
14485618,RT_AL_00_14485618,data/raw/steel/01.원천데이터/1. RTAL/RT_AL_00_14485618.jpg,data/raw/steel/02.라벨링데이터/1. RTAL/RT_AL_00_14485618.json,True,True,True,RT,AL,3387,951,normal,,1,True
14485631,RT_AL_00_14485631,data/raw/steel/01.원천데이터/1. RTAL/RT_AL_00_14485631.jpg,data/raw/steel/02.라벨링데이터/1. RTAL/RT_AL_00_14485631.json,True,True,True,RT,AL,3463,943,normal,,1,True
14485640,RT_AL_00_14485640,data/raw/steel/01.원천데이터/1. RTAL/RT_AL_00_14485640.jpg,data/raw/steel/02.라벨링데이터/1. RTAL/RT_AL_00_14485640.json,True,True,True,RT,AL,3369,942,normal,,1,True
14485644,RT_AL_00_14485644,data/raw/steel/01.원천데이터/1. RTAL/RT_AL_00_14485644.jpg,data/raw/steel/02.라벨링데이터/1. RTAL/RT_AL_00_14485644.json,True,True,True,RT,AL,3475,943,normal,,1,True
14485654,RT_AL_00_14485654,data/raw/steel/01.원천데이터/1. RTAL/RT_AL_00_14485654.jpg,data/raw/steel/02.라벨링데이터/1. RTAL/RT_AL_00_14485654.json,True,True,True,RT,AL,3361,943,normal,,1,True
14485670,RT_AL_00_14485670,data/raw/steel/01.원천데이터/1. RTAL/RT_AL_00_14485670.jpg,data/raw/steel/02.라벨링데이터/1. RTAL/RT_AL_00_14485670.json,True,True,True,RT,AL,3487,943,normal,,1,True
14485678,RT_AL_00_14485678,data/raw/steel/01.원천데이터/1. RTAL/RT_AL_00_14485678.jpg,data/raw/steel/02.라벨링데이터/1. RTAL/RT_AL_00_14485678.json,True,True,True,RT,AL,3372,951,normal,,1,True
14485681,RT_AL_00_14485681,data/raw/steel/01.원천데이터/1. RTAL/RT_AL_00_14485681.jpg,data/raw/steel/02.라벨링데이터/1. RTAL/RT_AL_00_14485681.json,True,True,True,RT,AL,3451,931,normal,,1,True
14485682,RT_AL_00_14485682,data/raw/steel/01.원천데이터/1. RTAL/RT_AL_00_14485682.jpg,data/raw/steel/02.라벨링데이터/1. RTAL/RT_AL_00_14485682.json,True,True,True,RT,AL,3393,951,normal,,1,True
14485684,RT_AL_00_14485684,data/raw/steel/01.원천데이터/1. RTAL/RT_AL_00_14485684.jpg,data/raw/steel/02.라벨링데이터/1. RTAL/RT_AL_00_14485684.json,True,True,True,RT,AL,3396,951,normal,,1,True
14485702,RT_AL_00_14485702,data/raw/steel/01.원천데이터/1. RTAL/RT_AL_00_14485702.jpg,data/raw/steel/02.라벨링데이터/1. RTAL/RT_AL_00_14485702.json,True,True,True,RT,AL,4000,1272,normal,,1,True
14485703,RT_AL_00_14485703,data/raw/steel/01.원천데이터/1. RTAL/RT_AL_00_14485703.jpg,data/raw/steel/02.라벨링데이터/1. RTAL/RT_AL_00_14485703.json,True,True,True,RT,AL,3375,951,normal,,1,True
14485704,RT_AL_00_14485704,data/raw/steel/01.원천데이터/1. RTAL/RT_AL_00_14485704.jpg,data/raw/steel/02.라벨링데이터/1. RTAL/RT_AL_00_14485704.json,True,True,True,RT,AL,4000,1272,normal,,1,True
14485712,RT_AL_00_14485712,data/raw/steel/01.원천데이터/1. RTAL/RT_AL_00_14485712.jpg,data/raw/steel/02.라벨링데이터/1. RTAL/RT_AL_00_14485712.json,True,True,True,RT,AL,3427,943,normal,,1,True
14485716,RT_AL_00_14485716,data/raw/steel/01.원천데이터/1. RTAL/RT_AL_00_14485716.jpg,data/raw/steel/02.라벨링데이터/1. RTAL/RT_AL_00_14485716.json,True,True,True,RT,AL,3369,942,normal,,1,True
14485718,RT_AL_00_14485718,data/raw/steel/01.원천데이터/1. RTAL/RT_AL_00_14485718.jpg,data/raw/steel/02.라벨링데이터/1. RTAL/RT_AL_00_14485718.json,True,True,True,RT,AL,3390,951,normal,,1,True
14487435,RT_AL_01_14487435,data/raw/steel/01.원천데이터/1. RTAL/RT_AL_01_14487435.jpg,data/raw/steel/02.라벨링데이터/1. RTAL/RT_AL_01_14487435.json,True,True,True,RT,AL,1280,720,defect,crack,2,True
14487442,RT_AL_01_14487442,data/raw/steel/01.원천데이터/1. RTAL/RT_AL_01_14487442.jpg,data/raw/steel/02.라벨링데이터/1. RTAL/RT_AL_01_14487442.json,True,True,True,RT,AL,1280,720,defect,crack,2,True
14487446,RT_AL_01_14487446,data/raw/steel/01.원천데이터/1. RTAL/RT_AL_01_14487446.jpg,data/raw/steel/02.라벨링데이터/1. RTAL/RT_AL_01_14487446.json,True,True,True,RT,AL,1280,720,defect,crack,2,True
14487447,RT_AL_01_14487447,data/raw/steel/01.원천데이터/1. RTAL/RT_AL_01_14487447.jpg,data/raw/steel/02.라벨링데이터/1. RTAL/RT_AL_01_14487447.json,True,True,True,RT,AL,1280,720,defect,crack,1,True
14487454,RT_AL_01_14487454,data/raw/steel/01.원천데이터/1. RTAL/RT_AL_01_14487454.jpg,data/raw/steel/02.라벨링데이터/1. RTAL/RT_AL_01_14487454.json,True,True,True,RT,AL,1280,720,defect,crack,1,True
14487460,RT_AL_01_14487460,data/raw/steel/01.원천데이터/1. RTAL/RT_AL_01_14487460.jpg,data/raw/steel/02.라벨링데이터/1. RTAL/RT_AL_01_14487460.json,True,True,True,RT,AL,1280,720,defect,crack,2,True
14487464,RT_AL_01_14487464,data/raw/steel/01.원천데이터/1. RTAL/RT_AL_01_14487464.jpg,data/raw/steel/02.라벨링데이터/1. RTAL/RT_AL_01_14487464.json,True,True,True,RT,AL,1280,720,defect,crack,3,True
14487471,RT_AL_01_14487471,data/raw/steel/01.원천데이터/1. RTAL/RT_AL_01_14487471.jpg,data/raw/steel/02.라벨링데이터/1. RTAL/RT_AL_01_14487471.json,True,True,True,RT,AL,1280,720,defect,crack,1,True
14487492,RT_AL_01_14487492,data/raw/steel/01.원천데이터/1. RTAL/RT_AL_01_14487492.jpg,data/raw/steel/02.라벨링데이터/1. RTAL/RT_AL_01_14487492.json,True,True,True,RT,AL,1280,720,defect,crack,1,True
14487496,RT_AL_01_14487496,data/raw/steel/01.원천데이터/1. RTAL/RT_AL_01_14487496.jpg,data/raw/steel/02.라벨링데이터/1. RTAL/RT_AL_01_14487496.json,True,True,True,RT,AL,1280,720,defect,crack,2,True
14487524,RT_AL_01_14487524,data/raw/steel/01.원천데이터/1. RTAL/RT_AL_01_14487524.jpg,data/raw/steel/02.라벨링데이터/1. RTAL/RT_AL_01_14487524.json,True,True,True,RT,AL,1280,720,defect,crack,2,True
14487526,RT_AL_01_14487526,data/raw/steel/01.원천데이터/1. RTAL/RT_AL_01_14487526.jpg,data/raw/steel/02.라벨링데이터/1. RTAL/RT_AL_01_14487526.json,True,True,True,RT,AL,1280,720,defect,crack,2,True
14487528,RT_AL_01_14487528,data/raw/steel/01.원천데이터/1. RTAL/RT_AL_01_14487528.jpg,data/raw/steel/02.라벨링데이터/1. RTAL/RT_AL_01_14487528.json,True,True,True,RT,AL,1280,720,defect,crack,1,True
14487531,RT_AL_01_14487531,data/raw/steel/01.원천데이터/1. RTAL/RT_AL_01_14487531.jpg,data/raw/steel/02.라벨링데이터/1. RTAL/RT_AL_01_14487531.json,True,True,True,RT,AL,1280,720,defect,crack,2,True
14487533,RT_AL_01_14487533,data/raw/steel/01.원천데이터/1. RTAL/RT_AL_01_14487533.jpg,data/raw/steel/02.라벨링데이터/1. RTAL/RT_AL_01_14487533.json,True,True,True,RT,AL,1280,720,defect,crack,2,True
14487552,RT_AL_01_14487552,data/raw/steel/01.원천데이터/1. RTAL/RT_AL_01_14487552.jpg,data/raw/steel/02.라벨링데이터/1. RTAL/RT_AL_01_14487552.json,True,True,True,RT,AL,1280,720,defect,crack,2,True
14487553,RT_AL_01_14487553,data/raw/steel/01.원천데이터/1. RTAL/RT_AL_01_14487553.jpg,data/raw/steel/02.라벨링데이터/1. RTAL/RT_AL_01_14487553.json,True,True,True,RT,AL,1280,720,defect,crack,2,True
14487563,RT_AL_01_14487563,data/raw/steel/01.원천데이터/1. RTAL/RT_AL_01_14487563.jpg,data/raw/steel/02.라벨링데이터/1. RTAL/RT_AL_01_14487563.json,True,True,True,RT,AL,1280,720,defect,crack,2,True
14487565,RT_AL_01_14487565,data/raw/steel/01.원천데이터/1. RTAL/RT_AL_01_14487565.jpg,data/raw/steel/02.라벨링데이터/1. RTAL/RT_AL_01_14487565.json,True,True,True,RT,AL,1280,720,defect,crack,2,True
14487571,RT_AL_01_14487571,data/raw/steel/01.원천데이터/1. RTAL/RT_AL_01_14487571.jpg,data/raw/steel/02.라벨링데이터/1. RTAL/RT_AL_01_14487571.json,True,True,True,RT,AL,1280,720,defect,crack,2,True
14487572,RT_AL_01_14487572,data/raw/steel/01.원천데이터/1. RTAL/RT_AL_01_14487572.jpg,data/raw/steel/02.라벨링데이터/1. RTAL/RT_AL_01_14487572.json,True,True,True,RT,AL,1280,720,defect,crack,2,True
14487590,RT_AL_01_14487590,data/raw/steel/01.원천데이터/1. RTAL/RT_AL_01_14487590.jpg,data/raw/steel/02.라벨링데이터/1. RTAL/RT_AL_01_14487590.json,True,True,True,RT,AL,1280,720,defect,crack,1,True
14487598,RT_AL_01_14487598,data/raw/steel/01.원천데이터/1. RTAL/RT_AL_01_14487598.jpg,data/raw/steel/02.라벨링데이터/1. RTAL/RT_AL_01_14487598.json,True,True,True,RT,AL,1280,720,defect,crack,1,True
14487600,RT_AL_01_14487600,data/raw/steel/01.원천데이터/1. RTAL/RT_AL_01_14487600.jpg,data/raw/steel/02.라벨링데이터/1. RTAL/RT_AL_01_14487600.json,True,True,True,RT,AL,1280,720,defect,crack,2,True
14487603,RT_AL_01_14487603,data/raw/steel/01.원천데이터/1. RTAL/RT_AL_01_14487603.jpg,data/raw/steel/02.라벨링데이터/1. RTAL/RT_AL_01_14487603.json,True,True,True,RT,AL,1280,720,defect,crack,2,True
14487608,RT_AL_01_14487608,data/raw/steel/01.원천데이터/1. RTAL/RT_AL_01_14487608.jpg,data/raw/steel/02.라벨링데이터/1. RTAL/RT_AL_01_14487608.json,True,True,True,RT,AL,1280,720,defect,crack,1,True
14487610,RT_AL_01_14487610,data/raw/steel/01.원천데이터/1. RTAL/RT_AL_01_14487610.jpg,data/raw/steel/02.라벨링데이터/1. RTAL/RT_AL_01_14487610.json,True,True,True,RT,AL,1280,720,defect,crack,1,True
14487612,RT_AL_01_14487612,data/raw/steel/01.원천데이터/1. RTAL/RT_AL_01_14487612.jpg,data/raw/steel/02.라벨링데이터/1. RTAL/RT_AL_01_14487612.json,True,True,True,RT,AL,1280,720,defect,crack,2,True
14487619,RT_AL_01_14487619,data/raw/steel/01.원천데이터/1. RTAL/RT_AL_01_14487619.jpg,data/raw/steel/02.라벨링데이터/1. RTAL/RT_AL_01_14487619.json,True,True,True,RT,AL,1280,720,defect,crack,4,True
14487631,RT_AL_01_14487631,data/raw/steel/01.원천데이터/1. RTAL/RT_AL_01_14487631.jpg,data/raw/steel/02.라벨링데이터/1. RTAL/RT_AL_01_14487631.json,True,True,True,RT,AL,1280,720,defect,crack,1,True
14487633,RT_AL_01_14487633,data/raw/steel/01.원천데이터/1. RTAL/RT_AL_01_14487633.jpg,data/raw/steel/02.라벨링데이터/1. RTAL/RT_AL_01_14487633.json,True,True,True,RT,AL,1280,720,defect,crack,6,True
14487650,RT_AL_01_14487650,data/raw/steel/01.원천데이터/1. RTAL/RT_AL_01_14487650.jpg,data/raw/steel/02.라벨링데이터/1. RTAL/RT_AL_01_14487650.json,True,True,True,RT,AL,1280,720,defect,crack,2,True
14487666,RT_AL_01_14487666,data/raw/steel/01.원천데이터/1. RTAL/RT_AL_01_14487666.jpg,data/raw/steel/02.라벨링데이터/1. RTAL/RT_AL_01_14487666.json,True,True,True,RT,AL,1280,720,defect,crack,1,True
14487680,RT_AL_01_14487680,data/raw/steel/01.원천데이터/1. RTAL/RT_AL_01_14487680.jpg,data/raw/steel/02.라벨링데이터/1. RTAL/RT_AL_01_14487680.json,True,True,True,RT,AL,1280,720,defect,crack,3,True
14487734,RT_AL_01_14487734,data/raw/steel/01.원천데이터/1. RTAL/RT_AL_01_14487734.jpg,data/raw/steel/02.라벨링데이터/1. RTAL/RT_AL_01_14487734.json,True,True,True,RT,AL,1280,720,defect,crack,2,True
14487735,RT_AL_01_14487735,data/raw/steel/01.원천데이터/1. RTAL/RT_AL_01_14487735.jpg,data/raw/steel/02.라벨링데이터/1. RTAL/RT_AL_01_14487735.json,True,True,True,RT,AL,1280,720,defect,crack,1,True
14487736,RT_AL_01_14487736,data/raw/steel/01.원천데이터/1. RTAL/RT_AL_01_14487736.jpg,data/raw/steel/02.라벨링데이터/1. RTAL/RT_AL_01_14487736.json,True,True,True,RT,AL,1280,720,defect,crack,3,True
14487743,RT_AL_01_14487743,data/raw/steel/01.원천데이터/1. RTAL/RT_AL_01_14487743.jpg,data/raw/steel/02.라벨링데이터/1. RTAL/RT_AL_01_14487743.json,True,True,True,RT,AL,1280,720,defect,crack,2,True
14483871,RT_AL_02_14483871,data/raw/steel/01.원천데이터/1. RTAL/RT_AL_02_14483871.jpg,data/raw/steel/02.라벨링데이터/1. RTAL/RT_AL_02_14483871.json,True,True,True,RT,AL,3451,943,defect,porosity,1,True
14487762,RT_AL_02_14487762,data/raw/steel/01.원천데이터/1. RTAL/RT_AL_02_14487762.jpg,data/raw/steel/02.라벨링데이터/1. RTAL/RT_AL_02_14487762.json,True,True,True,RT,AL,1280,720,defect,porosity,1,True
14487769,RT_AL_02_14487769,data/raw/steel/01.원천데이터/1. RTAL/RT_AL_02_14487769.jpg,data/raw/steel/02.라벨링데이터/1. RTAL/RT_AL_02_14487769.json,True,True,True,RT,AL,1280,720,defect,porosity,1,True
14487771,RT_AL_02_14487771,data/raw/steel/01.원천데이터/1. RTAL/RT_AL_02_14487771.jpg,data/raw/steel/02.라벨링데이터/1. RTAL/RT_AL_02_14487771.json,True,True,True,RT,AL,1280,720,defect,porosity,5,True
14487779,RT_AL_02_14487779,data/raw/steel/01.원천데이터/1. RTAL/RT_AL_02_14487779.jpg,data/raw/steel/02.라벨링데이터/1. RTAL/RT_AL_02_14487779.json,True,True,True,RT,AL,1280,720,defect,porosity,3,True
14487790,RT_AL_02_14487790,data/raw/steel/01.원천데이터/1. RTAL/RT_AL_02_14487790.jpg,data/raw/steel/02.라벨링데이터/1. RTAL/RT_AL_02_14487790.json,True,True,True,RT,AL,1280,720,defect,porosity,3,True
14487794,RT_AL_02_14487794,data/raw/steel/01.원천데이터/1. RTAL/RT_AL_02_14487794.jpg,data/raw/steel/02.라벨링데이터/1. RTAL/RT_AL_02_14487794.json,True,True,True,RT,AL,1280,720,defect,porosity,1,True
14487800,RT_AL_02_14487800,data/raw/steel/01.원천데이터/1. RTAL/RT_AL_02_14487800.jpg,data/raw/steel/02.라벨링데이터/1. RTAL/RT_AL_02_14487800.json,True,True,True,RT,AL,1280,720,defect,porosity,3,True
14487811,RT_AL_02_14487811,data/raw/steel/01.원천데이터/1. RTAL/RT_AL_02_14487811.jpg,data/raw/steel/02.라벨링데이터/1. RTAL/RT_AL_02_14487811.json,True,True,True,RT,AL,1280,720,defect,porosity,2,True
14487812,RT_AL_02_14487812,data/raw/steel/01.원천데이터/1. RTAL/RT_AL_02_14487812.jpg,data/raw/steel/02.라벨링데이터/1. RTAL/RT_AL_02_14487812.json,True,True,True,RT,AL,1280,720,defect,porosity,1,True
14487814,RT_AL_02_14487814,data/raw/steel/01.원천데이터/1. RTAL/RT_AL_02_14487814.jpg,data/raw/steel/02.라벨링데이터/1. RTAL/RT_AL_02_14487814.json,True,True,True,RT,AL,1280,720,defect,porosity,1,True
14487815,RT_AL_02_14487815,data/raw/steel/01.원천데이터/1. RTAL/RT_AL_02_14487815.jpg,data/raw/steel/02.라벨링데이터/1. RTAL/RT_AL_02_14487815.json,True,True,True,RT,AL,1280,720,defect,porosity,12,True
14487821,RT_AL_02_14487821,data/raw/steel/01.원천데이터/1. RTAL/RT_AL_02_14487821.jpg,data/raw/steel/02.라벨링데이터/1. RTAL/RT_AL_02_14487821.json,True,True,True,RT,AL,1280,720,defect,porosity,1,True
14487822,RT_AL_02_14487822,data/raw/steel/01.원천데이터/1. RTAL/RT_AL_02_14487822.jpg,data/raw/steel/02.라벨링데이터/1. RTAL/RT_AL_02_14487822.json,True,True,True,RT,AL,1280,720,defect,porosity,2,True
14487829,RT_AL_02_14487829,data/raw/steel/01.원천데이터/1. RTAL/RT_AL_02_14487829.jpg,data/raw/steel/02.라벨링데이터/1. RTAL/RT_AL_02_14487829.json,True,True,True,RT,AL,1280,720,defect,porosity,3,True
14487845,RT_AL_02_14487845,data/raw/steel/01.원천데이터/1. RTAL/RT_AL_02_14487845.jpg,data/raw/steel/02.라벨링데이터/1. RTAL/RT_AL_02_14487845.json,True,True,True,RT,AL,1280,720,defect,porosity,2,True
14487873,RT_AL_02_14487873,data/raw/steel/01.원천데이터/1. RTAL/RT_AL_02_14487873.jpg,data/raw/steel/02.라벨링데이터/1. RTAL/RT_AL_02_14487873.json,True,True,True,RT,AL,1280,720,defect,porosity,1,True
14487891,RT_AL_02_14487891,data/raw/steel/01.원천데이터/1. RTAL/RT_AL_02_14487891.jpg,data/raw/steel/02.라벨링데이터/1. RTAL/RT_AL_02_14487891.json,True,True,True,RT,AL,1280,720,defect,porosity,4,True
14487914,RT_AL_02_14487914,data/raw/steel/01.원천데이터/1. RTAL/RT_AL_02_14487914.jpg,data/raw/steel/02.라벨링데이터/1. RTAL/RT_AL_02_14487914.json,True,True,True,RT,AL,1280,720,defect,porosity,2,True
14487926,RT_AL_02_14487926,data/raw/steel/01.원천데이터/1. RTAL/RT_AL_02_14487926.jpg,data/raw/steel/02.라벨링데이터/1. RTAL/RT_AL_02_14487926.json,True,True,True,RT,AL,1280,720,defect,porosity,2,True
14487927,RT_AL_02_14487927,data/raw/steel/01.원천데이터/1. RTAL/RT_AL_02_14487927.jpg,data/raw/steel/02.라벨링데이터/1. RTAL/RT_AL_02_14487927.json,True,True,True,RT,AL,1280,720,defect,porosity,1,True
14487941,RT_AL_02_14487941,data/raw/steel/01.원천데이터/1. RTAL/RT_AL_02_14487941.jpg,data/raw/steel/02.라벨링데이터/1. RTAL/RT_AL_02_14487941.json,True,True,True,RT,AL,1280,720,defect,porosity,2,True
14487996,RT_AL_02_14487996,data/raw/steel/01.원천데이터/1. RTAL/RT_AL_02_14487996.jpg,data/raw/steel/02.라벨링데이터/1. RTAL/RT_AL_02_14487996.json,True,True,True,RT,AL,1280,720,defect,porosity,1,True
14488001,RT_AL_02_14488001,data/raw/steel/01.원천데이터/1. RTAL/RT_AL_02_14488001.jpg,data/raw/steel/02.라벨링데이터/1. RTAL/RT_AL_02_14488001.json,True,True,True,RT,AL,1280,720,defect,porosity,1,True
14488006,RT_AL_02_14488006,data/raw/steel/01.원천데이터/1. RTAL/RT_AL_02_14488006.jpg,data/raw/steel/02.라벨링데이터/1. RTAL/RT_AL_02_14488006.json,True,True,True,RT,AL,1280,720,defect,porosity,3,True
14488009,RT_AL_02_14488009,data/raw/steel/01.원천데이터/1. RTAL/RT_AL_02_14488009.jpg,data/raw/steel/02.라벨링데이터/1. RTAL/RT_AL_02_14488009.json,True,True,True,RT,AL,1280,720,defect,porosity,1,True
14488012,RT_AL_02_14488012,data/raw/steel/01.원천데이터/1. RTAL/RT_AL_02_14488012.jpg,data/raw/steel/02.라벨링데이터/1. RTAL/RT_AL_02_14488012.json,True,True,True,RT,AL,1280,720,defect,porosity,3,True
14488023,RT_AL_02_14488023,data/raw/steel/01.원천데이터/1. RTAL/RT_AL_02_14488023.jpg,data/raw/steel/02.라벨링데이터/1. RTAL/RT_AL_02_14488023.json,True,True,True,RT,AL,1280,720,defect,porosity,2,True
14488032,RT_AL_02_14488032,data/raw/steel/01.원천데이터/1. RTAL/RT_AL_02_14488032.jpg,data/raw/steel/02.라벨링데이터/1. RTAL/RT_AL_02_14488032.json,True,True,True,RT,AL,1280,720,defect,porosity,3,True
14488033,RT_AL_02_14488033,data/raw/steel/01.원천데이터/1. RTAL/RT_AL_02_14488033.jpg,data/raw/steel/02.라벨링데이터/1. RTAL/RT_AL_02_14488033.json,True,True,True,RT,AL,1280,720,defect,porosity,3,True
14488036,RT_AL_02_14488036,data/raw/steel/01.원천데이터/1. RTAL/RT_AL_02_14488036.jpg,data/raw/steel/02.라벨링데이터/1. RTAL/RT_AL_02_14488036.json,True,True,True,RT,AL,1280,720,defect,porosity,1,True
14488048,RT_AL_02_14488048,data/raw/steel/01.원천데이터/1. RTAL/RT_AL_02_14488048.jpg,data/raw/steel/02.라벨링데이터/1. RTAL/RT_AL_02_14488048.json,True,True,True,RT,AL,1280,720,defect,porosity,10,True
14488062,RT_AL_02_14488062,data/raw/steel/01.원천데이터/1. RTAL/RT_AL_02_14488062.jpg,data/raw/steel/02.라벨링데이터/1. RTAL/RT_AL_02_14488062.json,True,True,True,RT,AL,1280,720,defect,porosity,4,True
14488068,RT_AL_02_14488068,data/raw/steel/01.원천데이터/1. RTAL/RT_AL_02_14488068.jpg,data/raw/steel/02.라벨링데이터/1. RTAL/RT_AL_02_14488068.json,True,True,True,RT,AL,1280,720,defect,porosity,4,True
14488069,RT_AL_02_14488069,data/raw/steel/01.원천데이터/1. RTAL/RT_AL_02_14488069.jpg,data/raw/steel/02.라벨링데이터/1. RTAL/RT_AL_02_14488069.json,True,True,True,RT,AL,1280,720,defect,porosity,2,True
14488080,RT_AL_02_14488080,data/raw/steel/01.원천데이터/1. RTAL/RT_AL_02_14488080.jpg,data/raw/steel/02.라벨링데이터/1. RTAL/RT_AL_02_14488080.json,True,True,True,RT,AL,1280,720,defect,porosity,1,True
14488091,RT_AL_02_14488091,data/raw/steel/01.원천데이터/1. RTAL/RT_AL_02_14488091.jpg,data/raw/steel/02.라벨링데이터/1. RTAL/RT_AL_02_14488091.json,True,True,True,RT,AL,1280,720,defect,porosity,1,True
14488097,RT_AL_02_14488097,data/raw/steel/01.원천데이터/1. RTAL/RT_AL_02_14488097.jpg,data/raw/steel/02.라벨링데이터/1. RTAL/RT_AL_02_14488097.json,True,True,True,RT,AL,1280,720,defect,porosity,1,True
14488112,RT_AL_02_14488112,data/raw/steel/01.원천데이터/1. RTAL/RT_AL_02_14488112.jpg,data/raw/steel/02.라벨링데이터/1. RTAL/RT_AL_02_14488112.json,True,True,True,RT,AL,1280,720,defect,porosity,1,True
14488136,RT_AL_02_14488136,data/raw/steel/01.원천데이터/1. RTAL/RT_AL_02_14488136.jpg,data/raw/steel/02.라벨링데이터/1. RTAL/RT_AL_02_14488136.json,True,True,True,RT,AL,1280,720,defect,porosity,1,True
14488155,RT_AL_02_14488155,data/raw/steel/01.원천데이터/1. RTAL/RT_AL_02_14488155.jpg,data/raw/steel/02.라벨링데이터/1. RTAL/RT_AL_02_14488155.json,True,True,True,RT,AL,1280,720,defect,porosity,2,True
14488176,RT_AL_02_14488176,data/raw/steel/01.원천데이터/1. RTAL/RT_AL_02_14488176.jpg,data/raw/steel/02.라벨링데이터/1. RTAL/RT_AL_02_14488176.json,True,True,True,RT,AL,1280,720,defect,porosity,1,True
14488184,RT_AL_02_14488184,data/raw/steel/01.원천데이터/1. RTAL/RT_AL_02_14488184.jpg,data/raw/steel/02.라벨링데이터/1. RTAL/RT_AL_02_14488184.json,True,True,True,RT,AL,1280,720,defect,porosity,2,True
14488185,RT_AL_02_14488185,data/raw/steel/01.원천데이터/1. RTAL/RT_AL_02_14488185.jpg,data/raw/steel/02.라벨링데이터/1. RTAL/RT_AL_02_14488185.json,True,True,True,RT,AL,1280,720,defect,lack of fusion;porosity,4,True
14488193,RT_AL_02_14488193,data/raw/steel/01.원천데이터/1. RTAL/RT_AL_02_14488193.jpg,data/raw/steel/02.라벨링데이터/1. RTAL/RT_AL_02_14488193.json,True,True,True,RT,AL,1280,720,defect,porosity,2,True
14488198,RT_AL_02_14488198,data/raw/steel/01.원천데이터/1. RTAL/RT_AL_02_14488198.jpg,data/raw/steel/02.라벨링데이터/1. RTAL/RT_AL_02_14488198.json,True,True,True,RT,AL,1280,720,defect,porosity,1,True
14488212,RT_AL_02_14488212,data/raw/steel/01.원천데이터/1. RTAL/RT_AL_02_14488212.jpg,data/raw/steel/02.라벨링데이터/1. RTAL/RT_AL_02_14488212.json,True,True,True,RT,AL,1280,720,defect,porosity,1,True
14488218,RT_AL_02_14488218,data/raw/steel/01.원천데이터/1. RTAL/RT_AL_02_14488218.jpg,data/raw/steel/02.라벨링데이터/1. RTAL/RT_AL_02_14488218.json,True,True,True,RT,AL,1280,720,defect,porosity,8,True
14488222,RT_AL_02_14488222,data/raw/steel/01.원천데이터/1. RTAL/RT_AL_02_14488222.jpg,data/raw/steel/02.라벨링데이터/1. RTAL/RT_AL_02_14488222.json,True,True,True,RT,AL,1280,720,defect,porosity,2,True
14488270,RT_AL_02_14488270,data/raw/steel/01.원천데이터/1. RTAL/RT_AL_02_14488270.jpg,data/raw/steel/02.라벨링데이터/1. RTAL/RT_AL_02_14488270.json,True,True,True,RT,AL,1280,720,defect,porosity,2,True
14488272,RT_AL_02_14488272,data/raw/steel/01.원천데이터/1. RTAL/RT_AL_02_14488272.jpg,data/raw/steel/02.라벨링데이터/1. RTAL/RT_AL_02_14488272.json,True,True,True,RT,AL,1280,720,defect,porosity,11,True
14488285,RT_AL_02_14488285,data/raw/steel/01.원천데이터/1. RTAL/RT_AL_02_14488285.jpg,data/raw/steel/02.라벨링데이터/1. RTAL/RT_AL_02_14488285.json,True,True,True,RT,AL,1280,720,defect,porosity,1,True
14488306,RT_AL_02_14488306,data/raw/steel/01.원천데이터/1. RTAL/RT_AL_02_14488306.jpg,data/raw/steel/02.라벨링데이터/1. RTAL/RT_AL_02_14488306.json,True,True,True,RT,AL,1280,720,defect,porosity,1,True
14488324,RT_AL_02_14488324,data/raw/steel/01.원천데이터/1. RTAL/RT_AL_02_14488324.jpg,data/raw/steel/02.라벨링데이터/1. RTAL/RT_AL_02_14488324.json,True,True,True,RT,AL,1280,720,defect,porosity,1,True
14488328,RT_AL_02_14488328,data/raw/steel/01.원천데이터/1. RTAL/RT_AL_02_14488328.jpg,data/raw/steel/02.라벨링데이터/1. RTAL/RT_AL_02_14488328.json,True,True,True,RT,AL,1280,720,defect,porosity,2,True
14488343,RT_AL_02_14488343,data/raw/steel/01.원천데이터/1. RTAL/RT_AL_02_14488343.jpg,data/raw/steel/02.라벨링데이터/1. RTAL/RT_AL_02_14488343.json,True,True,True,RT,AL,1280,720,defect,porosity,1,True
14488368,RT_AL_02_14488368,data/raw/steel/01.원천데이터/1. RTAL/RT_AL_02_14488368.jpg,data/raw/steel/02.라벨링데이터/1. RTAL/RT_AL_02_14488368.json,True,True,True,RT,AL,1280,720,defect,porosity,7,True
14488379,RT_AL_02_14488379,data/raw/steel/01.원천데이터/1. RTAL/RT_AL_02_14488379.jpg,data/raw/steel/02.라벨링데이터/1. RTAL/RT_AL_02_14488379.json,True,True,True,RT,AL,1280,720,defect,porosity,3,True
14488384,RT_AL_02_14488384,data/raw/steel/01.원천데이터/1. RTAL/RT_AL_02_14488384.jpg,data/raw/steel/02.라벨링데이터/1. RTAL/RT_AL_02_14488384.json,True,True,True,RT,AL,1280,720,defect,porosity,3,True
14488402,RT_AL_02_14488402,data/raw/steel/01.원천데이터/1. RTAL/RT_AL_02_14488402.jpg,data/raw/steel/02.라벨링데이터/1. RTAL/RT_AL_02_14488402.json,True,True,True,RT,AL,1280,720,defect,porosity,1,True
14488422,RT_AL_02_14488422,data/raw/steel/01.원천데이터/1. RTAL/RT_AL_02_14488422.jpg,data/raw/steel/02.라벨링데이터/1. RTAL/RT_AL_02_14488422.json,True,True,True,RT,AL,1280,720,defect,porosity,3,True
14488432,RT_AL_02_14488432,data/raw/steel/01.원천데이터/1. RTAL/RT_AL_02_14488432.jpg,data/raw/steel/02.라벨링데이터/1. RTAL/RT_AL_02_14488432.json,True,True,True,RT,AL,1280,720,defect,porosity,2,True
14488461,RT_AL_02_14488461,data/raw/steel/01.원천데이터/1. RTAL/RT_AL_02_14488461.jpg,data/raw/steel/02.라벨링데이터/1. RTAL/RT_AL_02_14488461.json,True,True,True,RT,AL,1280,720,defect,porosity,1,True
14488466,RT_AL_02_14488466,data/raw/steel/01.원천데이터/1. RTAL/RT_AL_02_14488466.jpg,data/raw/steel/02.라벨링데이터/1. RTAL/RT_AL_02_14488466.json,True,True,True,RT,AL,1280,720,defect,porosity,1,True
14488480,RT_AL_02_14488480,data/raw/steel/01.원천데이터/1. RTAL/RT_AL_02_14488480.jpg,data/raw/steel/02.라벨링데이터/1. RTAL/RT_AL_02_14488480.json,True,True,True,RT,AL,1280,720,defect,porosity,1,True
14488486,RT_AL_02_14488486,data/raw/steel/01.원천데이터/1. RTAL/RT_AL_02_14488486.jpg,data/raw/steel/02.라벨링데이터/1. RTAL/RT_AL_02_14488486.json,True,True,True,RT,AL,1280,720,defect,porosity,2,True
14488488,RT_AL_02_14488488,data/raw/steel/01.원천데이터/1. RTAL/RT_AL_02_14488488.jpg,data/raw/steel/02.라벨링데이터/1. RTAL/RT_AL_02_14488488.json,True,True,True,RT,AL,1280,720,defect,porosity,2,True
14488506,RT_AL_02_14488506,data/raw/steel/01.원천데이터/1. RTAL/RT_AL_02_14488506.jpg,data/raw/steel/02.라벨링데이터/1. RTAL/RT_AL_02_14488506.json,True,True,True,RT,AL,1280,720,defect,porosity,5,True
14488509,RT_AL_02_14488509,data/raw/steel/01.원천데이터/1. RTAL/RT_AL_02_14488509.jpg,data/raw/steel/02.라벨링데이터/1. RTAL/RT_AL_02_14488509.json,True,True,True,RT,AL,1280,720,defect,porosity,1,True
14488533,RT_AL_02_14488533,data/raw/steel/01.원천데이터/1. RTAL/RT_AL_02_14488533.jpg,data/raw/steel/02.라벨링데이터/1. RTAL/RT_AL_02_14488533.json,True,True,True,RT,AL,1280,720,defect,porosity,1,True
14488543,RT_AL_02_14488543,data/raw/steel/01.원천데이터/1. RTAL/RT_AL_02_14488543.jpg,data/raw/steel/02.라벨링데이터/1. RTAL/RT_AL_02_14488543.json,True,True,True,RT,AL,1280,720,defect,porosity,4,True
14488570,RT_AL_02_14488570,data/raw/steel/01.원천데이터/1. RTAL/RT_AL_02_14488570.jpg,data/raw/steel/02.라벨링데이터/1. RTAL/RT_AL_02_14488570.json,True,True,True,RT,AL,1280,720,defect,porosity,1,True
14488582,RT_AL_02_14488582,data/raw/steel/01.원천데이터/1. RTAL/RT_AL_02_14488582.jpg,data/raw/steel/02.라벨링데이터/1. RTAL/RT_AL_02_14488582.json,True,True,True,RT,AL,1280,720,defect,porosity,2,True
14488584,RT_AL_02_14488584,data/raw/steel/01.원천데이터/1. RTAL/RT_AL_02_14488584.jpg,data/raw/steel/02.라벨링데이터/1. RTAL/RT_AL_02_14488584.json,True,True,True,RT,AL,1280,720,defect,porosity,3,True
14488590,RT_AL_02_14488590,data/raw/steel/01.원천데이터/1. RTAL/RT_AL_02_14488590.jpg,data/raw/steel/02.라벨링데이터/1. RTAL/RT_AL_02_14488590.json,True,True,True,RT,AL,1280,720,defect,porosity,1,True
14488600,RT_AL_02_14488600,data/raw/steel/01.원천데이터/1. RTAL/RT_AL_02_14488600.jpg,data/raw/steel/02.라벨링데이터/1. RTAL/RT_AL_02_14488600.json,True,True,True,RT,AL,1280,720,defect,porosity,3,True
14488606,RT_AL_02_14488606,data/raw/steel/01.원천데이터/1. RTAL/RT_AL_02_14488606.jpg,data/raw/steel/02.라벨링데이터/1. RTAL/RT_AL_02_14488606.json,True,True,True,RT,AL,1280,720,defect,porosity,2,True
14488621,RT_AL_02_14488621,data/raw/steel/01.원천데이터/1. RTAL/RT_AL_02_14488621.jpg,data/raw/steel/02.라벨링데이터/1. RTAL/RT_AL_02_14488621.json,True,True,True,RT,AL,1280,720,defect,porosity,2,True
14488625,RT_AL_02_14488625,data/raw/steel/01.원천데이터/1. RTAL/RT_AL_02_14488625.jpg,data/raw/steel/02.라벨링데이터/1. RTAL/RT_AL_02_14488625.json,True,True,True,RT,AL,1280,720,defect,porosity,2,True
14488626,RT_AL_02_14488626,data/raw/steel/01.원천데이터/1. RTAL/RT_AL_02_14488626.jpg,data/raw/steel/02.라벨링데이터/1. RTAL/RT_AL_02_14488626.json,True,True,True,RT,AL,1280,720,defect,porosity,11,True
14488661,RT_AL_02_14488661,data/raw/steel/01.원천데이터/1. RTAL/RT_AL_02_14488661.jpg,data/raw/steel/02.라벨링데이터/1. RTAL/RT_AL_02_14488661.json,True,True,True,RT,AL,1280,720,defect,porosity,2,True
14488663,RT_AL_02_14488663,data/raw/steel/01.원천데이터/1. RTAL/RT_AL_02_14488663.jpg,data/raw/steel/02.라벨링데이터/1. RTAL/RT_AL_02_14488663.json,True,True,True,RT,AL,1280,720,defect,porosity,1,True
14488665,RT_AL_02_14488665,data/raw/steel/01.원천데이터/1. RTAL/RT_AL_02_14488665.jpg,data/raw/steel/02.라벨링데이터/1. RTAL/RT_AL_02_14488665.json,True,True,True,RT,AL,1280,720,defect,porosity,1,True
14488682,RT_AL_02_14488682,data/raw/steel/01.원천데이터/1. RTAL/RT_AL_02_14488682.jpg,data/raw/steel/02.라벨링데이터/1. RTAL/RT_AL_02_14488682.json,True,True,True,RT,AL,1280,720,defect,porosity;slag inclusion,3,True
14488683,RT_AL_02_14488683,data/raw/steel/01.원천데이터/1. RTAL/RT_AL_02_14488683.jpg,data/raw/steel/02.라벨링데이터/1. RTAL/RT_AL_02_14488683.json,True,True,True,RT,AL,1280,720,defect,porosity,2,True
14488690,RT_AL_02_14488690,data/raw/steel/01.원천데이터/1. RTAL/RT_AL_02_14488690.jpg,data/raw/steel/02.라벨링데이터/1. RTAL/RT_AL_02_14488690.json,True,True,True,RT,AL,1280,720,defect,porosity,3,True
14488700,RT_AL_02_14488700,data/raw/steel/01.원천데이터/1. RTAL/RT_AL_02_14488700.jpg,data/raw/steel/02.라벨링데이터/1. RTAL/RT_AL_02_14488700.json,True,True,True,RT,AL,1280,720,defect,porosity,3,True
14488705,RT_AL_02_14488705,data/raw/steel/01.원천데이터/1. RTAL/RT_AL_02_14488705.jpg,data/raw/steel/02.라벨링데이터/1. RTAL/RT_AL_02_14488705.json,True,True,True,RT,AL,1280,720,defect,porosity,1,True
14488716,RT_AL_02_14488716,data/raw/steel/01.원천데이터/1. RTAL/RT_AL_02_14488716.jpg,data/raw/steel/02.라벨링데이터/1. RTAL/RT_AL_02_14488716.json,True,True,True,RT,AL,1280,720,defect,porosity,1,True
14488733,RT_AL_02_14488733,data/raw/steel/01.원천데이터/1. RTAL/RT_AL_02_14488733.jpg,data/raw/steel/02.라벨링데이터/1. RTAL/RT_AL_02_14488733.json,True,True,True,RT,AL,1280,720,defect,porosity,2,True
14488745,RT_AL_02_14488745,data/raw/steel/01.원천데이터/1. RTAL/RT_AL_02_14488745.jpg,data/raw/steel/02.라벨링데이터/1. RTAL/RT_AL_02_14488745.json,True,True,True,RT,AL,1280,720,defect,porosity,3,True
14488749,RT_AL_02_14488749,data/raw/steel/01.원천데이터/1. RTAL/RT_AL_02_14488749.jpg,data/raw/steel/02.라벨링데이터/1. RTAL/RT_AL_02_14488749.json,True,True,True,RT,AL,1280,720,defect,porosity,3,True
14488767,RT_AL_02_14488767,data/raw/steel/01.원천데이터/1. RTAL/RT_AL_02_14488767.jpg,data/raw/steel/02.라벨링데이터/1. RTAL/RT_AL_02_14488767.json,True,True,True,RT,AL,1280,720,defect,porosity,3,True
14488779,RT_AL_02_14488779,data/raw/steel/01.원천데이터/1. RTAL/RT_AL_02_14488779.jpg,data/raw/steel/02.라벨링데이터/1. RTAL/RT_AL_02_14488779.json,True,True,True,RT,AL,1280,720,defect,porosity,1,True
14488786,RT_AL_02_14488786,data/raw/steel/01.원천데이터/1. RTAL/RT_AL_02_14488786.jpg,data/raw/steel/02.라벨링데이터/1. RTAL/RT_AL_02_14488786.json,True,True,True,RT,AL,1280,720,defect,porosity,1,True
14488795,RT_AL_02_14488795,data/raw/steel/01.원천데이터/1. RTAL/RT_AL_02_14488795.jpg,data/raw/steel/02.라벨링데이터/1. RTAL/RT_AL_02_14488795.json,True,True,True,RT,AL,1280,720,defect,porosity,1,True
14488809,RT_AL_02_14488809,data/raw/steel/01.원천데이터/1. RTAL/RT_AL_02_14488809.jpg,data/raw/steel/02.라벨링데이터/1. RTAL/RT_AL_02_14488809.json,True,True,True,RT,AL,1280,720,defect,porosity,1,True
14488813,RT_AL_02_14488813,data/raw/steel/01.원천데이터/1. RTAL/RT_AL_02_14488813.jpg,data/raw/steel/02.라벨링데이터/1. RTAL/RT_AL_02_14488813.json,True,True,True,RT,AL,1280,720,defect,porosity,1,True
14488830,RT_AL_02_14488830,data/raw/steel/01.원천데이터/1. RTAL/RT_AL_02_14488830.jpg,data/raw/steel/02.라벨링데이터/1. RTAL/RT_AL_02_14488830.json,True,True,True,RT,AL,1280,720,defect,porosity,5,True
14488847,RT_AL_02_14488847,data/raw/steel/01.원천데이터/1. RTAL/RT_AL_02_14488847.jpg,data/raw/steel/02.라벨링데이터/1. RTAL/RT_AL_02_14488847.json,True,True,True,RT,AL,1280,720,defect,porosity,1,True
14488854,RT_AL_02_14488854,data/raw/steel/01.원천데이터/1. RTAL/RT_AL_02_14488854.jpg,data/raw/steel/02.라벨링데이터/1. RTAL/RT_AL_02_14488854.json,True,True,True,RT,AL,1280,720,defect,porosity,1,True
14488857,RT_AL_02_14488857,data/raw/steel/01.원천데이터/1. RTAL/RT_AL_02_14488857.jpg,data/raw/steel/02.라벨링데이터/1. RTAL/RT_AL_02_14488857.json,True,True,True,RT,AL,1280,720,defect,porosity,4,True
14488858,RT_AL_02_14488858,data/raw/steel/01.원천데이터/1. RTAL/RT_AL_02_14488858.jpg,data/raw/steel/02.라벨링데이터/1. RTAL/RT_AL_02_14488858.json,True,True,True,RT,AL,1280,720,defect,porosity,7,True
14488878,RT_AL_02_14488878,data/raw/steel/01.원천데이터/1. RTAL/RT_AL_02_14488878.jpg,data/raw/steel/02.라벨링데이터/1. RTAL/RT_AL_02_14488878.json,True,True,True,RT,AL,1280,720,defect,porosity,3,True
14488887,RT_AL_02_14488887,data/raw/steel/01.원천데이터/1. RTAL/RT_AL_02_14488887.jpg,data/raw/steel/02.라벨링데이터/1. RTAL/RT_AL_02_14488887.json,True,True,True,RT,AL,1280,720,defect,lack of fusion;porosity,5,True
14488902,RT_AL_02_14488902,data/raw/steel/01.원천데이터/1. RTAL/RT_AL_02_14488902.jpg,data/raw/steel/02.라벨링데이터/1. RTAL/RT_AL_02_14488902.json,True,True,True,RT,AL,1280,720,defect,porosity,4,True
14488913,RT_AL_02_14488913,data/raw/steel/01.원천데이터/1. RTAL/RT_AL_02_14488913.jpg,data/raw/steel/02.라벨링데이터/1. RTAL/RT_AL_02_14488913.json,True,True,True,RT,AL,1280,720,defect,porosity,1,True
14488920,RT_AL_02_14488920,data/raw/steel/01.원천데이터/1. RTAL/RT_AL_02_14488920.jpg,data/raw/steel/02.라벨링데이터/1. RTAL/RT_AL_02_14488920.json,True,True,True,RT,AL,1280,720,defect,porosity,2,True
14488925,RT_AL_02_14488925,data/raw/steel/01.원천데이터/1. RTAL/RT_AL_02_14488925.jpg,data/raw/steel/02.라벨링데이터/1. RTAL/RT_AL_02_14488925.json,True,True,True,RT,AL,1280,720,defect,porosity,2,True
14488936,RT_AL_02_14488936,data/raw/steel/01.원천데이터/1. RTAL/RT_AL_02_14488936.jpg,data/raw/steel/02.라벨링데이터/1. RTAL/RT_AL_02_14488936.json,True,True,True,RT,AL,1280,720,defect,porosity,1,True
14488939,RT_AL_02_14488939,data/raw/steel/01.원천데이터/1. RTAL/RT_AL_02_14488939.jpg,data/raw/steel/02.라벨링데이터/1. RTAL/RT_AL_02_14488939.json,True,True,True,RT,AL,1280,720,defect,porosity,1,True
14488967,RT_AL_02_14488967,data/raw/steel/01.원천데이터/1. RTAL/RT_AL_02_14488967.jpg,data/raw/steel/02.라벨링데이터/1. RTAL/RT_AL_02_14488967.json,True,True,True,RT,AL,1280,720,defect,porosity,2,True
14488984,RT_AL_02_14488984,data/raw/steel/01.원천데이터/1. RTAL/RT_AL_02_14488984.jpg,data/raw/steel/02.라벨링데이터/1. RTAL/RT_AL_02_14488984.json,True,True,True,RT,AL,1280,720,defect,porosity,3,True
14488988,RT_AL_02_14488988,data/raw/steel/01.원천데이터/1. RTAL/RT_AL_02_14488988.jpg,data/raw/steel/02.라벨링데이터/1. RTAL/RT_AL_02_14488988.json,True,True,True,RT,AL,1280,720,defect,porosity,6,True
14489005,RT_AL_02_14489005,data/raw/steel/01.원천데이터/1. RTAL/RT_AL_02_14489005.jpg,data/raw/steel/02.라벨링데이터/1. RTAL/RT_AL_02_14489005.json,True,True,True,RT,AL,1280,720,defect,porosity,1,True
14489020,RT_AL_02_14489020,data/raw/steel/01.원천데이터/1. RTAL/RT_AL_02_14489020.jpg,data/raw/steel/02.라벨링데이터/1. RTAL/RT_AL_02_14489020.json,True,True,True,RT,AL,1280,720,defect,porosity,3,True
14489030,RT_AL_02_14489030,data/raw/steel/01.원천데이터/1. RTAL/RT_AL_02_14489030.jpg,data/raw/steel/02.라벨링데이터/1. RTAL/RT_AL_02_14489030.json,True,True,True,RT,AL,1280,720,defect,porosity,1,True
14489033,RT_AL_02_14489033,data/raw/steel/01.원천데이터/1. RTAL/RT_AL_02_14489033.jpg,data/raw/steel/02.라벨링데이터/1. RTAL/RT_AL_02_14489033.json,True,True,True,RT,AL,1280,720,defect,porosity,4,True
14489043,RT_AL_02_14489043,data/raw/steel/01.원천데이터/1. RTAL/RT_AL_02_14489043.jpg,data/raw/steel/02.라벨링데이터/1. RTAL/RT_AL_02_14489043.json,True,True,True,RT,AL,1280,720,defect,porosity,4,True
14489044,RT_AL_02_14489044,data/raw/steel/01.원천데이터/1. RTAL/RT_AL_02_14489044.jpg,data/raw/steel/02.라벨링데이터/1. RTAL/RT_AL_02_14489044.json,True,True,True,RT,AL,1280,720,defect,porosity,3,True
14489051,RT_AL_02_14489051,data/raw/steel/01.원천데이터/1. RTAL/RT_AL_02_14489051.jpg,data/raw/steel/02.라벨링데이터/1. RTAL/RT_AL_02_14489051.json,True,True,True,RT,AL,1280,720,defect,porosity,3,True
14489063,RT_AL_02_14489063,data/raw/steel/01.원천데이터/1. RTAL/RT_AL_02_14489063.jpg,data/raw/steel/02.라벨링데이터/1. RTAL/RT_AL_02_14489063.json,True,True,True,RT,AL,1280,720,defect,porosity,2,True
14489072,RT_AL_02_14489072,data/raw/steel/01.원천데이터/1. RTAL/RT_AL_02_14489072.jpg,data/raw/steel/02.라벨링데이터/1. RTAL/RT_AL_02_14489072.json,True,True,True,RT,AL,1280,720,defect,porosity,1,True
14489098,RT_AL_02_14489098,data/raw/steel/01.원천데이터/1. RTAL/RT_AL_02_14489098.jpg,data/raw/steel/02.라벨링데이터/1. RTAL/RT_AL_02_14489098.json,True,True,True,RT,AL,1280,720,defect,porosity,8,True
14489115,RT_AL_02_14489115,data/raw/steel/01.원천데이터/1. RTAL/RT_AL_02_14489115.jpg,data/raw/steel/02.라벨링데이터/1. RTAL/RT_AL_02_14489115.json,True,True,True,RT,AL,1280,720,defect,porosity,4,True
14489126,RT_AL_02_14489126,data/raw/steel/01.원천데이터/1. RTAL/RT_AL_02_14489126.jpg,data/raw/steel/02.라벨링데이터/1. RTAL/RT_AL_02_14489126.json,True,True,True,RT,AL,1280,720,defect,porosity,1,True
14489137,RT_AL_02_14489137,data/raw/steel/01.원천데이터/1. RTAL/RT_AL_02_14489137.jpg,data/raw/steel/02.라벨링데이터/1. RTAL/RT_AL_02_14489137.json,True,True,True,RT,AL,1280,720,defect,porosity,1,True
14489156,RT_AL_02_14489156,data/raw/steel/01.원천데이터/1. RTAL/RT_AL_02_14489156.jpg,data/raw/steel/02.라벨링데이터/1. RTAL/RT_AL_02_14489156.json,True,True,True,RT,AL,1280,720,defect,porosity,1,True
14489158,RT_AL_02_14489158,data/raw/steel/01.원천데이터/1. RTAL/RT_AL_02_14489158.jpg,data/raw/steel/02.라벨링데이터/1. RTAL/RT_AL_02_14489158.json,True,True,True,RT,AL,1280,720,defect,porosity,2,True
14489171,RT_AL_02_14489171,data/raw/steel/01.원천데이터/1. RTAL/RT_AL_02_14489171.jpg,data/raw/steel/02.라벨링데이터/1. RTAL/RT_AL_02_14489171.json,True,True,True,RT,AL,1280,720,defect,porosity,2,True
14489175,RT_AL_02_14489175,data/raw/steel/01.원천데이터/1. RTAL/RT_AL_02_14489175.jpg,data/raw/steel/02.라벨링데이터/1. RTAL/RT_AL_02_14489175.json,True,True,True,RT,AL,1280,720,defect,porosity,1,True
14489182,RT_AL_02_14489182,data/raw/steel/01.원천데이터/1. RTAL/RT_AL_02_14489182.jpg,data/raw/steel/02.라벨링데이터/1. RTAL/RT_AL_02_14489182.json,True,True,True,RT,AL,1280,720,defect,porosity,1,True
14489189,RT_AL_02_14489189,data/raw/steel/01.원천데이터/1. RTAL/RT_AL_02_14489189.jpg,data/raw/steel/02.라벨링데이터/1. RTAL/RT_AL_02_14489189.json,True,True,True,RT,AL,1280,720,defect,porosity,24,True
14489193,RT_AL_02_14489193,data/raw/steel/01.원천데이터/1. RTAL/RT_AL_02_14489193.jpg,data/raw/steel/02.라벨링데이터/1. RTAL/RT_AL_02_14489193.json,True,True,True,RT,AL,1280,720,defect,porosity,2,True
14489194,RT_AL_02_14489194,data/raw/steel/01.원천데이터/1. RTAL/RT_AL_02_14489194.jpg,data/raw/steel/02.라벨링데이터/1. RTAL/RT_AL_02_14489194.json,True,True,True,RT,AL,1280,720,defect,porosity,1,True
14489195,RT_AL_02_14489195,data/raw/steel/01.원천데이터/1. RTAL/RT_AL_02_14489195.jpg,data/raw/steel/02.라벨링데이터/1. RTAL/RT_AL_02_14489195.json,True,True,True,RT,AL,1280,720,defect,porosity,1,True
14489201,RT_AL_02_14489201,data/raw/steel/01.원천데이터/1. RTAL/RT_AL_02_14489201.jpg,data/raw/steel/02.라벨링데이터/1. RTAL/RT_AL_02_14489201.json,True,True,True,RT,AL,1280,720,defect,porosity,8,True
14489222,RT_AL_02_14489222,data/raw/steel/01.원천데이터/1. RTAL/RT_AL_02_14489222.jpg,data/raw/steel/02.라벨링데이터/1. RTAL/RT_AL_02_14489222.json,True,True,True,RT,AL,1280,720,defect,porosity,4,True
14489225,RT_AL_02_14489225,data/raw/steel/01.원천데이터/1. RTAL/RT_AL_02_14489225.jpg,data/raw/steel/02.라벨링데이터/1. RTAL/RT_AL_02_14489225.json,True,True,True,RT,AL,1280,720,defect,porosity,8,True
14489231,RT_AL_02_14489231,data/raw/steel/01.원천데이터/1. RTAL/RT_AL_02_14489231.jpg,data/raw/steel/02.라벨링데이터/1. RTAL/RT_AL_02_14489231.json,True,True,True,RT,AL,1280,720,defect,porosity,1,True
14489237,RT_AL_02_14489237,data/raw/steel/01.원천데이터/1. RTAL/RT_AL_02_14489237.jpg,data/raw/steel/02.라벨링데이터/1. RTAL/RT_AL_02_14489237.json,True,True,True,RT,AL,1280,720,defect,porosity,1,True
14489251,RT_AL_02_14489251,data/raw/steel/01.원천데이터/1. RTAL/RT_AL_02_14489251.jpg,data/raw/steel/02.라벨링데이터/1. RTAL/RT_AL_02_14489251.json,True,True,True,RT,AL,1280,720,defect,porosity,1,True
14489265,RT_AL_02_14489265,data/raw/steel/01.원천데이터/1. RTAL/RT_AL_02_14489265.jpg,data/raw/steel/02.라벨링데이터/1. RTAL/RT_AL_02_14489265.json,True,True,True,RT,AL,1280,720,defect,porosity,1,True
14489269,RT_AL_02_14489269,data/raw/steel/01.원천데이터/1. RTAL/RT_AL_02_14489269.jpg,data/raw/steel/02.라벨링데이터/1. RTAL/RT_AL_02_14489269.json,True,True,True,RT,AL,1280,720,defect,porosity,1,True
14489312,RT_AL_02_14489312,data/raw/steel/01.원천데이터/1. RTAL/RT_AL_02_14489312.jpg,data/raw/steel/02.라벨링데이터/1. RTAL/RT_AL_02_14489312.json,True,True,True,RT,AL,1280,720,defect,porosity,1,True
14489318,RT_AL_02_14489318,data/raw/steel/01.원천데이터/1. RTAL/RT_AL_02_14489318.jpg,data/raw/steel/02.라벨링데이터/1. RTAL/RT_AL_02_14489318.json,True,True,True,RT,AL,1280,720,defect,porosity,1,True
14489340,RT_AL_02_14489340,data/raw/steel/01.원천데이터/1. RTAL/RT_AL_02_14489340.jpg,data/raw/steel/02.라벨링데이터/1. RTAL/RT_AL_02_14489340.json,True,True,True,RT,AL,1280,720,defect,porosity,1,True
14489357,RT_AL_02_14489357,data/raw/steel/01.원천데이터/1. RTAL/RT_AL_02_14489357.jpg,data/raw/steel/02.라벨링데이터/1. RTAL/RT_AL_02_14489357.json,True,True,True,RT,AL,1280,720,defect,porosity,3,True
14489419,RT_AL_02_14489419,data/raw/steel/01.원천데이터/1. RTAL/RT_AL_02_14489419.jpg,data/raw/steel/02.라벨링데이터/1. RTAL/RT_AL_02_14489419.json,True,True,True,RT,AL,1280,720,defect,porosity,3,True
14489420,RT_AL_02_14489420,data/raw/steel/01.원천데이터/1. RTAL/RT_AL_02_14489420.jpg,data/raw/steel/02.라벨링데이터/1. RTAL/RT_AL_02_14489420.json,True,True,True,RT,AL,1280,720,defect,porosity,2,True
14489421,RT_AL_02_14489421,data/raw/steel/01.원천데이터/1. RTAL/RT_AL_02_14489421.jpg,data/raw/steel/02.라벨링데이터/1. RTAL/RT_AL_02_14489421.json,True,True,True,RT,AL,1280,720,defect,porosity,2,True
14489446,RT_AL_02_14489446,data/raw/steel/01.원천데이터/1. RTAL/RT_AL_02_14489446.jpg,data/raw/steel/02.라벨링데이터/1. RTAL/RT_AL_02_14489446.json,True,True,True,RT,AL,1280,720,defect,porosity,1,True
14489453,RT_AL_02_14489453,data/raw/steel/01.원천데이터/1. RTAL/RT_AL_02_14489453.jpg,data/raw/steel/02.라벨링데이터/1. RTAL/RT_AL_02_14489453.json,True,True,True,RT,AL,1280,720,defect,porosity,1,True
14489465,RT_AL_02_14489465,data/raw/steel/01.원천데이터/1. RTAL/RT_AL_02_14489465.jpg,data/raw/steel/02.라벨링데이터/1. RTAL/RT_AL_02_14489465.json,True,True,True,RT,AL,1280,720,defect,porosity,1,True
14489481,RT_AL_02_14489481,data/raw/steel/01.원천데이터/1. RTAL/RT_AL_02_14489481.jpg,data/raw/steel/02.라벨링데이터/1. RTAL/RT_AL_02_14489481.json,True,True,True,RT,AL,1280,720,defect,porosity,1,True
14489518,RT_AL_02_14489518,data/raw/steel/01.원천데이터/1. RTAL/RT_AL_02_14489518.jpg,data/raw/steel/02.라벨링데이터/1. RTAL/RT_AL_02_14489518.json,True,True,True,RT,AL,1280,720,defect,porosity,3,True
14489520,RT_AL_02_14489520,data/raw/steel/01.원천데이터/1. RTAL/RT_AL_02_14489520.jpg,data/raw/steel/02.라벨링데이터/1. RTAL/RT_AL_02_14489520.json,True,True,True,RT,AL,1280,720,defect,porosity,3,True
14489529,RT_AL_02_14489529,data/raw/steel/01.원천데이터/1. RTAL/RT_AL_02_14489529.jpg,data/raw/steel/02.라벨링데이터/1. RTAL/RT_AL_02_14489529.json,True,True,True,RT,AL,1280,720,defect,porosity,1,True
14489534,RT_AL_02_14489534,data/raw/steel/01.원천데이터/1. RTAL/RT_AL_02_14489534.jpg,data/raw/steel/02.라벨링데이터/1. RTAL/RT_AL_02_14489534.json,True,True,True,RT,AL,1280,720,defect,porosity,1,True
14489564,RT_AL_02_14489564,data/raw/steel/01.원천데이터/1. RTAL/RT_AL_02_14489564.jpg,data/raw/steel/02.라벨링데이터/1. RTAL/RT_AL_02_14489564.json,True,True,True,RT,AL,1280,720,defect,porosity,1,True
14489567,RT_AL_02_14489567,data/raw/steel/01.원천데이터/1. RTAL/RT_AL_02_14489567.jpg,data/raw/steel/02.라벨링데이터/1. RTAL/RT_AL_02_14489567.json,True,True,True,RT,AL,1280,720,defect,porosity,1,True
14489578,RT_AL_02_14489578,data/raw/steel/01.원천데이터/1. RTAL/RT_AL_02_14489578.jpg,data/raw/steel/02.라벨링데이터/1. RTAL/RT_AL_02_14489578.json,True,True,True,RT,AL,1280,720,defect,porosity,1,True
14489579,RT_AL_02_14489579,data/raw/steel/01.원천데이터/1. RTAL/RT_AL_02_14489579.jpg,data/raw/steel/02.라벨링데이터/1. RTAL/RT_AL_02_14489579.json,True,True,True,RT,AL,1280,720,defect,porosity,1,True
14489597,RT_AL_02_14489597,data/raw/steel/01.원천데이터/1. RTAL/RT_AL_02_14489597.jpg,data/raw/steel/02.라벨링데이터/1. RTAL/RT_AL_02_14489597.json,True,True,True,RT,AL,1280,720,defect,porosity,1,True
14489599,RT_AL_02_14489599,data/raw/steel/01.원천데이터/1. RTAL/RT_AL_02_14489599.jpg,data/raw/steel/02.라벨링데이터/1. RTAL/RT_AL_02_14489599.json,True,True,True,RT,AL,1280,720,defect,porosity,1,True
14489609,RT_AL_02_14489609,data/raw/steel/01.원천데이터/1. RTAL/RT_AL_02_14489609.jpg,data/raw/steel/02.라벨링데이터/1. RTAL/RT_AL_02_14489609.json,True,True,True,RT,AL,1280,720,defect,porosity,1,True
14489610,RT_AL_02_14489610,data/raw/steel/01.원천데이터/1. RTAL/RT_AL_02_14489610.jpg,data/raw/steel/02.라벨링데이터/1. RTAL/RT_AL_02_14489610.json,True,True,True,RT,AL,1280,720,defect,porosity,4,True
14489612,RT_AL_02_14489612,data/raw/steel/01.원천데이터/1. RTAL/RT_AL_02_14489612.jpg,data/raw/steel/02.라벨링데이터/1. RTAL/RT_AL_02_14489612.json,True,True,True,RT,AL,1280,720,defect,porosity,1,True
14489622,RT_AL_02_14489622,data/raw/steel/01.원천데이터/1. RTAL/RT_AL_02_14489622.jpg,data/raw/steel/02.라벨링데이터/1. RTAL/RT_AL_02_14489622.json,True,True,True,RT,AL,1280,720,defect,porosity,2,True
14489631,RT_AL_02_14489631,data/raw/steel/01.원천데이터/1. RTAL/RT_AL_02_14489631.jpg,data/raw/steel/02.라벨링데이터/1. RTAL/RT_AL_02_14489631.json,True,True,True,RT,AL,1280,720,defect,porosity,1,True
14489648,RT_AL_02_14489648,data/raw/steel/01.원천데이터/1. RTAL/RT_AL_02_14489648.jpg,data/raw/steel/02.라벨링데이터/1. RTAL/RT_AL_02_14489648.json,True,True,True,RT,AL,1280,720,defect,porosity,11,True
14489687,RT_AL_02_14489687,data/raw/steel/01.원천데이터/1. RTAL/RT_AL_02_14489687.jpg,data/raw/steel/02.라벨링데이터/1. RTAL/RT_AL_02_14489687.json,True,True,True,RT,AL,1280,720,defect,porosity,2,True
14489691,RT_AL_02_14489691,data/raw/steel/01.원천데이터/1. RTAL/RT_AL_02_14489691.jpg,data/raw/steel/02.라벨링데이터/1. RTAL/RT_AL_02_14489691.json,True,True,True,RT,AL,1280,720,defect,porosity,2,True
14489692,RT_AL_02_14489692,data/raw/steel/01.원천데이터/1. RTAL/RT_AL_02_14489692.jpg,data/raw/steel/02.라벨링데이터/1. RTAL/RT_AL_02_14489692.json,True,True,True,RT,AL,1280,720,defect,porosity,1,True
14489712,RT_AL_02_14489712,data/raw/steel/01.원천데이터/1. RTAL/RT_AL_02_14489712.jpg,data/raw/steel/02.라벨링데이터/1. RTAL/RT_AL_02_14489712.json,True,True,True,RT,AL,1280,720,defect,porosity,4,True
14489744,RT_AL_02_14489744,data/raw/steel/01.원천데이터/1. RTAL/RT_AL_02_14489744.jpg,data/raw/steel/02.라벨링데이터/1. RTAL/RT_AL_02_14489744.json,True,True,True,RT,AL,1280,720,defect,porosity,5,True
14489790,RT_AL_02_14489790,data/raw/steel/01.원천데이터/1. RTAL/RT_AL_02_14489790.jpg,data/raw/steel/02.라벨링데이터/1. RTAL/RT_AL_02_14489790.json,True,True,True,RT,AL,1280,720,defect,porosity,3,True
14489798,RT_AL_02_14489798,data/raw/steel/01.원천데이터/1. RTAL/RT_AL_02_14489798.jpg,data/raw/steel/02.라벨링데이터/1. RTAL/RT_AL_02_14489798.json,True,True,True,RT,AL,1280,720,defect,porosity,2,True
14489805,RT_AL_02_14489805,data/raw/steel/01.원천데이터/1. RTAL/RT_AL_02_14489805.jpg,data/raw/steel/02.라벨링데이터/1. RTAL/RT_AL_02_14489805.json,True,True,True,RT,AL,1280,720,defect,porosity,2,True
14489823,RT_AL_02_14489823,data/raw/steel/01.원천데이터/1. RTAL/RT_AL_02_14489823.jpg,data/raw/steel/02.라벨링데이터/1. RTAL/RT_AL_02_14489823.json,True,True,True,RT,AL,1280,720,defect,porosity,3,True
14489830,RT_AL_02_14489830,data/raw/steel/01.원천데이터/1. RTAL/RT_AL_02_14489830.jpg,data/raw/steel/02.라벨링데이터/1. RTAL/RT_AL_02_14489830.json,True,True,True,RT,AL,1280,720,defect,porosity,3,True
14489833,RT_AL_02_14489833,data/raw/steel/01.원천데이터/1. RTAL/RT_AL_02_14489833.jpg,data/raw/steel/02.라벨링데이터/1. RTAL/RT_AL_02_14489833.json,True,True,True,RT,AL,1280,720,defect,porosity,5,True
14489836,RT_AL_02_14489836,data/raw/steel/01.원천데이터/1. RTAL/RT_AL_02_14489836.jpg,data/raw/steel/02.라벨링데이터/1. RTAL/RT_AL_02_14489836.json,True,True,True,RT,AL,1280,720,defect,porosity,1,True
14489844,RT_AL_02_14489844,data/raw/steel/01.원천데이터/1. RTAL/RT_AL_02_14489844.jpg,data/raw/steel/02.라벨링데이터/1. RTAL/RT_AL_02_14489844.json,True,True,True,RT,AL,1280,720,defect,porosity,1,True
14489865,RT_AL_02_14489865,data/raw/steel/01.원천데이터/1. RTAL/RT_AL_02_14489865.jpg,data/raw/steel/02.라벨링데이터/1. RTAL/RT_AL_02_14489865.json,True,True,True,RT,AL,1280,720,defect,porosity,12,True
14489871,RT_AL_02_14489871,data/raw/steel/01.원천데이터/1. RTAL/RT_AL_02_14489871.jpg,data/raw/steel/02.라벨링데이터/1. RTAL/RT_AL_02_14489871.json,True,True,True,RT,AL,1280,720,defect,porosity,2,True
14489881,RT_AL_02_14489881,data/raw/steel/01.원천데이터/1. RTAL/RT_AL_02_14489881.jpg,data/raw/steel/02.라벨링데이터/1. RTAL/RT_AL_02_14489881.json,True,True,True,RT,AL,1280,720,defect,porosity,1,True
14489882,RT_AL_02_14489882,data/raw/steel/01.원천데이터/1. RTAL/RT_AL_02_14489882.jpg,data/raw/steel/02.라벨링데이터/1. RTAL/RT_AL_02_14489882.json,True,True,True,RT,AL,1280,720,defect,porosity,2,True
14489886,RT_AL_02_14489886,data/raw/steel/01.원천데이터/1. RTAL/RT_AL_02_14489886.jpg,data/raw/steel/02.라벨링데이터/1. RTAL/RT_AL_02_14489886.json,True,True,True,RT,AL,1280,720,defect,porosity,1,True
14489897,RT_AL_02_14489897,data/raw/steel/01.원천데이터/1. RTAL/RT_AL_02_14489897.jpg,data/raw/steel/02.라벨링데이터/1. RTAL/RT_AL_02_14489897.json,True,True,True,RT,AL,1280,720,defect,porosity,1,True
14489951,RT_AL_02_14489951,data/raw/steel/01.원천데이터/1. RTAL/RT_AL_02_14489951.jpg,data/raw/steel/02.라벨링데이터/1. RTAL/RT_AL_02_14489951.json,True,True,True,RT,AL,1280,720,defect,porosity,2,True
14489952,RT_AL_02_14489952,data/raw/steel/01.원천데이터/1. RTAL/RT_AL_02_14489952.jpg,data/raw/steel/02.라벨링데이터/1. RTAL/RT_AL_02_14489952.json,True,True,True,RT,AL,1280,720,defect,porosity,2,True
14490003,RT_AL_02_14490003,data/raw/steel/01.원천데이터/1. RTAL/RT_AL_02_14490003.jpg,data/raw/steel/02.라벨링데이터/1. RTAL/RT_AL_02_14490003.json,True,True,True,RT,AL,1280,720,defect,porosity,4,True
14490016,RT_AL_02_14490016,data/raw/steel/01.원천데이터/1. RTAL/RT_AL_02_14490016.jpg,data/raw/steel/02.라벨링데이터/1. RTAL/RT_AL_02_14490016.json,True,True,True,RT,AL,1280,720,defect,porosity,17,True
14490020,RT_AL_02_14490020,data/raw/steel/01.원천데이터/1. RTAL/RT_AL_02_14490020.jpg,data/raw/steel/02.라벨링데이터/1. RTAL/RT_AL_02_14490020.json,True,True,True,RT,AL,1280,720,defect,porosity,2,True
14490021,RT_AL_02_14490021,data/raw/steel/01.원천데이터/1. RTAL/RT_AL_02_14490021.jpg,data/raw/steel/02.라벨링데이터/1. RTAL/RT_AL_02_14490021.json,True,True,True,RT,AL,1280,720,defect,porosity,1,True
14490057,RT_AL_02_14490057,data/raw/steel/01.원천데이터/1. RTAL/RT_AL_02_14490057.jpg,data/raw/steel/02.라벨링데이터/1. RTAL/RT_AL_02_14490057.json,True,True,True,RT,AL,1280,720,defect,porosity,1,True
14490058,RT_AL_02_14490058,data/raw/steel/01.원천데이터/1. RTAL/RT_AL_02_14490058.jpg,data/raw/steel/02.라벨링데이터/1. RTAL/RT_AL_02_14490058.json,True,True,True,RT,AL,1280,720,defect,porosity,7,True
14490082,RT_AL_02_14490082,data/raw/steel/01.원천데이터/1. RTAL/RT_AL_02_14490082.jpg,data/raw/steel/02.라벨링데이터/1. RTAL/RT_AL_02_14490082.json,True,True,True,RT,AL,1280,720,defect,porosity,4,True
14490096,RT_AL_02_14490096,data/raw/steel/01.원천데이터/1. RTAL/RT_AL_02_14490096.jpg,data/raw/steel/02.라벨링데이터/1. RTAL/RT_AL_02_14490096.json,True,True,True,RT,AL,1280,720,defect,porosity,2,True
14490099,RT_AL_02_14490099,data/raw/steel/01.원천데이터/1. RTAL/RT_AL_02_14490099.jpg,data/raw/steel/02.라벨링데이터/1. RTAL/RT_AL_02_14490099.json,True,True,True,RT,AL,1280,720,defect,porosity,1,True
14490104,RT_AL_02_14490104,data/raw/steel/01.원천데이터/1. RTAL/RT_AL_02_14490104.jpg,data/raw/steel/02.라벨링데이터/1. RTAL/RT_AL_02_14490104.json,True,True,True,RT,AL,1280,720,defect,porosity,2,True
14490110,RT_AL_02_14490110,data/raw/steel/01.원천데이터/1. RTAL/RT_AL_02_14490110.jpg,data/raw/steel/02.라벨링데이터/1. RTAL/RT_AL_02_14490110.json,True,True,True,RT,AL,1280,720,defect,porosity,1,True
14490112,RT_AL_02_14490112,data/raw/steel/01.원천데이터/1. RTAL/RT_AL_02_14490112.jpg,data/raw/steel/02.라벨링데이터/1. RTAL/RT_AL_02_14490112.json,True,True,True,RT,AL,1280,720,defect,porosity,1,True
14490114,RT_AL_02_14490114,data/raw/steel/01.원천데이터/1. RTAL/RT_AL_02_14490114.jpg,data/raw/steel/02.라벨링데이터/1. RTAL/RT_AL_02_14490114.json,True,True,True,RT,AL,1280,720,defect,porosity,1,True
14490117,RT_AL_02_14490117,data/raw/steel/01.원천데이터/1. RTAL/RT_AL_02_14490117.jpg,data/raw/steel/02.라벨링데이터/1. RTAL/RT_AL_02_14490117.json,True,True,True,RT,AL,1280,720,defect,porosity,2,True
14490120,RT_AL_02_14490120,data/raw/steel/01.원천데이터/1. RTAL/RT_AL_02_14490120.jpg,data/raw/steel/02.라벨링데이터/1. RTAL/RT_AL_02_14490120.json,True,True,True,RT,AL,1280,720,defect,porosity,1,True
14490143,RT_AL_02_14490143,data/raw/steel/01.원천데이터/1. RTAL/RT_AL_02_14490143.jpg,data/raw/steel/02.라벨링데이터/1. RTAL/RT_AL_02_14490143.json,True,True,True,RT,AL,1280,720,defect,porosity,1,True
14490151,RT_AL_02_14490151,data/raw/steel/01.원천데이터/1. RTAL/RT_AL_02_14490151.jpg,data/raw/steel/02.라벨링데이터/1. RTAL/RT_AL_02_14490151.json,True,True,True,RT,AL,1280,720,defect,porosity,2,True
14490164,RT_AL_02_14490164,data/raw/steel/01.원천데이터/1. RTAL/RT_AL_02_14490164.jpg,data/raw/steel/02.라벨링데이터/1. RTAL/RT_AL_02_14490164.json,True,True,True,RT,AL,1280,720,defect,porosity,1,True
14490169,RT_AL_02_14490169,data/raw/steel/01.원천데이터/1. RTAL/RT_AL_02_14490169.jpg,data/raw/steel/02.라벨링데이터/1. RTAL/RT_AL_02_14490169.json,True,True,True,RT,AL,1280,720,defect,porosity,2,True
14490170,RT_AL_02_14490170,data/raw/steel/01.원천데이터/1. RTAL/RT_AL_02_14490170.jpg,data/raw/steel/02.라벨링데이터/1. RTAL/RT_AL_02_14490170.json,True,True,True,RT,AL,1280,720,defect,porosity,6,True
14490182,RT_AL_02_14490182,data/raw/steel/01.원천데이터/1. RTAL/RT_AL_02_14490182.jpg,data/raw/steel/02.라벨링데이터/1. RTAL/RT_AL_02_14490182.json,True,True,True,RT,AL,1280,720,defect,porosity,1,True
14490188,RT_AL_02_14490188,data/raw/steel/01.원천데이터/1. RTAL/RT_AL_02_14490188.jpg,data/raw/steel/02.라벨링데이터/1. RTAL/RT_AL_02_14490188.json,True,True,True,RT,AL,1280,720,defect,porosity,1,True
14490193,RT_AL_02_14490193,data/raw/steel/01.원천데이터/1. RTAL/RT_AL_02_14490193.jpg,data/raw/steel/02.라벨링데이터/1. RTAL/RT_AL_02_14490193.json,True,True,True,RT,AL,1280,720,defect,porosity,1,True
14490203,RT_AL_02_14490203,data/raw/steel/01.원천데이터/1. RTAL/RT_AL_02_14490203.jpg,data/raw/steel/02.라벨링데이터/1. RTAL/RT_AL_02_14490203.json,True,True,True,RT,AL,1280,720,defect,porosity,1,True
14490210,RT_AL_02_14490210,data/raw/steel/01.원천데이터/1. RTAL/RT_AL_02_14490210.jpg,data/raw/steel/02.라벨링데이터/1. RTAL/RT_AL_02_14490210.json,True,True,True,RT,AL,1280,720,defect,porosity,3,True
14490217,RT_AL_02_14490217,data/raw/steel/01.원천데이터/1. RTAL/RT_AL_02_14490217.jpg,data/raw/steel/02.라벨링데이터/1. RTAL/RT_AL_02_14490217.json,True,True,True,RT,AL,1280,720,defect,porosity,3,True
14490230,RT_AL_02_14490230,data/raw/steel/01.원천데이터/1. RTAL/RT_AL_02_14490230.jpg,data/raw/steel/02.라벨링데이터/1. RTAL/RT_AL_02_14490230.json,True,True,True,RT,AL,1280,720,defect,porosity,1,True
14490231,RT_AL_02_14490231,data/raw/steel/01.원천데이터/1. RTAL/RT_AL_02_14490231.jpg,data/raw/steel/02.라벨링데이터/1. RTAL/RT_AL_02_14490231.json,True,True,True,RT,AL,1280,720,defect,porosity,4,True
14490235,RT_AL_02_14490235,data/raw/steel/01.원천데이터/1. RTAL/RT_AL_02_14490235.jpg,data/raw/steel/02.라벨링데이터/1. RTAL/RT_AL_02_14490235.json,True,True,True,RT,AL,1280,720,defect,porosity,3,True
14490238,RT_AL_02_14490238,data/raw/steel/01.원천데이터/1. RTAL/RT_AL_02_14490238.jpg,data/raw/steel/02.라벨링데이터/1. RTAL/RT_AL_02_14490238.json,True,True,True,RT,AL,1280,720,defect,porosity,2,True
14490269,RT_AL_02_14490269,data/raw/steel/01.원천데이터/1. RTAL/RT_AL_02_14490269.jpg,data/raw/steel/02.라벨링데이터/1. RTAL/RT_AL_02_14490269.json,True,True,True,RT,AL,1280,720,defect,porosity,3,True
14490275,RT_AL_02_14490275,data/raw/steel/01.원천데이터/1. RTAL/RT_AL_02_14490275.jpg,data/raw/steel/02.라벨링데이터/1. RTAL/RT_AL_02_14490275.json,True,True,True,RT,AL,1280,720,defect,porosity,3,True
14490276,RT_AL_02_14490276,data/raw/steel/01.원천데이터/1. RTAL/RT_AL_02_14490276.jpg,data/raw/steel/02.라벨링데이터/1. RTAL/RT_AL_02_14490276.json,True,True,True,RT,AL,1280,720,defect,porosity,12,True
14489008,RT_AL_04_14489008,data/raw/steel/01.원천데이터/1. RTAL/RT_AL_04_14489008.jpg,data/raw/steel/02.라벨링데이터/1. RTAL/RT_AL_04_14489008.json,True,True,True,RT,AL,1280,720,defect,lack of fusion,1,True
14491344,RT_AL_04_14491344,data/raw/steel/01.원천데이터/1. RTAL/RT_AL_04_14491344.jpg,data/raw/steel/02.라벨링데이터/1. RTAL/RT_AL_04_14491344.json,True,True,True,RT,AL,1280,720,defect,lack of fusion,1,True
14491365,RT_AL_04_14491365,data/raw/steel/01.원천데이터/1. RTAL/RT_AL_04_14491365.jpg,data/raw/steel/02.라벨링데이터/1. RTAL/RT_AL_04_14491365.json,True,True,True,RT,AL,1280,720,defect,lack of fusion,1,True
14491380,RT_AL_04_14491380,data/raw/steel/01.원천데이터/1. RTAL/RT_AL_04_14491380.jpg,data/raw/steel/02.라벨링데이터/1. RTAL/RT_AL_04_14491380.json,True,True,True,RT,AL,1280,720,defect,lack of fusion,1,True
14491398,RT_AL_04_14491398,data/raw/steel/01.원천데이터/1. RTAL/RT_AL_04_14491398.jpg,data/raw/steel/02.라벨링데이터/1. RTAL/RT_AL_04_14491398.json,True,True,True,RT,AL,1280,720,defect,lack of fusion,2,True
14491400,RT_AL_04_14491400,data/raw/steel/01.원천데이터/1. RTAL/RT_AL_04_14491400.jpg,data/raw/steel/02.라벨링데이터/1. RTAL/RT_AL_04_14491400.json,True,True,True,RT,AL,1280,720,defect,lack of fusion,2,True
14491477,RT_AL_04_14491477,data/raw/steel/01.원천데이터/1. RTAL/RT_AL_04_14491477.jpg,data/raw/steel/02.라벨링데이터/1. RTAL/RT_AL_04_14491477.json,True,True,True,RT,AL,1280,720,defect,lack of fusion,1,True
14491478,RT_AL_04_14491478,data/raw/steel/01.원천데이터/1. RTAL/RT_AL_04_14491478.jpg,data/raw/steel/02.라벨링데이터/1. RTAL/RT_AL_04_14491478.json,True,True,True,RT,AL,1280,720,defect,lack of fusion,1,True
14491507,RT_AL_04_14491507,data/raw/steel/01.원천데이터/1. RTAL/RT_AL_04_14491507.jpg,data/raw/steel/02.라벨링데이터/1. RTAL/RT_AL_04_14491507.json,True,True,True,RT,AL,1280,720,defect,lack of fusion,1,True
14491541,RT_AL_04_14491541,data/raw/steel/01.원천데이터/1. RTAL/RT_AL_04_14491541.jpg,data/raw/steel/02.라벨링데이터/1. RTAL/RT_AL_04_14491541.json,True,True,True,RT,AL,1280,720,defect,lack of fusion,2,True
14491544,RT_AL_04_14491544,data/raw/steel/01.원천데이터/1. RTAL/RT_AL_04_14491544.jpg,data/raw/steel/02.라벨링데이터/1. RTAL/RT_AL_04_14491544.json,True,True,True,RT,AL,1280,720,defect,lack of fusion,2,True
14491596,RT_AL_04_14491596,data/raw/steel/01.원천데이터/1. RTAL/RT_AL_04_14491596.jpg,data/raw/steel/02.라벨링데이터/1. RTAL/RT_AL_04_14491596.json,True,True,True,RT,AL,1280,720,defect,lack of fusion,1,True
14491603,RT_AL_04_14491603,data/raw/steel/01.원천데이터/1. RTAL/RT_AL_04_14491603.jpg,data/raw/steel/02.라벨링데이터/1. RTAL/RT_AL_04_14491603.json,True,True,True,RT,AL,1280,720,defect,lack of fusion,1,True
14491618,RT_AL_04_14491618,data/raw/steel/01.원천데이터/1. RTAL/RT_AL_04_14491618.jpg,data/raw/steel/02.라벨링데이터/1. RTAL/RT_AL_04_14491618.json,True,True,True,RT,AL,1280,720,defect,lack of fusion,1,True
14491619,RT_AL_04_14491619,data/raw/steel/01.원천데이터/1. RTAL/RT_AL_04_14491619.jpg,data/raw/steel/02.라벨링데이터/1. RTAL/RT_AL_04_14491619.json,True,True,True,RT,AL,1280,720,defect,lack of fusion,1,True
14491626,RT_AL_04_14491626,data/raw/steel/01.원천데이터/1. RTAL/RT_AL_04_14491626.jpg,data/raw/steel/02.라벨링데이터/1. RTAL/RT_AL_04_14491626.json,True,True,True,RT,AL,1280,720,defect,lack of fusion,1,True
14491644,RT_AL_04_14491644,data/raw/steel/01.원천데이터/1. RTAL/RT_AL_04_14491644.jpg,data/raw/steel/02.라벨링데이터/1. RTAL/RT_AL_04_14491644.json,True,True,True,RT,AL,1280,720,defect,lack of fusion,2,True
14491645,RT_AL_04_14491645,data/raw/steel/01.원천데이터/1. RTAL/RT_AL_04_14491645.jpg,data/raw/steel/02.라벨링데이터/1. RTAL/RT_AL_04_14491645.json,True,True,True,RT,AL,1280,720,defect,lack of fusion,1,True
14491687,RT_AL_04_14491687,data/raw/steel/01.원천데이터/1. RTAL/RT_AL_04_14491687.jpg,data/raw/steel/02.라벨링데이터/1. RTAL/RT_AL_04_14491687.json,True,True,True,RT,AL,1280,720,defect,lack of fusion,2,True
14491726,RT_AL_04_14491726,data/raw/steel/01.원천데이터/1. RTAL/RT_AL_04_14491726.jpg,data/raw/steel/02.라벨링데이터/1. RTAL/RT_AL_04_14491726.json,True,True,True,RT,AL,1280,720,defect,lack of fusion,1,True
14491758,RT_AL_04_14491758,data/raw/steel/01.원천데이터/1. RTAL/RT_AL_04_14491758.jpg,data/raw/steel/02.라벨링데이터/1. RTAL/RT_AL_04_14491758.json,True,True,True,RT,AL,1280,720,defect,lack of fusion,1,True
14491809,RT_AL_04_14491809,data/raw/steel/01.원천데이터/1. RTAL/RT_AL_04_14491809.jpg,data/raw/steel/02.라벨링데이터/1. RTAL/RT_AL_04_14491809.json,True,True,True,RT,AL,1280,720,defect,lack of fusion,1,True
14491834,RT_AL_04_14491834,data/raw/steel/01.원천데이터/1. RTAL/RT_AL_04_14491834.jpg,data/raw/steel/02.라벨링데이터/1. RTAL/RT_AL_04_14491834.json,True,True,True,RT,AL,1280,720,defect,lack of fusion,2,True
14491854,RT_AL_04_14491854,data/raw/steel/01.원천데이터/1. RTAL/RT_AL_04_14491854.jpg,data/raw/steel/02.라벨링데이터/1. RTAL/RT_AL_04_14491854.json,True,True,True,RT,AL,1280,720,defect,lack of fusion,2,True
14491867,RT_AL_04_14491867,data/raw/steel/01.원천데이터/1. RTAL/RT_AL_04_14491867.jpg,data/raw/steel/02.라벨링데이터/1. RTAL/RT_AL_04_14491867.json,True,True,True,RT,AL,1280,720,defect,lack of fusion,2,True
14491903,RT_AL_04_14491903,data/raw/steel/01.원천데이터/1. RTAL/RT_AL_04_14491903.jpg,data/raw/steel/02.라벨링데이터/1. RTAL/RT_AL_04_14491903.json,True,True,True,RT,AL,1280,720,defect,lack of fusion,1,True
14491906,RT_AL_04_14491906,data/raw/steel/01.원천데이터/1. RTAL/RT_AL_04_14491906.jpg,data/raw/steel/02.라벨링데이터/1. RTAL/RT_AL_04_14491906.json,True,True,True,RT,AL,1280,720,defect,lack of fusion,1,True
14491907,RT_AL_04_14491907,data/raw/steel/01.원천데이터/1. RTAL/RT_AL_04_14491907.jpg,data/raw/steel/02.라벨링데이터/1. RTAL/RT_AL_04_14491907.json,True,True,True,RT,AL,1280,720,defect,lack of fusion,2,True
14491910,RT_AL_04_14491910,data/raw/steel/01.원천데이터/1. RTAL/RT_AL_04_14491910.jpg,data/raw/steel/02.라벨링데이터/1. RTAL/RT_AL_04_14491910.json,True,True,True,RT,AL,1280,720,defect,lack of fusion,1,True
14491913,RT_AL_04_14491913,data/raw/steel/01.원천데이터/1. RTAL/RT_AL_04_14491913.jpg,data/raw/steel/02.라벨링데이터/1. RTAL/RT_AL_04_14491913.json,True,True,True,RT,AL,1280,720,defect,lack of fusion,1,True
14488170,RT_AL_05_14488170,data/raw/steel/01.원천데이터/1. RTAL/RT_AL_05_14488170.jpg,data/raw/steel/02.라벨링데이터/1. RTAL/RT_AL_05_14488170.json,True,True,True,RT,AL,1280,720,defect,slag inclusion,1,True
14488639,RT_AL_05_14488639,data/raw/steel/01.원천데이터/1. RTAL/RT_AL_05_14488639.jpg,data/raw/steel/02.라벨링데이터/1. RTAL/RT_AL_05_14488639.json,True,True,True,RT,AL,1280,720,defect,slag inclusion,1,True
14488931,RT_AL_05_14488931,data/raw/steel/01.원천데이터/1. RTAL/RT_AL_05_14488931.jpg,data/raw/steel/02.라벨링데이터/1. RTAL/RT_AL_05_14488931.json,True,True,True,RT,AL,1280,720,defect,slag inclusion,1,True
14489809,RT_AL_05_14489809,data/raw/steel/01.원천데이터/1. RTAL/RT_AL_05_14489809.jpg,data/raw/steel/02.라벨링데이터/1. RTAL/RT_AL_05_14489809.json,True,True,True,RT,AL,1280,720,defect,slag inclusion,4,True
14489815,RT_AL_05_14489815,data/raw/steel/01.원천데이터/1. RTAL/RT_AL_05_14489815.jpg,data/raw/steel/02.라벨링데이터/1. RTAL/RT_AL_05_14489815.json,True,True,True,RT,AL,1280,720,defect,slag inclusion,1,True
14489913,RT_AL_05_14489913,data/raw/steel/01.원천데이터/1. RTAL/RT_AL_05_14489913.jpg,data/raw/steel/02.라벨링데이터/1. RTAL/RT_AL_05_14489913.json,True,True,True,RT,AL,1280,720,defect,slag inclusion,1,True
14490949,RT_AL_05_14490949,data/raw/steel/01.원천데이터/1. RTAL/RT_AL_05_14490949.jpg,data/raw/steel/02.라벨링데이터/1. RTAL/RT_AL_05_14490949.json,True,True,True,RT,AL,1280,720,defect,slag inclusion,1,True
14491963,RT_AL_05_14491963,data/raw/steel/01.원천데이터/1. RTAL/RT_AL_05_14491963.jpg,data/raw/steel/02.라벨링데이터/1. RTAL/RT_AL_05_14491963.json,True,True,True,RT,AL,1280,720,defect,slag inclusion,1,True
14491964,RT_AL_05_14491964,data/raw/steel/01.원천데이터/1. RTAL/RT_AL_05_14491964.jpg,data/raw/steel/02.라벨링데이터/1. RTAL/RT_AL_05_14491964.json,True,True,True,RT,AL,1280,720,defect,slag inclusion,2,True
14491965,RT_AL_05_14491965,data/raw/steel/01.원천데이터/1. RTAL/RT_AL_05_14491965.jpg,data/raw/steel/02.라벨링데이터/1. RTAL/RT_AL_05_14491965.json,True,True,True,RT,AL,1280,720,defect,slag inclusion,4,True
14491968,RT_AL_05_14491968,data/raw/steel/01.원천데이터/1. RTAL/RT_AL_05_14491968.jpg,data/raw/steel/02.라벨링데이터/1. RTAL/RT_AL_05_14491968.json,True,True,True,RT,AL,1280,720,defect,slag inclusion,2,True
14491979,RT_AL_05_14491979,data/raw/steel/01.원천데이터/1. RTAL/RT_AL_05_14491979.jpg,data/raw/steel/02.라벨링데이터/1. RTAL/RT_AL_05_14491979.json,True,True,True,RT,AL,1280,720,defect,slag inclusion,1,True
14491981,RT_AL_05_14491981,data/raw/steel/01.원천데이터/1. RTAL/RT_AL_05_14491981.jpg,data/raw/steel/02.라벨링데이터/1. RTAL/RT_AL_05_14491981.json,True,True,True,RT,AL,1280,720,defect,slag inclusion,2,True
14491986,RT_AL_05_14491986,data/raw/steel/01.원천데이터/1. RTAL/RT_AL_05_14491986.jpg,data/raw/steel/02.라벨링데이터/1. RTAL/RT_AL_05_14491986.json,True,True,True,RT,AL,1280,720,defect,slag inclusion,2,True
14491992,RT_AL_05_14491992,data/raw/steel/01.원천데이터/1. RTAL/RT_AL_05_14491992.jpg,data/raw/steel/02.라벨링데이터/1. RTAL/RT_AL_05_14491992.json,True,True,True,RT,AL,1280,720,defect,slag inclusion,2,True
14492002,RT_AL_05_14492002,data/raw/steel/01.원천데이터/1. RTAL/RT_AL_05_14492002.jpg,data/raw/steel/02.라벨링데이터/1. RTAL/RT_AL_05_14492002.json,True,True,True,RT,AL,1280,720,defect,slag inclusion,1,True
14492008,RT_AL_05_14492008,data/raw/steel/01.원천데이터/1. RTAL/RT_AL_05_14492008.jpg,data/raw/steel/02.라벨링데이터/1. RTAL/RT_AL_05_14492008.json,True,True,True,RT,AL,1280,720,defect,slag inclusion,3,True
14492028,RT_AL_05_14492028,data/raw/steel/01.원천데이터/1. RTAL/RT_AL_05_14492028.jpg,data/raw/steel/02.라벨링데이터/1. RTAL/RT_AL_05_14492028.json,True,True,True,RT,AL,1280,720,defect,slag inclusion,4,True
14492092,RT_AL_05_14492092,data/raw/steel/01.원천데이터/1. RTAL/RT_AL_05_14492092.jpg,data/raw/steel/02.라벨링데이터/1. RTAL/RT_AL_05_14492092.json,True,True,True,RT,AL,1280,720,defect,slag inclusion,1,True
14492104,RT_AL_05_14492104,data/raw/steel/01.원천데이터/1. RTAL/RT_AL_05_14492104.jpg,data/raw/steel/02.라벨링데이터/1. RTAL/RT_AL_05_14492104.json,True,True,True,RT,AL,1280,720,defect,slag inclusion,3,True
14492106,RT_AL_05_14492106,data/raw/steel/01.원천데이터/1. RTAL/RT_AL_05_14492106.jpg,data/raw/steel/02.라벨링데이터/1. RTAL/RT_AL_05_14492106.json,True,True,True,RT,AL,1280,720,defect,slag inclusion,1,True
14492118,RT_AL_05_14492118,data/raw/steel/01.원천데이터/1. RTAL/RT_AL_05_14492118.jpg,data/raw/steel/02.라벨링데이터/1. RTAL/RT_AL_05_14492118.json,True,True,True,RT,AL,1280,720,defect,slag inclusion,4,True
14492130,RT_AL_05_14492130,data/raw/steel/01.원천데이터/1. RTAL/RT_AL_05_14492130.jpg,data/raw/steel/02.라벨링데이터/1. RTAL/RT_AL_05_14492130.json,True,True,True,RT,AL,1280,720,defect,slag inclusion,5,True
14492133,RT_AL_05_14492133,data/raw/steel/01.원천데이터/1. RTAL/RT_AL_05_14492133.jpg,data/raw/steel/02.라벨링데이터/1. RTAL/RT_AL_05_14492133.json,True,True,True,RT,AL,1280,720,defect,slag inclusion,4,True
14492141,RT_AL_05_14492141,data/raw/steel/01.원천데이터/1. RTAL/RT_AL_05_14492141.jpg,data/raw/steel/02.라벨링데이터/1. RTAL/RT_AL_05_14492141.json,True,True,True,RT,AL,1280,720,defect,slag inclusion,2,True
14492160,RT_AL_05_14492160,data/raw/steel/01.원천데이터/1. RTAL/RT_AL_05_14492160.jpg,data/raw/steel/02.라벨링데이터/1. RTAL/RT_AL_05_14492160.json,True,True,True,RT,AL,1280,720,defect,slag inclusion,1,True
14492165,RT_AL_05_14492165,data/raw/steel/01.원천데이터/1. RTAL/RT_AL_05_14492165.jpg,data/raw/steel/02.라벨링데이터/1. RTAL/RT_AL_05_14492165.json,True,True,True,RT,AL,1280,720,defect,slag inclusion,1,True
14492170,RT_AL_05_14492170,data/raw/steel/01.원천데이터/1. RTAL/RT_AL_05_14492170.jpg,data/raw/steel/02.라벨링데이터/1. RTAL/RT_AL_05_14492170.json,True,True,True,RT,AL,1280,720,defect,slag inclusion,1,True
14492178,RT_AL_05_14492178,data/raw/steel/01.원천데이터/1. RTAL/RT_AL_05_14492178.jpg,data/raw/steel/02.라벨링데이터/1. RTAL/RT_AL_05_14492178.json,True,True,True,RT,AL,1280,720,defect,slag inclusion,4,True
14492184,RT_AL_05_14492184,data/raw/steel/01.원천데이터/1. RTAL/RT_AL_05_14492184.jpg,data/raw/steel/02.라벨링데이터/1. RTAL/RT_AL_05_14492184.json,True,True,True,RT,AL,1280,720,defect,slag inclusion,1,True
14492191,RT_AL_05_14492191,data/raw/steel/01.원천데이터/1. RTAL/RT_AL_05_14492191.jpg,data/raw/steel/02.라벨링데이터/1. RTAL/RT_AL_05_14492191.json,True,True,True,RT,AL,1280,720,defect,slag inclusion,1,True
14492199,RT_AL_05_14492199,data/raw/steel/01.원천데이터/1. RTAL/RT_AL_05_14492199.jpg,data/raw/steel/02.라벨링데이터/1. RTAL/RT_AL_05_14492199.json,True,True,True,RT,AL,1280,720,defect,slag inclusion,2,True
14492206,RT_AL_05_14492206,data/raw/steel/01.원천데이터/1. RTAL/RT_AL_05_14492206.jpg,data/raw/steel/02.라벨링데이터/1. RTAL/RT_AL_05_14492206.json,True,True,True,RT,AL,1280,720,defect,slag inclusion,1,True
14492209,RT_AL_05_14492209,data/raw/steel/01.원천데이터/1. RTAL/RT_AL_05_14492209.jpg,data/raw/steel/02.라벨링데이터/1. RTAL/RT_AL_05_14492209.json,True,True,True,RT,AL,1280,720,defect,slag inclusion,3,True
14492223,RT_AL_05_14492223,data/raw/steel/01.원천데이터/1. RTAL/RT_AL_05_14492223.jpg,data/raw/steel/02.라벨링데이터/1. RTAL/RT_AL_05_14492223.json,True,True,True,RT,AL,1280,720,defect,slag inclusion,5,True
14492250,RT_AL_05_14492250,data/raw/steel/01.원천데이터/1. RTAL/RT_AL_05_14492250.jpg,data/raw/steel/02.라벨링데이터/1. RTAL/RT_AL_05_14492250.json,True,True,True,RT,AL,1280,720,defect,slag inclusion,2,True
14492254,RT_AL_05_14492254,data/raw/steel/01.원천데이터/1. RTAL/RT_AL_05_14492254.jpg,data/raw/steel/02.라벨링데이터/1. RTAL/RT_AL_05_14492254.json,True,True,True,RT,AL,1280,720,defect,slag inclusion,1,True
14492255,RT_AL_05_14492255,data/raw/steel/01.원천데이터/1. RTAL/RT_AL_05_14492255.jpg,data/raw/steel/02.라벨링데이터/1. RTAL/RT_AL_05_14492255.json,True,True,True,RT,AL,1280,720,defect,slag inclusion,1,True
14492256,RT_AL_05_14492256,data/raw/steel/01.원천데이터/1. RTAL/RT_AL_05_14492256.jpg,data/raw/steel/02.라벨링데이터/1. RTAL/RT_AL_05_14492256.json,True,True,True,RT,AL,1280,720,defect,slag inclusion,3,True
14492260,RT_AL_05_14492260,data/raw/steel/01.원천데이터/1. RTAL/RT_AL_05_14492260.jpg,data/raw/steel/02.라벨링데이터/1. RTAL/RT_AL_05_14492260.json,True,True,True,RT,AL,1280,720,defect,slag inclusion,1,True
14492267,RT_AL_05_14492267,data/raw/steel/01.원천데이터/1. RTAL/RT_AL_05_14492267.jpg,data/raw/steel/02.라벨링데이터/1. RTAL/RT_AL_05_14492267.json,True,True,True,RT,AL,1280,720,defect,slag inclusion,2,True
14492277,RT_AL_05_14492277,data/raw/steel/01.원천데이터/1. RTAL/RT_AL_05_14492277.jpg,data/raw/steel/02.라벨링데이터/1. RTAL/RT_AL_05_14492277.json,True,True,True,RT,AL,1280,720,defect,slag inclusion,2,True
14492280,RT_AL_05_14492280,data/raw/steel/01.원천데이터/1. RTAL/RT_AL_05_14492280.jpg,data/raw/steel/02.라벨링데이터/1. RTAL/RT_AL_05_14492280.json,True,True,True,RT,AL,1280,720,defect,slag inclusion,1,True
14492285,RT_AL_05_14492285,data/raw/steel/01.원천데이터/1. RTAL/RT_AL_05_14492285.jpg,data/raw/steel/02.라벨링데이터/1. RTAL/RT_AL_05_14492285.json,True,True,True,RT,AL,1280,720,defect,slag inclusion,3,True
14492310,RT_AL_05_14492310,data/raw/steel/01.원천데이터/1. RTAL/RT_AL_05_14492310.jpg,data/raw/steel/02.라벨링데이터/1. RTAL/RT_AL_05_14492310.json,True,True,True,RT,AL,1280,720,defect,slag inclusion,3,True
14492353,RT_AL_05_14492353,data/raw/steel/01.원천데이터/1. RTAL/RT_AL_05_14492353.jpg,data/raw/steel/02.라벨링데이터/1. RTAL/RT_AL_05_14492353.json,True,True,True,RT,AL,1280,720,defect,slag inclusion,3,True
14492380,RT_AL_05_14492380,data/raw/steel/01.원천데이터/1. RTAL/RT_AL_05_14492380.jpg,data/raw/steel/02.라벨링데이터/1. RTAL/RT_AL_05_14492380.json,True,True,True,RT,AL,1280,720,defect,slag inclusion,1,True
14492383,RT_AL_05_14492383,data/raw/steel/01.원천데이터/1. RTAL/RT_AL_05_14492383.jpg,data/raw/steel/02.라벨링데이터/1. RTAL/RT_AL_05_14492383.json,True,True,True,RT,AL,1280,720,defect,slag inclusion,1,True
14492388,RT_AL_05_14492388,data/raw/steel/01.원천데이터/1. RTAL/RT_AL_05_14492388.jpg,data/raw/steel/02.라벨링데이터/1. RTAL/RT_AL_05_14492388.json,True,True,True,RT,AL,1280,720,defect,slag inclusion,2,True
14492389,RT_AL_05_14492389,data/raw/steel/01.원천데이터/1. RTAL/RT_AL_05_14492389.jpg,data/raw/steel/02.라벨링데이터/1. RTAL/RT_AL_05_14492389.json,True,True,True,RT,AL,1280,720,defect,slag inclusion,3,True
14492395,RT_AL_05_14492395,data/raw/steel/01.원천데이터/1. RTAL/RT_AL_05_14492395.jpg,data/raw/steel/02.라벨링데이터/1. RTAL/RT_AL_05_14492395.json,True,True,True,RT,AL,1280,720,defect,slag inclusion,2,True
14492419,RT_AL_05_14492419,data/raw/steel/01.원천데이터/1. RTAL/RT_AL_05_14492419.jpg,data/raw/steel/02.라벨링데이터/1. RTAL/RT_AL_05_14492419.json,True,True,True,RT,AL,1280,720,defect,slag inclusion,3,True
14492425,RT_AL_05_14492425,data/raw/steel/01.원천데이터/1. RTAL/RT_AL_05_14492425.jpg,data/raw/steel/02.라벨링데이터/1. RTAL/RT_AL_05_14492425.json,True,True,True,RT,AL,1280,720,defect,slag inclusion,4,True
14492428,RT_AL_05_14492428,data/raw/steel/01.원천데이터/1. RTAL/RT_AL_05_14492428.jpg,data/raw/steel/02.라벨링데이터/1. RTAL/RT_AL_05_14492428.json,True,True,True,RT,AL,1280,720,defect,slag inclusion,2,True
14492472,RT_AL_05_14492472,data/raw/steel/01.원천데이터/1. RTAL/RT_AL_05_14492472.jpg,data/raw/steel/02.라벨링데이터/1. RTAL/RT_AL_05_14492472.json,True,True,True,RT,AL,1280,720,defect,slag inclusion,4,True
14492493,RT_AL_05_14492493,data/raw/steel/01.원천데이터/1. RTAL/RT_AL_05_14492493.jpg,data/raw/steel/02.라벨링데이터/1. RTAL/RT_AL_05_14492493.json,True,True,True,RT,AL,1280,720,defect,slag inclusion,5,True
14492527,RT_AL_05_14492527,data/raw/steel/01.원천데이터/1. RTAL/RT_AL_05_14492527.jpg,data/raw/steel/02.라벨링데이터/1. RTAL/RT_AL_05_14492527.json,True,True,True,RT,AL,1280,720,defect,slag inclusion,3,True
14492547,RT_AL_05_14492547,data/raw/steel/01.원천데이터/1. RTAL/RT_AL_05_14492547.jpg,data/raw/steel/02.라벨링데이터/1. RTAL/RT_AL_05_14492547.json,True,True,True,RT,AL,1280,720,defect,slag inclusion,3,True
14492553,RT_AL_05_14492553,data/raw/steel/01.원천데이터/1. RTAL/RT_AL_05_14492553.jpg,data/raw/steel/02.라벨링데이터/1. RTAL/RT_AL_05_14492553.json,True,True,True,RT,AL,1280,720,defect,slag inclusion,3,True
14492576,RT_AL_05_14492576,data/raw/steel/01.원천데이터/1. RTAL/RT_AL_05_14492576.jpg,data/raw/steel/02.라벨링데이터/1. RTAL/RT_AL_05_14492576.json,True,True,True,RT,AL,1280,720,defect,slag inclusion,2,True
14492603,RT_AL_05_14492603,data/raw/steel/01.원천데이터/1. RTAL/RT_AL_05_14492603.jpg,data/raw/steel/02.라벨링데이터/1. RTAL/RT_AL_05_14492603.json,True,True,True,RT,AL,1280,720,defect,slag inclusion,1,True
14492608,RT_AL_05_14492608,data/raw/steel/01.원천데이터/1. RTAL/RT_AL_05_14492608.jpg,data/raw/steel/02.라벨링데이터/1. RTAL/RT_AL_05_14492608.json,True,True,True,RT,AL,1280,720,defect,slag inclusion,1,True
14492632,RT_AL_05_14492632,data/raw/steel/01.원천데이터/1. RTAL/RT_AL_05_14492632.jpg,data/raw/steel/02.라벨링데이터/1. RTAL/RT_AL_05_14492632.json,True,True,True,RT,AL,1280,720,defect,slag inclusion,1,True
14492647,RT_AL_05_14492647,data/raw/steel/01.원천데이터/1. RTAL/RT_AL_05_14492647.jpg,data/raw/steel/02.라벨링데이터/1. RTAL/RT_AL_05_14492647.json,True,True,True,RT,AL,1280,720,defect,slag inclusion,1,True
14492668,RT_AL_05_14492668,data/raw/steel/01.원천데이터/1. RTAL/RT_AL_05_14492668.jpg,data/raw/steel/02.라벨링데이터/1. RTAL/RT_AL_05_14492668.json,True,True,True,RT,AL,1280,720,defect,slag inclusion,2,True
14492681,RT_AL_05_14492681,data/raw/steel/01.원천데이터/1. RTAL/RT_AL_05_14492681.jpg,data/raw/steel/02.라벨링데이터/1. RTAL/RT_AL_05_14492681.json,True,True,True,RT,AL,1280,720,defect,slag inclusion,3,True
14492700,RT_AL_05_14492700,data/raw/steel/01.원천데이터/1. RTAL/RT_AL_05_14492700.jpg,data/raw/steel/02.라벨링데이터/1. RTAL/RT_AL_05_14492700.json,True,True,True,RT,AL,1280,720,defect,slag inclusion,1,True
14492706,RT_AL_05_14492706,data/raw/steel/01.원천데이터/1. RTAL/RT_AL_05_14492706.jpg,data/raw/steel/02.라벨링데이터/1. RTAL/RT_AL_05_14492706.json,True,True,True,RT,AL,1280,720,defect,slag inclusion,2,True
14492741,RT_AL_05_14492741,data/raw/steel/01.원천데이터/1. RTAL/RT_AL_05_14492741.jpg,data/raw/steel/02.라벨링데이터/1. RTAL/RT_AL_05_14492741.json,True,True,True,RT,AL,1280,720,defect,slag inclusion,3,True
14492745,RT_AL_05_14492745,data/raw/steel/01.원천데이터/1. RTAL/RT_AL_05_14492745.jpg,data/raw/steel/02.라벨링데이터/1. RTAL/RT_AL_05_14492745.json,True,True,True,RT,AL,1280,720,defect,slag inclusion,1,True
14492752,RT_AL_05_14492752,data/raw/steel/01.원천데이터/1. RTAL/RT_AL_05_14492752.jpg,data/raw/steel/02.라벨링데이터/1. RTAL/RT_AL_05_14492752.json,True,True,True,RT,AL,1280,720,defect,slag inclusion,1,True
14492773,RT_AL_05_14492773,data/raw/steel/01.원천데이터/1. RTAL/RT_AL_05_14492773.jpg,data/raw/steel/02.라벨링데이터/1. RTAL/RT_AL_05_14492773.json,True,True,True,RT,AL,1280,720,defect,slag inclusion,2,True
14492794,RT_AL_05_14492794,data/raw/steel/01.원천데이터/1. RTAL/RT_AL_05_14492794.jpg,data/raw/steel/02.라벨링데이터/1. RTAL/RT_AL_05_14492794.json,True,True,True,RT,AL,1280,720,defect,slag inclusion,1,True
14492806,RT_AL_05_14492806,data/raw/steel/01.원천데이터/1. RTAL/RT_AL_05_14492806.jpg,data/raw/steel/02.라벨링데이터/1. RTAL/RT_AL_05_14492806.json,True,True,True,RT,AL,1280,720,defect,slag inclusion,2,True
14492843,RT_AL_05_14492843,data/raw/steel/01.원천데이터/1. RTAL/RT_AL_05_14492843.jpg,data/raw/steel/02.라벨링데이터/1. RTAL/RT_AL_05_14492843.json,True,True,True,RT,AL,1280,720,defect,slag inclusion,1,True
14492845,RT_AL_05_14492845,data/raw/steel/01.원천데이터/1. RTAL/RT_AL_05_14492845.jpg,data/raw/steel/02.라벨링데이터/1. RTAL/RT_AL_05_14492845.json,True,True,True,RT,AL,1280,720,defect,slag inclusion,5,True
14492847,RT_AL_05_14492847,data/raw/steel/01.원천데이터/1. RTAL/RT_AL_05_14492847.jpg,data/raw/steel/02.라벨링데이터/1. RTAL/RT_AL_05_14492847.json,True,True,True,RT,AL,1280,720,defect,slag inclusion,1,True
14492884,RT_AL_05_14492884,data/raw/steel/01.원천데이터/1. RTAL/RT_AL_05_14492884.jpg,data/raw/steel/02.라벨링데이터/1. RTAL/RT_AL_05_14492884.json,True,True,True,RT,AL,1280,720,defect,slag inclusion,1,True
14492886,RT_AL_05_14492886,data/raw/steel/01.원천데이터/1. RTAL/RT_AL_05_14492886.jpg,data/raw/steel/02.라벨링데이터/1. RTAL/RT_AL_05_14492886.json,True,True,True,RT,AL,1280,720,defect,slag inclusion,1,True
14492906,RT_AL_05_14492906,data/raw/steel/01.원천데이터/1. RTAL/RT_AL_05_14492906.jpg,data/raw/steel/02.라벨링데이터/1. RTAL/RT_AL_05_14492906.json,True,True,True,RT,AL,1280,720,defect,slag inclusion,1,True
14492910,RT_AL_05_14492910,data/raw/steel/01.원천데이터/1. RTAL/RT_AL_05_14492910.jpg,data/raw/steel/02.라벨링데이터/1. RTAL/RT_AL_05_14492910.json,True,True,True,RT,AL,1280,720,defect,slag inclusion,3,True
14492914,RT_AL_05_14492914,data/raw/steel/01.원천데이터/1. RTAL/RT_AL_05_14492914.jpg,data/raw/steel/02.라벨링데이터/1. RTAL/RT_AL_05_14492914.json,True,True,True,RT,AL,1280,720,defect,slag inclusion,4,True
14492954,RT_AL_05_14492954,data/raw/steel/01.원천데이터/1. RTAL/RT_AL_05_14492954.jpg,data/raw/steel/02.라벨링데이터/1. RTAL/RT_AL_05_14492954.json,True,True,True,RT,AL,1280,720,defect,slag inclusion,1,True
14492977,RT_AL_05_14492977,data/raw/steel/01.원천데이터/1. RTAL/RT_AL_05_14492977.jpg,data/raw/steel/02.라벨링데이터/1. RTAL/RT_AL_05_14492977.json,True,True,True,RT,AL,1280,720,defect,slag inclusion,2,True
14493018,RT_AL_05_14493018,data/raw/steel/01.원천데이터/1. RTAL/RT_AL_05_14493018.jpg,data/raw/steel/02.라벨링데이터/1. RTAL/RT_AL_05_14493018.json,True,True,True,RT,AL,1280,720,defect,slag inclusion,1,True
14493029,RT_AL_05_14493029,data/raw/steel/01.원천데이터/1. RTAL/RT_AL_05_14493029.jpg,data/raw/steel/02.라벨링데이터/1. RTAL/RT_AL_05_14493029.json,True,True,True,RT,AL,1280,720,defect,slag inclusion,1,True
14493049,RT_AL_05_14493049,data/raw/steel/01.원천데이터/1. RTAL/RT_AL_05_14493049.jpg,data/raw/steel/02.라벨링데이터/1. RTAL/RT_AL_05_14493049.json,True,True,True,RT,AL,1280,720,defect,slag inclusion,1,True
14493055,RT_AL_05_14493055,data/raw/steel/01.원천데이터/1. RTAL/RT_AL_05_14493055.jpg,data/raw/steel/02.라벨링데이터/1. RTAL/RT_AL_05_14493055.json,True,True,True,RT,AL,1280,720,defect,slag inclusion,1,True
14493059,RT_AL_05_14493059,data/raw/steel/01.원천데이터/1. RTAL/RT_AL_05_14493059.jpg,data/raw/steel/02.라벨링데이터/1. RTAL/RT_AL_05_14493059.json,True,True,True,RT,AL,1280,720,defect,slag inclusion,1,True
14493063,RT_AL_05_14493063,data/raw/steel/01.원천데이터/1. RTAL/RT_AL_05_14493063.jpg,data/raw/steel/02.라벨링데이터/1. RTAL/RT_AL_05_14493063.json,True,True,True,RT,AL,1280,720,defect,slag inclusion,1,True
14493068,RT_AL_05_14493068,data/raw/steel/01.원천데이터/1. RTAL/RT_AL_05_14493068.jpg,data/raw/steel/02.라벨링데이터/1. RTAL/RT_AL_05_14493068.json,True,True,True,RT,AL,1280,720,defect,slag inclusion,1,True
14493074,RT_AL_05_14493074,data/raw/steel/01.원천데이터/1. RTAL/RT_AL_05_14493074.jpg,data/raw/steel/02.라벨링데이터/1. RTAL/RT_AL_05_14493074.json,True,True,True,RT,AL,1280,720,defect,slag inclusion,1,True
14493100,RT_AL_05_14493100,data/raw/steel/01.원천데이터/1. RTAL/RT_AL_05_14493100.jpg,data/raw/steel/02.라벨링데이터/1. RTAL/RT_AL_05_14493100.json,True,True,True,RT,AL,1280,720,defect,slag inclusion,3,True
14493112,RT_AL_05_14493112,data/raw/steel/01.원천데이터/1. RTAL/RT_AL_05_14493112.jpg,data/raw/steel/02.라벨링데이터/1. RTAL/RT_AL_05_14493112.json,True,True,True,RT,AL,1280,720,defect,slag inclusion,1,True
14493120,RT_AL_05_14493120,data/raw/steel/01.원천데이터/1. RTAL/RT_AL_05_14493120.jpg,data/raw/steel/02.라벨링데이터/1. RTAL/RT_AL_05_14493120.json,True,True,True,RT,AL,1280,720,defect,slag inclusion,2,True
14493125,RT_AL_05_14493125,data/raw/steel/01.원천데이터/1. RTAL/RT_AL_05_14493125.jpg,data/raw/steel/02.라벨링데이터/1. RTAL/RT_AL_05_14493125.json,True,True,True,RT,AL,1280,720,defect,slag inclusion,1,True
14493131,RT_AL_05_14493131,data/raw/steel/01.원천데이터/1. RTAL/RT_AL_05_14493131.jpg,data/raw/steel/02.라벨링데이터/1. RTAL/RT_AL_05_14493131.json,True,True,True,RT,AL,1280,720,defect,slag inclusion,1,True
14493170,RT_AL_05_14493170,data/raw/steel/01.원천데이터/1. RTAL/RT_AL_05_14493170.jpg,data/raw/steel/02.라벨링데이터/1. RTAL/RT_AL_05_14493170.json,True,True,True,RT,AL,1280,720,defect,slag inclusion,1,True
14493196,RT_AL_05_14493196,data/raw/steel/01.원천데이터/1. RTAL/RT_AL_05_14493196.jpg,data/raw/steel/02.라벨링데이터/1. RTAL/RT_AL_05_14493196.json,True,True,True,RT,AL,1280,720,defect,slag inclusion,3,True
14493204,RT_AL_05_14493204,data/raw/steel/01.원천데이터/1. RTAL/RT_AL_05_14493204.jpg,data/raw/steel/02.라벨링데이터/1. RTAL/RT_AL_05_14493204.json,True,True,True,RT,AL,1280,720,defect,slag inclusion,1,True
14493218,RT_AL_05_14493218,data/raw/steel/01.원천데이터/1. RTAL/RT_AL_05_14493218.jpg,data/raw/steel/02.라벨링데이터/1. RTAL/RT_AL_05_14493218.json,True,True,True,RT,AL,1280,720,defect,slag inclusion,2,True
14493241,RT_AL_05_14493241,data/raw/steel/01.원천데이터/1. RTAL/RT_AL_05_14493241.jpg,data/raw/steel/02.라벨링데이터/1. RTAL/RT_AL_05_14493241.json,True,True,True,RT,AL,1280,720,defect,slag inclusion,1,True
14493244,RT_AL_05_14493244,data/raw/steel/01.원천데이터/1. RTAL/RT_AL_05_14493244.jpg,data/raw/steel/02.라벨링데이터/1. RTAL/RT_AL_05_14493244.json,True,True,True,RT,AL,1280,720,defect,slag inclusion,4,True
14493264,RT_AL_05_14493264,data/raw/steel/01.원천데이터/1. RTAL/RT_AL_05_14493264.jpg,data/raw/steel/02.라벨링데이터/1. RTAL/RT_AL_05_14493264.json,True,True,True,RT,AL,1280,720,defect,slag inclusion,1,True
14493280,RT_AL_05_14493280,data/raw/steel/01.원천데이터/1. RTAL/RT_AL_05_14493280.jpg,data/raw/steel/02.라벨링데이터/1. RTAL/RT_AL_05_14493280.json,True,True,True,RT,AL,1280,720,defect,slag inclusion,4,True
14493285,RT_AL_05_14493285,data/raw/steel/01.원천데이터/1. RTAL/RT_AL_05_14493285.jpg,data/raw/steel/02.라벨링데이터/1. RTAL/RT_AL_05_14493285.json,True,True,True,RT,AL,1280,720,defect,slag inclusion,3,True
14493287,RT_AL_05_14493287,data/raw/steel/01.원천데이터/1. RTAL/RT_AL_05_14493287.jpg,data/raw/steel/02.라벨링데이터/1. RTAL/RT_AL_05_14493287.json,True,True,True,RT,AL,1280,720,defect,slag inclusion,2,True
14493291,RT_AL_05_14493291,data/raw/steel/01.원천데이터/1. RTAL/RT_AL_05_14493291.jpg,data/raw/steel/02.라벨링데이터/1. RTAL/RT_AL_05_14493291.json,True,True,True,RT,AL,1280,720,defect,slag inclusion,5,True
14493312,RT_AL_05_14493312,data/raw/steel/01.원천데이터/1. RTAL/RT_AL_05_14493312.jpg,data/raw/steel/02.라벨링데이터/1. RTAL/RT_AL_05_14493312.json,True,True,True,RT,AL,1280,720,defect,slag inclusion,1,True
14493316,RT_AL_05_14493316,data/raw/steel/01.원천데이터/1. RTAL/RT_AL_05_14493316.jpg,data/raw/steel/02.라벨링데이터/1. RTAL/RT_AL_05_14493316.json,True,True,True,RT,AL,1280,720,defect,slag inclusion,2,True
14493327,RT_AL_05_14493327,data/raw/steel/01.원천데이터/1. RTAL/RT_AL_05_14493327.jpg,data/raw/steel/02.라벨링데이터/1. RTAL/RT_AL_05_14493327.json,True,True,True,RT,AL,1280,720,defect,slag inclusion,1,True
14493341,RT_AL_05_14493341,data/raw/steel/01.원천데이터/1. RTAL/RT_AL_05_14493341.jpg,data/raw/steel/02.라벨링데이터/1. RTAL/RT_AL_05_14493341.json,True,True,True,RT,AL,1280,720,defect,slag inclusion,2,True
14493343,RT_AL_05_14493343,data/raw/steel/01.원천데이터/1. RTAL/RT_AL_05_14493343.jpg,data/raw/steel/02.라벨링데이터/1. RTAL/RT_AL_05_14493343.json,True,True,True,RT,AL,1280,720,defect,slag inclusion,2,True
14493351,RT_AL_05_14493351,data/raw/steel/01.원천데이터/1. RTAL/RT_AL_05_14493351.jpg,data/raw/steel/02.라벨링데이터/1. RTAL/RT_AL_05_14493351.json,True,True,True,RT,AL,1280,720,defect,slag inclusion,1,True
14493373,RT_AL_05_14493373,data/raw/steel/01.원천데이터/1. RTAL/RT_AL_05_14493373.jpg,data/raw/steel/02.라벨링데이터/1. RTAL/RT_AL_05_14493373.json,True,True,True,RT,AL,1280,720,defect,slag inclusion,1,True
14493376,RT_AL_05_14493376,data/raw/steel/01.원천데이터/1. RTAL/RT_AL_05_14493376.jpg,data/raw/steel/02.라벨링데이터/1. RTAL/RT_AL_05_14493376.json,True,True,True,RT,AL,1280,720,defect,slag inclusion,4,True
14493380,RT_AL_05_14493380,data/raw/steel/01.원천데이터/1. RTAL/RT_AL_05_14493380.jpg,data/raw/steel/02.라벨링데이터/1. RTAL/RT_AL_05_14493380.json,True,True,True,RT,AL,1280,720,defect,slag inclusion,1,True
14493381,RT_AL_05_14493381,data/raw/steel/01.원천데이터/1. RTAL/RT_AL_05_14493381.jpg,data/raw/steel/02.라벨링데이터/1. RTAL/RT_AL_05_14493381.json,True,True,True,RT,AL,1280,720,defect,slag inclusion,1,True
14493390,RT_AL_05_14493390,data/raw/steel/01.원천데이터/1. RTAL/RT_AL_05_14493390.jpg,data/raw/steel/02.라벨링데이터/1. RTAL/RT_AL_05_14493390.json,True,True,True,RT,AL,1280,720,defect,slag inclusion,1,True
14517438,RT_ST_01_14517438,data/raw/steel/01.원천데이터/2. RTST/RT_ST_01_14517438.jpg,data/raw/steel/02.라벨링데이터/2. RTST/RT_ST_01_14517438.json,True,True,True,RT,ST,1280,720,defect,crack,3,True
14517439,RT_ST_01_14517439,data/raw/steel/01.원천데이터/2. RTST/RT_ST_01_14517439.jpg,data/raw/steel/02.라벨링데이터/2. RTST/RT_ST_01_14517439.json,True,True,True,RT,ST,1280,720,defect,crack,1,True
14517456,RT_ST_01_14517456,data/raw/steel/01.원천데이터/2. RTST/RT_ST_01_14517456.jpg,data/raw/steel/02.라벨링데이터/2. RTST/RT_ST_01_14517456.json,True,True,True,RT,ST,1280,720,defect,crack,1,True
14517460,RT_ST_01_14517460,data/raw/steel/01.원천데이터/2. RTST/RT_ST_01_14517460.jpg,data/raw/steel/02.라벨링데이터/2. RTST/RT_ST_01_14517460.json,True,True,True,RT,ST,1280,720,defect,crack,4,True
14517472,RT_ST_01_14517472,data/raw/steel/01.원천데이터/2. RTST/RT_ST_01_14517472.jpg,data/raw/steel/02.라벨링데이터/2. RTST/RT_ST_01_14517472.json,True,True,True,RT,ST,1280,720,defect,crack,1,True
14517494,RT_ST_01_14517494,data/raw/steel/01.원천데이터/2. RTST/RT_ST_01_14517494.jpg,data/raw/steel/02.라벨링데이터/2. RTST/RT_ST_01_14517494.json,True,True,True,RT,ST,1280,720,defect,crack,1,True
14517503,RT_ST_01_14517503,data/raw/steel/01.원천데이터/2. RTST/RT_ST_01_14517503.jpg,data/raw/steel/02.라벨링데이터/2. RTST/RT_ST_01_14517503.json,True,True,True,RT,ST,1280,720,defect,crack,1,True
14517513,RT_ST_01_14517513,data/raw/steel/01.원천데이터/2. RTST/RT_ST_01_14517513.jpg,data/raw/steel/02.라벨링데이터/2. RTST/RT_ST_01_14517513.json,True,True,True,RT,ST,1280,720,defect,crack,1,True
14517530,RT_ST_01_14517530,data/raw/steel/01.원천데이터/2. RTST/RT_ST_01_14517530.jpg,data/raw/steel/02.라벨링데이터/2. RTST/RT_ST_01_14517530.json,True,True,True,RT,ST,1280,720,defect,crack,1,True
14517544,RT_ST_01_14517544,data/raw/steel/01.원천데이터/2. RTST/RT_ST_01_14517544.jpg,data/raw/steel/02.라벨링데이터/2. RTST/RT_ST_01_14517544.json,True,True,True,RT,ST,1280,720,defect,crack,6,True
14517545,RT_ST_01_14517545,data/raw/steel/01.원천데이터/2. RTST/RT_ST_01_14517545.jpg,data/raw/steel/02.라벨링데이터/2. RTST/RT_ST_01_14517545.json,True,True,True,RT,ST,1280,720,defect,crack,1,True
14517556,RT_ST_01_14517556,data/raw/steel/01.원천데이터/2. RTST/RT_ST_01_14517556.jpg,data/raw/steel/02.라벨링데이터/2. RTST/RT_ST_01_14517556.json,True,True,True,RT,ST,1280,720,defect,crack,3,True
14517571,RT_ST_01_14517571,data/raw/steel/01.원천데이터/2. RTST/RT_ST_01_14517571.jpg,data/raw/steel/02.라벨링데이터/2. RTST/RT_ST_01_14517571.json,True,True,True,RT,ST,1280,720,defect,crack,6,True
14517583,RT_ST_01_14517583,data/raw/steel/01.원천데이터/2. RTST/RT_ST_01_14517583.jpg,data/raw/steel/02.라벨링데이터/2. RTST/RT_ST_01_14517583.json,True,True,True,RT,ST,1280,720,defect,crack,2,True
14517585,RT_ST_01_14517585,data/raw/steel/01.원천데이터/2. RTST/RT_ST_01_14517585.jpg,data/raw/steel/02.라벨링데이터/2. RTST/RT_ST_01_14517585.json,True,True,True,RT,ST,1280,720,defect,crack,1,True
14517591,RT_ST_01_14517591,data/raw/steel/01.원천데이터/2. RTST/RT_ST_01_14517591.jpg,data/raw/steel/02.라벨링데이터/2. RTST/RT_ST_01_14517591.json,True,True,True,RT,ST,1280,720,defect,crack,1,True
14517592,RT_ST_01_14517592,data/raw/steel/01.원천데이터/2. RTST/RT_ST_01_14517592.jpg,data/raw/steel/02.라벨링데이터/2. RTST/RT_ST_01_14517592.json,True,True,True,RT,ST,1280,720,defect,crack,2,True
14517597,RT_ST_01_14517597,data/raw/steel/01.원천데이터/2. RTST/RT_ST_01_14517597.jpg,data/raw/steel/02.라벨링데이터/2. RTST/RT_ST_01_14517597.json,True,True,True,RT,ST,1280,720,defect,crack,1,True
14517600,RT_ST_01_14517600,data/raw/steel/01.원천데이터/2. RTST/RT_ST_01_14517600.jpg,data/raw/steel/02.라벨링데이터/2. RTST/RT_ST_01_14517600.json,True,True,True,RT,ST,1280,720,defect,crack,4,True
14517604,RT_ST_01_14517604,data/raw/steel/01.원천데이터/2. RTST/RT_ST_01_14517604.jpg,data/raw/steel/02.라벨링데이터/2. RTST/RT_ST_01_14517604.json,True,True,True,RT,ST,1280,720,defect,crack,2,True
14517619,RT_ST_01_14517619,data/raw/steel/01.원천데이터/2. RTST/RT_ST_01_14517619.jpg,data/raw/steel/02.라벨링데이터/2. RTST/RT_ST_01_14517619.json,True,True,True,RT,ST,1280,720,defect,crack,1,True
14517625,RT_ST_01_14517625,data/raw/steel/01.원천데이터/2. RTST/RT_ST_01_14517625.jpg,data/raw/steel/02.라벨링데이터/2. RTST/RT_ST_01_14517625.json,True,True,True,RT,ST,1280,720,defect,crack,2,True
14517636,RT_ST_01_14517636,data/raw/steel/01.원천데이터/2. RTST/RT_ST_01_14517636.jpg,data/raw/steel/02.라벨링데이터/2. RTST/RT_ST_01_14517636.json,True,True,True,RT,ST,1280,720,defect,crack,1,True
14517651,RT_ST_01_14517651,data/raw/steel/01.원천데이터/2. RTST/RT_ST_01_14517651.jpg,data/raw/steel/02.라벨링데이터/2. RTST/RT_ST_01_14517651.json,True,True,True,RT,ST,1280,720,defect,crack,1,True
14517654,RT_ST_01_14517654,data/raw/steel/01.원천데이터/2. RTST/RT_ST_01_14517654.jpg,data/raw/steel/02.라벨링데이터/2. RTST/RT_ST_01_14517654.json,True,True,True,RT,ST,1280,720,defect,crack,1,True
14517661,RT_ST_01_14517661,data/raw/steel/01.원천데이터/2. RTST/RT_ST_01_14517661.jpg,data/raw/steel/02.라벨링데이터/2. RTST/RT_ST_01_14517661.json,True,True,True,RT,ST,1280,720,defect,crack,2,True
14517678,RT_ST_01_14517678,data/raw/steel/01.원천데이터/2. RTST/RT_ST_01_14517678.jpg,data/raw/steel/02.라벨링데이터/2. RTST/RT_ST_01_14517678.json,True,True,True,RT,ST,1280,720,defect,crack,5,True
14517709,RT_ST_01_14517709,data/raw/steel/01.원천데이터/2. RTST/RT_ST_01_14517709.jpg,data/raw/steel/02.라벨링데이터/2. RTST/RT_ST_01_14517709.json,True,True,True,RT,ST,1280,720,defect,crack,1,True
14517714,RT_ST_01_14517714,data/raw/steel/01.원천데이터/2. RTST/RT_ST_01_14517714.jpg,data/raw/steel/02.라벨링데이터/2. RTST/RT_ST_01_14517714.json,True,True,True,RT,ST,1280,720,defect,crack,5,True
14517740,RT_ST_01_14517740,data/raw/steel/01.원천데이터/2. RTST/RT_ST_01_14517740.jpg,data/raw/steel/02.라벨링데이터/2. RTST/RT_ST_01_14517740.json,True,True,True,RT,ST,1280,720,defect,crack,3,True
14517756,RT_ST_01_14517756,data/raw/steel/01.원천데이터/2. RTST/RT_ST_01_14517756.jpg,data/raw/steel/02.라벨링데이터/2. RTST/RT_ST_01_14517756.json,True,True,True,RT,ST,1280,720,defect,crack,4,True
14517764,RT_ST_01_14517764,data/raw/steel/01.원천데이터/2. RTST/RT_ST_01_14517764.jpg,data/raw/steel/02.라벨링데이터/2. RTST/RT_ST_01_14517764.json,True,True,True,RT,ST,1280,720,defect,crack,2,True
14517778,RT_ST_01_14517778,data/raw/steel/01.원천데이터/2. RTST/RT_ST_01_14517778.jpg,data/raw/steel/02.라벨링데이터/2. RTST/RT_ST_01_14517778.json,True,True,True,RT,ST,1280,720,defect,crack,1,True
14517805,RT_ST_01_14517805,data/raw/steel/01.원천데이터/2. RTST/RT_ST_01_14517805.jpg,data/raw/steel/02.라벨링데이터/2. RTST/RT_ST_01_14517805.json,True,True,True,RT,ST,1280,720,defect,crack,2,True
14517835,RT_ST_01_14517835,data/raw/steel/01.원천데이터/2. RTST/RT_ST_01_14517835.jpg,data/raw/steel/02.라벨링데이터/2. RTST/RT_ST_01_14517835.json,True,True,True,RT,ST,1280,720,defect,crack,1,True
14517861,RT_ST_01_14517861,data/raw/steel/01.원천데이터/2. RTST/RT_ST_01_14517861.jpg,data/raw/steel/02.라벨링데이터/2. RTST/RT_ST_01_14517861.json,True,True,True,RT,ST,1280,720,defect,crack,1,True
14517871,RT_ST_01_14517871,data/raw/steel/01.원천데이터/2. RTST/RT_ST_01_14517871.jpg,data/raw/steel/02.라벨링데이터/2. RTST/RT_ST_01_14517871.json,True,True,True,RT,ST,1280,720,defect,crack,1,True
14517899,RT_ST_01_14517899,data/raw/steel/01.원천데이터/2. RTST/RT_ST_01_14517899.jpg,data/raw/steel/02.라벨링데이터/2. RTST/RT_ST_01_14517899.json,True,True,True,RT,ST,1280,720,defect,crack,1,True
14517917,RT_ST_01_14517917,data/raw/steel/01.원천데이터/2. RTST/RT_ST_01_14517917.jpg,data/raw/steel/02.라벨링데이터/2. RTST/RT_ST_01_14517917.json,True,True,True,RT,ST,1280,720,defect,crack,2,True
14517920,RT_ST_01_14517920,data/raw/steel/01.원천데이터/2. RTST/RT_ST_01_14517920.jpg,data/raw/steel/02.라벨링데이터/2. RTST/RT_ST_01_14517920.json,True,True,True,RT,ST,1280,720,defect,crack,1,True
14517937,RT_ST_01_14517937,data/raw/steel/01.원천데이터/2. RTST/RT_ST_01_14517937.jpg,data/raw/steel/02.라벨링데이터/2. RTST/RT_ST_01_14517937.json,True,True,True,RT,ST,1280,720,defect,crack,1,True
14517940,RT_ST_01_14517940,data/raw/steel/01.원천데이터/2. RTST/RT_ST_01_14517940.jpg,data/raw/steel/02.라벨링데이터/2. RTST/RT_ST_01_14517940.json,True,True,True,RT,ST,1280,720,defect,crack,1,True
14517964,RT_ST_01_14517964,data/raw/steel/01.원천데이터/2. RTST/RT_ST_01_14517964.jpg,data/raw/steel/02.라벨링데이터/2. RTST/RT_ST_01_14517964.json,True,True,True,RT,ST,1280,720,defect,crack,3,True
14517980,RT_ST_01_14517980,data/raw/steel/01.원천데이터/2. RTST/RT_ST_01_14517980.jpg,data/raw/steel/02.라벨링데이터/2. RTST/RT_ST_01_14517980.json,True,True,True,RT,ST,1280,720,defect,crack,1,True
14517986,RT_ST_01_14517986,data/raw/steel/01.원천데이터/2. RTST/RT_ST_01_14517986.jpg,data/raw/steel/02.라벨링데이터/2. RTST/RT_ST_01_14517986.json,True,True,True,RT,ST,1280,720,defect,crack,1,True
14517988,RT_ST_01_14517988,data/raw/steel/01.원천데이터/2. RTST/RT_ST_01_14517988.jpg,data/raw/steel/02.라벨링데이터/2. RTST/RT_ST_01_14517988.json,True,True,True,RT,ST,1280,720,defect,crack,1,True
14518006,RT_ST_01_14518006,data/raw/steel/01.원천데이터/2. RTST/RT_ST_01_14518006.jpg,data/raw/steel/02.라벨링데이터/2. RTST/RT_ST_01_14518006.json,True,True,True,RT,ST,1280,720,defect,crack,1,True
14518017,RT_ST_01_14518017,data/raw/steel/01.원천데이터/2. RTST/RT_ST_01_14518017.jpg,data/raw/steel/02.라벨링데이터/2. RTST/RT_ST_01_14518017.json,True,True,True,RT,ST,1280,720,defect,crack,3,True
14518036,RT_ST_01_14518036,data/raw/steel/01.원천데이터/2. RTST/RT_ST_01_14518036.jpg,data/raw/steel/02.라벨링데이터/2. RTST/RT_ST_01_14518036.json,True,True,True,RT,ST,1280,720,defect,crack,1,True
14518041,RT_ST_01_14518041,data/raw/steel/01.원천데이터/2. RTST/RT_ST_01_14518041.jpg,data/raw/steel/02.라벨링데이터/2. RTST/RT_ST_01_14518041.json,True,True,True,RT,ST,1280,720,defect,crack,1,True
14518046,RT_ST_01_14518046,data/raw/steel/01.원천데이터/2. RTST/RT_ST_01_14518046.jpg,data/raw/steel/02.라벨링데이터/2. RTST/RT_ST_01_14518046.json,True,True,True,RT,ST,1280,720,defect,crack,1,True
14518070,RT_ST_01_14518070,data/raw/steel/01.원천데이터/2. RTST/RT_ST_01_14518070.jpg,data/raw/steel/02.라벨링데이터/2. RTST/RT_ST_01_14518070.json,True,True,True,RT,ST,1280,720,defect,crack,1,True
14518076,RT_ST_01_14518076,data/raw/steel/01.원천데이터/2. RTST/RT_ST_01_14518076.jpg,data/raw/steel/02.라벨링데이터/2. RTST/RT_ST_01_14518076.json,True,True,True,RT,ST,1280,720,defect,crack,7,True
14518083,RT_ST_01_14518083,data/raw/steel/01.원천데이터/2. RTST/RT_ST_01_14518083.jpg,data/raw/steel/02.라벨링데이터/2. RTST/RT_ST_01_14518083.json,True,True,True,RT,ST,1280,720,defect,crack,5,True
14518092,RT_ST_01_14518092,data/raw/steel/01.원천데이터/2. RTST/RT_ST_01_14518092.jpg,data/raw/steel/02.라벨링데이터/2. RTST/RT_ST_01_14518092.json,True,True,True,RT,ST,1280,720,defect,crack,1,True
14518099,RT_ST_01_14518099,data/raw/steel/01.원천데이터/2. RTST/RT_ST_01_14518099.jpg,data/raw/steel/02.라벨링데이터/2. RTST/RT_ST_01_14518099.json,True,True,True,RT,ST,1280,720,defect,crack,1,True
14518102,RT_ST_01_14518102,data/raw/steel/01.원천데이터/2. RTST/RT_ST_01_14518102.jpg,data/raw/steel/02.라벨링데이터/2. RTST/RT_ST_01_14518102.json,True,True,True,RT,ST,1280,720,defect,crack,1,True
14518107,RT_ST_01_14518107,data/raw/steel/01.원천데이터/2. RTST/RT_ST_01_14518107.jpg,data/raw/steel/02.라벨링데이터/2. RTST/RT_ST_01_14518107.json,True,True,True,RT,ST,1280,720,defect,crack,1,True
14518116,RT_ST_01_14518116,data/raw/steel/01.원천데이터/2. RTST/RT_ST_01_14518116.jpg,data/raw/steel/02.라벨링데이터/2. RTST/RT_ST_01_14518116.json,True,True,True,RT,ST,1280,720,defect,crack,4,True
14518120,RT_ST_01_14518120,data/raw/steel/01.원천데이터/2. RTST/RT_ST_01_14518120.jpg,data/raw/steel/02.라벨링데이터/2. RTST/RT_ST_01_14518120.json,True,True,True,RT,ST,1280,720,defect,crack,1,True
14518136,RT_ST_01_14518136,data/raw/steel/01.원천데이터/2. RTST/RT_ST_01_14518136.jpg,data/raw/steel/02.라벨링데이터/2. RTST/RT_ST_01_14518136.json,True,True,True,RT,ST,1280,720,defect,crack,1,True
14518142,RT_ST_01_14518142,data/raw/steel/01.원천데이터/2. RTST/RT_ST_01_14518142.jpg,data/raw/steel/02.라벨링데이터/2. RTST/RT_ST_01_14518142.json,True,True,True,RT,ST,1280,720,defect,crack,1,True
14518144,RT_ST_01_14518144,data/raw/steel/01.원천데이터/2. RTST/RT_ST_01_14518144.jpg,data/raw/steel/02.라벨링데이터/2. RTST/RT_ST_01_14518144.json,True,True,True,RT,ST,1280,720,defect,crack,1,True
14518194,RT_ST_01_14518194,data/raw/steel/01.원천데이터/2. RTST/RT_ST_01_14518194.jpg,data/raw/steel/02.라벨링데이터/2. RTST/RT_ST_01_14518194.json,True,True,True,RT,ST,1280,720,defect,crack,2,True
14518195,RT_ST_01_14518195,data/raw/steel/01.원천데이터/2. RTST/RT_ST_01_14518195.jpg,data/raw/steel/02.라벨링데이터/2. RTST/RT_ST_01_14518195.json,True,True,True,RT,ST,1280,720,defect,crack,1,True
14518251,RT_ST_01_14518251,data/raw/steel/01.원천데이터/2. RTST/RT_ST_01_14518251.jpg,data/raw/steel/02.라벨링데이터/2. RTST/RT_ST_01_14518251.json,True,True,True,RT,ST,1280,720,defect,crack,6,True
14518260,RT_ST_01_14518260,data/raw/steel/01.원천데이터/2. RTST/RT_ST_01_14518260.jpg,data/raw/steel/02.라벨링데이터/2. RTST/RT_ST_01_14518260.json,True,True,True,RT,ST,1280,720,defect,crack,1,True
14518274,RT_ST_01_14518274,data/raw/steel/01.원천데이터/2. RTST/RT_ST_01_14518274.jpg,data/raw/steel/02.라벨링데이터/2. RTST/RT_ST_01_14518274.json,True,True,True,RT,ST,1280,720,defect,crack,2,True
14518279,RT_ST_01_14518279,data/raw/steel/01.원천데이터/2. RTST/RT_ST_01_14518279.jpg,data/raw/steel/02.라벨링데이터/2. RTST/RT_ST_01_14518279.json,True,True,True,RT,ST,1280,720,defect,crack,7,True
14518301,RT_ST_01_14518301,data/raw/steel/01.원천데이터/2. RTST/RT_ST_01_14518301.jpg,data/raw/steel/02.라벨링데이터/2. RTST/RT_ST_01_14518301.json,True,True,True,RT,ST,1280,720,defect,crack,1,True
14518302,RT_ST_01_14518302,data/raw/steel/01.원천데이터/2. RTST/RT_ST_01_14518302.jpg,data/raw/steel/02.라벨링데이터/2. RTST/RT_ST_01_14518302.json,True,True,True,RT,ST,1280,720,defect,crack,1,True
14518305,RT_ST_01_14518305,data/raw/steel/01.원천데이터/2. RTST/RT_ST_01_14518305.jpg,data/raw/steel/02.라벨링데이터/2. RTST/RT_ST_01_14518305.json,True,True,True,RT,ST,1280,720,defect,crack,2,True
14518306,RT_ST_01_14518306,data/raw/steel/01.원천데이터/2. RTST/RT_ST_01_14518306.jpg,data/raw/steel/02.라벨링데이터/2. RTST/RT_ST_01_14518306.json,True,True,True,RT,ST,1280,720,defect,crack,2,True
14518335,RT_ST_01_14518335,data/raw/steel/01.원천데이터/2. RTST/RT_ST_01_14518335.jpg,data/raw/steel/02.라벨링데이터/2. RTST/RT_ST_01_14518335.json,True,True,True,RT,ST,1280,720,defect,crack,1,True
14518381,RT_ST_01_14518381,data/raw/steel/01.원천데이터/2. RTST/RT_ST_01_14518381.jpg,data/raw/steel/02.라벨링데이터/2. RTST/RT_ST_01_14518381.json,True,True,True,RT,ST,1280,720,defect,crack,2,True
14518396,RT_ST_01_14518396,data/raw/steel/01.원천데이터/2. RTST/RT_ST_01_14518396.jpg,data/raw/steel/02.라벨링데이터/2. RTST/RT_ST_01_14518396.json,True,True,True,RT,ST,1280,720,defect,crack,1,True
14518410,RT_ST_01_14518410,data/raw/steel/01.원천데이터/2. RTST/RT_ST_01_14518410.jpg,data/raw/steel/02.라벨링데이터/2. RTST/RT_ST_01_14518410.json,True,True,True,RT,ST,1280,720,defect,crack,1,True
14518420,RT_ST_01_14518420,data/raw/steel/01.원천데이터/2. RTST/RT_ST_01_14518420.jpg,data/raw/steel/02.라벨링데이터/2. RTST/RT_ST_01_14518420.json,True,True,True,RT,ST,1280,720,defect,crack,5,True
14518423,RT_ST_01_14518423,data/raw/steel/01.원천데이터/2. RTST/RT_ST_01_14518423.jpg,data/raw/steel/02.라벨링데이터/2. RTST/RT_ST_01_14518423.json,True,True,True,RT,ST,1280,720,defect,crack,1,True
14518429,RT_ST_01_14518429,data/raw/steel/01.원천데이터/2. RTST/RT_ST_01_14518429.jpg,data/raw/steel/02.라벨링데이터/2. RTST/RT_ST_01_14518429.json,True,True,True,RT,ST,1280,720,defect,crack,3,True
14518460,RT_ST_01_14518460,data/raw/steel/01.원천데이터/2. RTST/RT_ST_01_14518460.jpg,data/raw/steel/02.라벨링데이터/2. RTST/RT_ST_01_14518460.json,True,True,True,RT,ST,1280,720,defect,crack,4,True
14518465,RT_ST_01_14518465,data/raw/steel/01.원천데이터/2. RTST/RT_ST_01_14518465.jpg,data/raw/steel/02.라벨링데이터/2. RTST/RT_ST_01_14518465.json,True,True,True,RT,ST,1280,720,defect,crack,1,True
14518474,RT_ST_01_14518474,data/raw/steel/01.원천데이터/2. RTST/RT_ST_01_14518474.jpg,data/raw/steel/02.라벨링데이터/2. RTST/RT_ST_01_14518474.json,True,True,True,RT,ST,1280,720,defect,crack,2,True
14518480,RT_ST_01_14518480,data/raw/steel/01.원천데이터/2. RTST/RT_ST_01_14518480.jpg,data/raw/steel/02.라벨링데이터/2. RTST/RT_ST_01_14518480.json,True,True,True,RT,ST,1280,720,defect,crack,2,True
14518529,RT_ST_01_14518529,data/raw/steel/01.원천데이터/2. RTST/RT_ST_01_14518529.jpg,data/raw/steel/02.라벨링데이터/2. RTST/RT_ST_01_14518529.json,True,True,True,RT,ST,1280,720,defect,crack,2,True
14518530,RT_ST_01_14518530,data/raw/steel/01.원천데이터/2. RTST/RT_ST_01_14518530.jpg,data/raw/steel/02.라벨링데이터/2. RTST/RT_ST_01_14518530.json,True,True,True,RT,ST,1280,720,defect,crack,2,True
14518532,RT_ST_01_14518532,data/raw/steel/01.원천데이터/2. RTST/RT_ST_01_14518532.jpg,data/raw/steel/02.라벨링데이터/2. RTST/RT_ST_01_14518532.json,True,True,True,RT,ST,1280,720,defect,crack,1,True
14518537,RT_ST_01_14518537,data/raw/steel/01.원천데이터/2. RTST/RT_ST_01_14518537.jpg,data/raw/steel/02.라벨링데이터/2. RTST/RT_ST_01_14518537.json,True,True,True,RT,ST,1280,720,defect,crack,6,True
14518547,RT_ST_01_14518547,data/raw/steel/01.원천데이터/2. RTST/RT_ST_01_14518547.jpg,data/raw/steel/02.라벨링데이터/2. RTST/RT_ST_01_14518547.json,True,True,True,RT,ST,1280,720,defect,crack,1,True
14518555,RT_ST_01_14518555,data/raw/steel/01.원천데이터/2. RTST/RT_ST_01_14518555.jpg,data/raw/steel/02.라벨링데이터/2. RTST/RT_ST_01_14518555.json,True,True,True,RT,ST,1280,720,defect,crack,1,True
14518570,RT_ST_01_14518570,data/raw/steel/01.원천데이터/2. RTST/RT_ST_01_14518570.jpg,data/raw/steel/02.라벨링데이터/2. RTST/RT_ST_01_14518570.json,True,True,True,RT,ST,1280,720,defect,crack,4,True
14518583,RT_ST_01_14518583,data/raw/steel/01.원천데이터/2. RTST/RT_ST_01_14518583.jpg,data/raw/steel/02.라벨링데이터/2. RTST/RT_ST_01_14518583.json,True,True,True,RT,ST,1280,720,defect,crack,1,True
14518613,RT_ST_01_14518613,data/raw/steel/01.원천데이터/2. RTST/RT_ST_01_14518613.jpg,data/raw/steel/02.라벨링데이터/2. RTST/RT_ST_01_14518613.json,True,True,True,RT,ST,1280,720,defect,crack,2,True
14518637,RT_ST_01_14518637,data/raw/steel/01.원천데이터/2. RTST/RT_ST_01_14518637.jpg,data/raw/steel/02.라벨링데이터/2. RTST/RT_ST_01_14518637.json,True,True,True,RT,ST,1280,720,defect,crack,3,True
14518639,RT_ST_01_14518639,data/raw/steel/01.원천데이터/2. RTST/RT_ST_01_14518639.jpg,data/raw/steel/02.라벨링데이터/2. RTST/RT_ST_01_14518639.json,True,True,True,RT,ST,1280,720,defect,crack,1,True
14518646,RT_ST_01_14518646,data/raw/steel/01.원천데이터/2. RTST/RT_ST_01_14518646.jpg,data/raw/steel/02.라벨링데이터/2. RTST/RT_ST_01_14518646.json,True,True,True,RT,ST,1280,720,defect,crack,1,True
14518650,RT_ST_01_14518650,data/raw/steel/01.원천데이터/2. RTST/RT_ST_01_14518650.jpg,data/raw/steel/02.라벨링데이터/2. RTST/RT_ST_01_14518650.json,True,True,True,RT,ST,1280,720,defect,crack,2,True
14518661,RT_ST_01_14518661,data/raw/steel/01.원천데이터/2. RTST/RT_ST_01_14518661.jpg,data/raw/steel/02.라벨링데이터/2. RTST/RT_ST_01_14518661.json,True,True,True,RT,ST,1280,720,defect,crack,1,True
14518666,RT_ST_01_14518666,data/raw/steel/01.원천데이터/2. RTST/RT_ST_01_14518666.jpg,data/raw/steel/02.라벨링데이터/2. RTST/RT_ST_01_14518666.json,True,True,True,RT,ST,1280,720,defect,crack,1,True
14518680,RT_ST_01_14518680,data/raw/steel/01.원천데이터/2. RTST/RT_ST_01_14518680.jpg,data/raw/steel/02.라벨링데이터/2. RTST/RT_ST_01_14518680.json,True,True,True,RT,ST,1280,720,defect,crack,1,True
14518683,RT_ST_01_14518683,data/raw/steel/01.원천데이터/2. RTST/RT_ST_01_14518683.jpg,data/raw/steel/02.라벨링데이터/2. RTST/RT_ST_01_14518683.json,True,True,True,RT,ST,1280,720,defect,crack,1,True
14518692,RT_ST_01_14518692,data/raw/steel/01.원천데이터/2. RTST/RT_ST_01_14518692.jpg,data/raw/steel/02.라벨링데이터/2. RTST/RT_ST_01_14518692.json,True,True,True,RT,ST,1280,720,defect,crack,3,True
14518722,RT_ST_01_14518722,data/raw/steel/01.원천데이터/2. RTST/RT_ST_01_14518722.jpg,data/raw/steel/02.라벨링데이터/2. RTST/RT_ST_01_14518722.json,True,True,True,RT,ST,1280,720,defect,crack,1,True
14518728,RT_ST_01_14518728,data/raw/steel/01.원천데이터/2. RTST/RT_ST_01_14518728.jpg,data/raw/steel/02.라벨링데이터/2. RTST/RT_ST_01_14518728.json,True,True,True,RT,ST,1280,720,defect,crack,1,True
14518735,RT_ST_01_14518735,data/raw/steel/01.원천데이터/2. RTST/RT_ST_01_14518735.jpg,data/raw/steel/02.라벨링데이터/2. RTST/RT_ST_01_14518735.json,True,True,True,RT,ST,1280,720,defect,crack,1,True
14518740,RT_ST_01_14518740,data/raw/steel/01.원천데이터/2. RTST/RT_ST_01_14518740.jpg,data/raw/steel/02.라벨링데이터/2. RTST/RT_ST_01_14518740.json,True,True,True,RT,ST,1280,720,defect,crack,1,True
14518753,RT_ST_01_14518753,data/raw/steel/01.원천데이터/2. RTST/RT_ST_01_14518753.jpg,data/raw/steel/02.라벨링데이터/2. RTST/RT_ST_01_14518753.json,True,True,True,RT,ST,1280,720,defect,crack,1,True
14518757,RT_ST_01_14518757,data/raw/steel/01.원천데이터/2. RTST/RT_ST_01_14518757.jpg,data/raw/steel/02.라벨링데이터/2. RTST/RT_ST_01_14518757.json,True,True,True,RT,ST,1280,720,defect,crack,1,True
14518761,RT_ST_01_14518761,data/raw/steel/01.원천데이터/2. RTST/RT_ST_01_14518761.jpg,data/raw/steel/02.라벨링데이터/2. RTST/RT_ST_01_14518761.json,True,True,True,RT,ST,1280,720,defect,crack,1,True
14518762,RT_ST_01_14518762,data/raw/steel/01.원천데이터/2. RTST/RT_ST_01_14518762.jpg,data/raw/steel/02.라벨링데이터/2. RTST/RT_ST_01_14518762.json,True,True,True,RT,ST,1280,720,defect,crack,2,True
14518767,RT_ST_01_14518767,data/raw/steel/01.원천데이터/2. RTST/RT_ST_01_14518767.jpg,data/raw/steel/02.라벨링데이터/2. RTST/RT_ST_01_14518767.json,True,True,True,RT,ST,1280,720,defect,crack,4,True
14518790,RT_ST_01_14518790,data/raw/steel/01.원천데이터/2. RTST/RT_ST_01_14518790.jpg,data/raw/steel/02.라벨링데이터/2. RTST/RT_ST_01_14518790.json,True,True,True,RT,ST,1280,720,defect,crack,2,True
14518798,RT_ST_01_14518798,data/raw/steel/01.원천데이터/2. RTST/RT_ST_01_14518798.jpg,data/raw/steel/02.라벨링데이터/2. RTST/RT_ST_01_14518798.json,True,True,True,RT,ST,1280,720,defect,crack,1,True
14518799,RT_ST_01_14518799,data/raw/steel/01.원천데이터/2. RTST/RT_ST_01_14518799.jpg,data/raw/steel/02.라벨링데이터/2. RTST/RT_ST_01_14518799.json,True,True,True,RT,ST,1280,720,defect,crack,1,True
14518802,RT_ST_01_14518802,data/raw/steel/01.원천데이터/2. RTST/RT_ST_01_14518802.jpg,data/raw/steel/02.라벨링데이터/2. RTST/RT_ST_01_14518802.json,True,True,True,RT,ST,1280,720,defect,crack,2,True
14518825,RT_ST_01_14518825,data/raw/steel/01.원천데이터/2. RTST/RT_ST_01_14518825.jpg,data/raw/steel/02.라벨링데이터/2. RTST/RT_ST_01_14518825.json,True,True,True,RT,ST,1280,720,defect,crack,2,True
14518826,RT_ST_01_14518826,data/raw/steel/01.원천데이터/2. RTST/RT_ST_01_14518826.jpg,data/raw/steel/02.라벨링데이터/2. RTST/RT_ST_01_14518826.json,True,True,True,RT,ST,1280,720,defect,crack,3,True
14518839,RT_ST_01_14518839,data/raw/steel/01.원천데이터/2. RTST/RT_ST_01_14518839.jpg,data/raw/steel/02.라벨링데이터/2. RTST/RT_ST_01_14518839.json,True,True,True,RT,ST,1280,720,defect,crack,3,True
14518840,RT_ST_01_14518840,data/raw/steel/01.원천데이터/2. RTST/RT_ST_01_14518840.jpg,data/raw/steel/02.라벨링데이터/2. RTST/RT_ST_01_14518840.json,True,True,True,RT,ST,1280,720,defect,crack,1,True
14518851,RT_ST_01_14518851,data/raw/steel/01.원천데이터/2. RTST/RT_ST_01_14518851.jpg,data/raw/steel/02.라벨링데이터/2. RTST/RT_ST_01_14518851.json,True,True,True,RT,ST,1280,720,defect,crack,1,True
14518853,RT_ST_01_14518853,data/raw/steel/01.원천데이터/2. RTST/RT_ST_01_14518853.jpg,data/raw/steel/02.라벨링데이터/2. RTST/RT_ST_01_14518853.json,True,True,True,RT,ST,1280,720,defect,crack,1,True
14518856,RT_ST_01_14518856,data/raw/steel/01.원천데이터/2. RTST/RT_ST_01_14518856.jpg,data/raw/steel/02.라벨링데이터/2. RTST/RT_ST_01_14518856.json,True,True,True,RT,ST,1280,720,defect,crack,3,True
14518881,RT_ST_01_14518881,data/raw/steel/01.원천데이터/2. RTST/RT_ST_01_14518881.jpg,data/raw/steel/02.라벨링데이터/2. RTST/RT_ST_01_14518881.json,True,True,True,RT,ST,1280,720,defect,crack,1,True
14518885,RT_ST_01_14518885,data/raw/steel/01.원천데이터/2. RTST/RT_ST_01_14518885.jpg,data/raw/steel/02.라벨링데이터/2. RTST/RT_ST_01_14518885.json,True,True,True,RT,ST,1280,720,defect,crack,2,True
14518890,RT_ST_01_14518890,data/raw/steel/01.원천데이터/2. RTST/RT_ST_01_14518890.jpg,data/raw/steel/02.라벨링데이터/2. RTST/RT_ST_01_14518890.json,True,True,True,RT,ST,1280,720,defect,crack,1,True
14518898,RT_ST_01_14518898,data/raw/steel/01.원천데이터/2. RTST/RT_ST_01_14518898.jpg,data/raw/steel/02.라벨링데이터/2. RTST/RT_ST_01_14518898.json,True,True,True,RT,ST,1280,720,defect,crack,9,True
14518903,RT_ST_01_14518903,data/raw/steel/01.원천데이터/2. RTST/RT_ST_01_14518903.jpg,data/raw/steel/02.라벨링데이터/2. RTST/RT_ST_01_14518903.json,True,True,True,RT,ST,1280,720,defect,crack,1,True
14518907,RT_ST_01_14518907,data/raw/steel/01.원천데이터/2. RTST/RT_ST_01_14518907.jpg,data/raw/steel/02.라벨링데이터/2. RTST/RT_ST_01_14518907.json,True,True,True,RT,ST,1280,720,defect,crack,3,True
14518949,RT_ST_01_14518949,data/raw/steel/01.원천데이터/2. RTST/RT_ST_01_14518949.jpg,data/raw/steel/02.라벨링데이터/2. RTST/RT_ST_01_14518949.json,True,True,True,RT,ST,1280,720,defect,crack,1,True
14518951,RT_ST_01_14518951,data/raw/steel/01.원천데이터/2. RTST/RT_ST_01_14518951.jpg,data/raw/steel/02.라벨링데이터/2. RTST/RT_ST_01_14518951.json,True,True,True,RT,ST,1280,720,defect,crack,1,True
14518958,RT_ST_01_14518958,data/raw/steel/01.원천데이터/2. RTST/RT_ST_01_14518958.jpg,data/raw/steel/02.라벨링데이터/2. RTST/RT_ST_01_14518958.json,True,True,True,RT,ST,1280,720,defect,crack,1,True
14518975,RT_ST_01_14518975,data/raw/steel/01.원천데이터/2. RTST/RT_ST_01_14518975.jpg,data/raw/steel/02.라벨링데이터/2. RTST/RT_ST_01_14518975.json,True,True,True,RT,ST,1280,720,defect,crack,1,True
14518989,RT_ST_01_14518989,data/raw/steel/01.원천데이터/2. RTST/RT_ST_01_14518989.jpg,data/raw/steel/02.라벨링데이터/2. RTST/RT_ST_01_14518989.json,True,True,True,RT,ST,1280,720,defect,crack,2,True
14518996,RT_ST_01_14518996,data/raw/steel/01.원천데이터/2. RTST/RT_ST_01_14518996.jpg,data/raw/steel/02.라벨링데이터/2. RTST/RT_ST_01_14518996.json,True,True,True,RT,ST,1280,720,defect,crack,2,True
14519021,RT_ST_01_14519021,data/raw/steel/01.원천데이터/2. RTST/RT_ST_01_14519021.jpg,data/raw/steel/02.라벨링데이터/2. RTST/RT_ST_01_14519021.json,True,True,True,RT,ST,1280,720,defect,crack,1,True
14519028,RT_ST_01_14519028,data/raw/steel/01.원천데이터/2. RTST/RT_ST_01_14519028.jpg,data/raw/steel/02.라벨링데이터/2. RTST/RT_ST_01_14519028.json,True,True,True,RT,ST,1280,720,defect,crack,1,True
14519042,RT_ST_01_14519042,data/raw/steel/01.원천데이터/2. RTST/RT_ST_01_14519042.jpg,data/raw/steel/02.라벨링데이터/2. RTST/RT_ST_01_14519042.json,True,True,True,RT,ST,1280,720,defect,crack,1,True
14519056,RT_ST_01_14519056,data/raw/steel/01.원천데이터/2. RTST/RT_ST_01_14519056.jpg,data/raw/steel/02.라벨링데이터/2. RTST/RT_ST_01_14519056.json,True,True,True,RT,ST,1280,720,defect,crack,6,True
14519058,RT_ST_01_14519058,data/raw/steel/01.원천데이터/2. RTST/RT_ST_01_14519058.jpg,data/raw/steel/02.라벨링데이터/2. RTST/RT_ST_01_14519058.json,True,True,True,RT,ST,1280,720,defect,crack,3,True
14519060,RT_ST_01_14519060,data/raw/steel/01.원천데이터/2. RTST/RT_ST_01_14519060.jpg,data/raw/steel/02.라벨링데이터/2. RTST/RT_ST_01_14519060.json,True,True,True,RT,ST,1280,720,defect,crack,2,True
14519068,RT_ST_01_14519068,data/raw/steel/01.원천데이터/2. RTST/RT_ST_01_14519068.jpg,data/raw/steel/02.라벨링데이터/2. RTST/RT_ST_01_14519068.json,True,True,True,RT,ST,1280,720,defect,crack,5,True
14519076,RT_ST_01_14519076,data/raw/steel/01.원천데이터/2. RTST/RT_ST_01_14519076.jpg,data/raw/steel/02.라벨링데이터/2. RTST/RT_ST_01_14519076.json,True,True,True,RT,ST,1280,720,defect,crack,2,True
14519086,RT_ST_01_14519086,data/raw/steel/01.원천데이터/2. RTST/RT_ST_01_14519086.jpg,data/raw/steel/02.라벨링데이터/2. RTST/RT_ST_01_14519086.json,True,True,True,RT,ST,1280,720,defect,crack,1,True
14519088,RT_ST_01_14519088,data/raw/steel/01.원천데이터/2. RTST/RT_ST_01_14519088.jpg,data/raw/steel/02.라벨링데이터/2. RTST/RT_ST_01_14519088.json,True,True,True,RT,ST,1280,720,defect,crack,1,True
14519110,RT_ST_01_14519110,data/raw/steel/01.원천데이터/2. RTST/RT_ST_01_14519110.jpg,data/raw/steel/02.라벨링데이터/2. RTST/RT_ST_01_14519110.json,True,True,True,RT,ST,1280,720,defect,crack,1,True
14519122,RT_ST_01_14519122,data/raw/steel/01.원천데이터/2. RTST/RT_ST_01_14519122.jpg,data/raw/steel/02.라벨링데이터/2. RTST/RT_ST_01_14519122.json,True,True,True,RT,ST,1280,720,defect,crack,1,True
14519132,RT_ST_01_14519132,data/raw/steel/01.원천데이터/2. RTST/RT_ST_01_14519132.jpg,data/raw/steel/02.라벨링데이터/2. RTST/RT_ST_01_14519132.json,True,True,True,RT,ST,1280,720,defect,crack,2,True
14519138,RT_ST_01_14519138,data/raw/steel/01.원천데이터/2. RTST/RT_ST_01_14519138.jpg,data/raw/steel/02.라벨링데이터/2. RTST/RT_ST_01_14519138.json,True,True,True,RT,ST,1280,720,defect,crack,6,True
14519144,RT_ST_01_14519144,data/raw/steel/01.원천데이터/2. RTST/RT_ST_01_14519144.jpg,data/raw/steel/02.라벨링데이터/2. RTST/RT_ST_01_14519144.json,True,True,True,RT,ST,1280,720,defect,crack,1,True
14519149,RT_ST_01_14519149,data/raw/steel/01.원천데이터/2. RTST/RT_ST_01_14519149.jpg,data/raw/steel/02.라벨링데이터/2. RTST/RT_ST_01_14519149.json,True,True,True,RT,ST,1280,720,defect,crack,6,True
14519151,RT_ST_01_14519151,data/raw/steel/01.원천데이터/2. RTST/RT_ST_01_14519151.jpg,data/raw/steel/02.라벨링데이터/2. RTST/RT_ST_01_14519151.json,True,True,True,RT,ST,1280,720,defect,crack,2,True
14519154,RT_ST_01_14519154,data/raw/steel/01.원천데이터/2. RTST/RT_ST_01_14519154.jpg,data/raw/steel/02.라벨링데이터/2. RTST/RT_ST_01_14519154.json,True,True,True,RT,ST,1280,720,defect,crack,1,True
14519156,RT_ST_01_14519156,data/raw/steel/01.원천데이터/2. RTST/RT_ST_01_14519156.jpg,data/raw/steel/02.라벨링데이터/2. RTST/RT_ST_01_14519156.json,True,True,True,RT,ST,1280,720,defect,crack,1,True
14519159,RT_ST_01_14519159,data/raw/steel/01.원천데이터/2. RTST/RT_ST_01_14519159.jpg,data/raw/steel/02.라벨링데이터/2. RTST/RT_ST_01_14519159.json,True,True,True,RT,ST,1280,720,defect,crack,1,True
14519194,RT_ST_01_14519194,data/raw/steel/01.원천데이터/2. RTST/RT_ST_01_14519194.jpg,data/raw/steel/02.라벨링데이터/2. RTST/RT_ST_01_14519194.json,True,True,True,RT,ST,1280,720,defect,crack,1,True
14519208,RT_ST_01_14519208,data/raw/steel/01.원천데이터/2. RTST/RT_ST_01_14519208.jpg,data/raw/steel/02.라벨링데이터/2. RTST/RT_ST_01_14519208.json,True,True,True,RT,ST,1280,720,defect,crack,2,True
14519213,RT_ST_01_14519213,data/raw/steel/01.원천데이터/2. RTST/RT_ST_01_14519213.jpg,data/raw/steel/02.라벨링데이터/2. RTST/RT_ST_01_14519213.json,True,True,True,RT,ST,1280,720,defect,crack,1,True
14519214,RT_ST_01_14519214,data/raw/steel/01.원천데이터/2. RTST/RT_ST_01_14519214.jpg,data/raw/steel/02.라벨링데이터/2. RTST/RT_ST_01_14519214.json,True,True,True,RT,ST,1280,720,defect,crack,2,True
14519216,RT_ST_01_14519216,data/raw/steel/01.원천데이터/2. RTST/RT_ST_01_14519216.jpg,data/raw/steel/02.라벨링데이터/2. RTST/RT_ST_01_14519216.json,True,True,True,RT,ST,1280,720,defect,crack,1,True
14519217,RT_ST_01_14519217,data/raw/steel/01.원천데이터/2. RTST/RT_ST_01_14519217.jpg,data/raw/steel/02.라벨링데이터/2. RTST/RT_ST_01_14519217.json,True,True,True,RT,ST,1280,720,defect,crack,5,True
14519218,RT_ST_01_14519218,data/raw/steel/01.원천데이터/2. RTST/RT_ST_01_14519218.jpg,data/raw/steel/02.라벨링데이터/2. RTST/RT_ST_01_14519218.json,True,True,True,RT,ST,1280,720,defect,crack,4,True
14519232,RT_ST_01_14519232,data/raw/steel/01.원천데이터/2. RTST/RT_ST_01_14519232.jpg,data/raw/steel/02.라벨링데이터/2. RTST/RT_ST_01_14519232.json,True,True,True,RT,ST,1280,720,defect,crack,1,True
14519243,RT_ST_01_14519243,data/raw/steel/01.원천데이터/2. RTST/RT_ST_01_14519243.jpg,data/raw/steel/02.라벨링데이터/2. RTST/RT_ST_01_14519243.json,True,True,True,RT,ST,1280,720,defect,crack,7,True
14519258,RT_ST_01_14519258,data/raw/steel/01.원천데이터/2. RTST/RT_ST_01_14519258.jpg,data/raw/steel/02.라벨링데이터/2. RTST/RT_ST_01_14519258.json,True,True,True,RT,ST,1280,720,defect,crack,2,True
14519269,RT_ST_01_14519269,data/raw/steel/01.원천데이터/2. RTST/RT_ST_01_14519269.jpg,data/raw/steel/02.라벨링데이터/2. RTST/RT_ST_01_14519269.json,True,True,True,RT,ST,1280,720,defect,crack,1,True
14519282,RT_ST_01_14519282,data/raw/steel/01.원천데이터/2. RTST/RT_ST_01_14519282.jpg,data/raw/steel/02.라벨링데이터/2. RTST/RT_ST_01_14519282.json,True,True,True,RT,ST,1280,720,defect,crack,2,True
14519299,RT_ST_01_14519299,data/raw/steel/01.원천데이터/2. RTST/RT_ST_01_14519299.jpg,data/raw/steel/02.라벨링데이터/2. RTST/RT_ST_01_14519299.json,True,True,True,RT,ST,1280,720,defect,crack,1,True
14519304,RT_ST_01_14519304,data/raw/steel/01.원천데이터/2. RTST/RT_ST_01_14519304.jpg,data/raw/steel/02.라벨링데이터/2. RTST/RT_ST_01_14519304.json,True,True,True,RT,ST,1280,720,defect,crack,1,True
14519316,RT_ST_01_14519316,data/raw/steel/01.원천데이터/2. RTST/RT_ST_01_14519316.jpg,data/raw/steel/02.라벨링데이터/2. RTST/RT_ST_01_14519316.json,True,True,True,RT,ST,1280,720,defect,crack,1,True
14519337,RT_ST_01_14519337,data/raw/steel/01.원천데이터/2. RTST/RT_ST_01_14519337.jpg,data/raw/steel/02.라벨링데이터/2. RTST/RT_ST_01_14519337.json,True,True,True,RT,ST,1280,720,defect,crack,1,True
14519348,RT_ST_01_14519348,data/raw/steel/01.원천데이터/2. RTST/RT_ST_01_14519348.jpg,data/raw/steel/02.라벨링데이터/2. RTST/RT_ST_01_14519348.json,True,True,True,RT,ST,1280,720,defect,crack,1,True
14519349,RT_ST_01_14519349,data/raw/steel/01.원천데이터/2. RTST/RT_ST_01_14519349.jpg,data/raw/steel/02.라벨링데이터/2. RTST/RT_ST_01_14519349.json,True,True,True,RT,ST,1280,720,defect,crack,1,True
14519353,RT_ST_01_14519353,data/raw/steel/01.원천데이터/2. RTST/RT_ST_01_14519353.jpg,data/raw/steel/02.라벨링데이터/2. RTST/RT_ST_01_14519353.json,True,True,True,RT,ST,1280,720,defect,crack,2,True
14519358,RT_ST_01_14519358,data/raw/steel/01.원천데이터/2. RTST/RT_ST_01_14519358.jpg,data/raw/steel/02.라벨링데이터/2. RTST/RT_ST_01_14519358.json,True,True,True,RT,ST,1280,720,defect,crack,1,True
14519384,RT_ST_01_14519384,data/raw/steel/01.원천데이터/2. RTST/RT_ST_01_14519384.jpg,data/raw/steel/02.라벨링데이터/2. RTST/RT_ST_01_14519384.json,True,True,True,RT,ST,1280,720,defect,crack,1,True
14519386,RT_ST_01_14519386,data/raw/steel/01.원천데이터/2. RTST/RT_ST_01_14519386.jpg,data/raw/steel/02.라벨링데이터/2. RTST/RT_ST_01_14519386.json,True,True,True,RT,ST,1280,720,defect,crack,1,True
14519401,RT_ST_01_14519401,data/raw/steel/01.원천데이터/2. RTST/RT_ST_01_14519401.jpg,data/raw/steel/02.라벨링데이터/2. RTST/RT_ST_01_14519401.json,True,True,True,RT,ST,1280,720,defect,crack,1,True
14519412,RT_ST_01_14519412,data/raw/steel/01.원천데이터/2. RTST/RT_ST_01_14519412.jpg,data/raw/steel/02.라벨링데이터/2. RTST/RT_ST_01_14519412.json,True,True,True,RT,ST,1280,720,defect,crack,3,True
14519433,RT_ST_01_14519433,data/raw/steel/01.원천데이터/2. RTST/RT_ST_01_14519433.jpg,data/raw/steel/02.라벨링데이터/2. RTST/RT_ST_01_14519433.json,True,True,True,RT,ST,1280,720,defect,crack,2,True
14519436,RT_ST_01_14519436,data/raw/steel/01.원천데이터/2. RTST/RT_ST_01_14519436.jpg,data/raw/steel/02.라벨링데이터/2. RTST/RT_ST_01_14519436.json,True,True,True,RT,ST,1280,720,defect,crack,1,True
14519439,RT_ST_01_14519439,data/raw/steel/01.원천데이터/2. RTST/RT_ST_01_14519439.jpg,data/raw/steel/02.라벨링데이터/2. RTST/RT_ST_01_14519439.json,True,True,True,RT,ST,1280,720,defect,crack,1,True
14519467,RT_ST_01_14519467,data/raw/steel/01.원천데이터/2. RTST/RT_ST_01_14519467.jpg,data/raw/steel/02.라벨링데이터/2. RTST/RT_ST_01_14519467.json,True,True,True,RT,ST,1280,720,defect,crack,1,True
14519468,RT_ST_01_14519468,data/raw/steel/01.원천데이터/2. RTST/RT_ST_01_14519468.jpg,data/raw/steel/02.라벨링데이터/2. RTST/RT_ST_01_14519468.json,True,True,True,RT,ST,1280,720,defect,crack,2,True
14519469,RT_ST_01_14519469,data/raw/steel/01.원천데이터/2. RTST/RT_ST_01_14519469.jpg,data/raw/steel/02.라벨링데이터/2. RTST/RT_ST_01_14519469.json,True,True,True,RT,ST,1280,720,defect,crack,1,True
14519471,RT_ST_01_14519471,data/raw/steel/01.원천데이터/2. RTST/RT_ST_01_14519471.jpg,data/raw/steel/02.라벨링데이터/2. RTST/RT_ST_01_14519471.json,True,True,True,RT,ST,1280,720,defect,crack,1,True
14519473,RT_ST_01_14519473,data/raw/steel/01.원천데이터/2. RTST/RT_ST_01_14519473.jpg,data/raw/steel/02.라벨링데이터/2. RTST/RT_ST_01_14519473.json,True,True,True,RT,ST,1280,720,defect,crack,2,True
14519474,RT_ST_01_14519474,data/raw/steel/01.원천데이터/2. RTST/RT_ST_01_14519474.jpg,data/raw/steel/02.라벨링데이터/2. RTST/RT_ST_01_14519474.json,True,True,True,RT,ST,1280,720,defect,crack,2,True
14523261,RT_ST_04_14523261,data/raw/steel/01.원천데이터/2. RTST/RT_ST_04_14523261.jpg,data/raw/steel/02.라벨링데이터/2. RTST/RT_ST_04_14523261.json,True,True,True,RT,ST,1280,720,defect,lack of fusion,1,True
14530476,RT_ST_04_14530476,data/raw/steel/01.원천데이터/2. RTST/RT_ST_04_14530476.jpg,data/raw/steel/02.라벨링데이터/2. RTST/RT_ST_04_14530476.json,True,True,True,RT,ST,1280,720,defect,lack of fusion,1,True
14531694,RT_ST_04_14531694,data/raw/steel/01.원천데이터/2. RTST/RT_ST_04_14531694.jpg,data/raw/steel/02.라벨링데이터/2. RTST/RT_ST_04_14531694.json,True,True,True,RT,ST,1280,720,defect,lack of fusion,1,True
14533280,RT_ST_04_14533280,data/raw/steel/01.원천데이터/2. RTST/RT_ST_04_14533280.jpg,data/raw/steel/02.라벨링데이터/2. RTST/RT_ST_04_14533280.json,True,True,True,RT,ST,1280,720,defect,lack of fusion;porosity,14,True
14533739,RT_ST_04_14533739,data/raw/steel/01.원천데이터/2. RTST/RT_ST_04_14533739.jpg,data/raw/steel/02.라벨링데이터/2. RTST/RT_ST_04_14533739.json,True,True,True,RT,ST,1280,720,defect,lack of fusion,1,True
14549116,RT_ST_04_14549116,data/raw/steel/01.원천데이터/2. RTST/RT_ST_04_14549116.jpg,data/raw/steel/02.라벨링데이터/2. RTST/RT_ST_04_14549116.json,True,True,True,RT,ST,1280,720,defect,lack of fusion,4,True
14549137,RT_ST_04_14549137,data/raw/steel/01.원천데이터/2. RTST/RT_ST_04_14549137.jpg,data/raw/steel/02.라벨링데이터/2. RTST/RT_ST_04_14549137.json,True,True,True,RT,ST,1280,720,defect,lack of fusion,5,True
14549138,RT_ST_04_14549138,data/raw/steel/01.원천데이터/2. RTST/RT_ST_04_14549138.jpg,data/raw/steel/02.라벨링데이터/2. RTST/RT_ST_04_14549138.json,True,True,True,RT,ST,1280,720,defect,lack of fusion,1,True
14549151,RT_ST_04_14549151,data/raw/steel/01.원천데이터/2. RTST/RT_ST_04_14549151.jpg,data/raw/steel/02.라벨링데이터/2. RTST/RT_ST_04_14549151.json,True,True,True,RT,ST,1280,720,defect,lack of fusion,1,True
14549166,RT_ST_04_14549166,data/raw/steel/01.원천데이터/2. RTST/RT_ST_04_14549166.jpg,data/raw/steel/02.라벨링데이터/2. RTST/RT_ST_04_14549166.json,True,True,True,RT,ST,1280,720,defect,lack of fusion,1,True
14549173,RT_ST_04_14549173,data/raw/steel/01.원천데이터/2. RTST/RT_ST_04_14549173.jpg,data/raw/steel/02.라벨링데이터/2. RTST/RT_ST_04_14549173.json,True,True,True,RT,ST,1280,720,defect,lack of fusion,1,True
14549186,RT_ST_04_14549186,data/raw/steel/01.원천데이터/2. RTST/RT_ST_04_14549186.jpg,data/raw/steel/02.라벨링데이터/2. RTST/RT_ST_04_14549186.json,True,True,True,RT,ST,1280,720,defect,lack of fusion,1,True
14549197,RT_ST_04_14549197,data/raw/steel/01.원천데이터/2. RTST/RT_ST_04_14549197.jpg,data/raw/steel/02.라벨링데이터/2. RTST/RT_ST_04_14549197.json,True,True,True,RT,ST,1280,720,defect,lack of fusion,1,True
14549201,RT_ST_04_14549201,data/raw/steel/01.원천데이터/2. RTST/RT_ST_04_14549201.jpg,data/raw/steel/02.라벨링데이터/2. RTST/RT_ST_04_14549201.json,True,True,True,RT,ST,1280,720,defect,lack of fusion,1,True
14549210,RT_ST_04_14549210,data/raw/steel/01.원천데이터/2. RTST/RT_ST_04_14549210.jpg,data/raw/steel/02.라벨링데이터/2. RTST/RT_ST_04_14549210.json,True,True,True,RT,ST,1280,720,defect,lack of fusion,1,True
14549219,RT_ST_04_14549219,data/raw/steel/01.원천데이터/2. RTST/RT_ST_04_14549219.jpg,data/raw/steel/02.라벨링데이터/2. RTST/RT_ST_04_14549219.json,True,True,True,RT,ST,1280,720,defect,lack of fusion,1,True
14549228,RT_ST_04_14549228,data/raw/steel/01.원천데이터/2. RTST/RT_ST_04_14549228.jpg,data/raw/steel/02.라벨링데이터/2. RTST/RT_ST_04_14549228.json,True,True,True,RT,ST,1280,720,defect,lack of fusion,4,True
14549233,RT_ST_04_14549233,data/raw/steel/01.원천데이터/2. RTST/RT_ST_04_14549233.jpg,data/raw/steel/02.라벨링데이터/2. RTST/RT_ST_04_14549233.json,True,True,True,RT,ST,1280,720,defect,lack of fusion,3,True
14549237,RT_ST_04_14549237,data/raw/steel/01.원천데이터/2. RTST/RT_ST_04_14549237.jpg,data/raw/steel/02.라벨링데이터/2. RTST/RT_ST_04_14549237.json,True,True,True,RT,ST,1280,720,defect,lack of fusion,1,True
14549241,RT_ST_04_14549241,data/raw/steel/01.원천데이터/2. RTST/RT_ST_04_14549241.jpg,data/raw/steel/02.라벨링데이터/2. RTST/RT_ST_04_14549241.json,True,True,True,RT,ST,1280,720,defect,lack of fusion,1,True
14549248,RT_ST_04_14549248,data/raw/steel/01.원천데이터/2. RTST/RT_ST_04_14549248.jpg,data/raw/steel/02.라벨링데이터/2. RTST/RT_ST_04_14549248.json,True,True,True,RT,ST,1280,720,defect,lack of fusion,1,True
14549252,RT_ST_04_14549252,data/raw/steel/01.원천데이터/2. RTST/RT_ST_04_14549252.jpg,data/raw/steel/02.라벨링데이터/2. RTST/RT_ST_04_14549252.json,True,True,True,RT,ST,1280,720,defect,lack of fusion,1,True
14549271,RT_ST_04_14549271,data/raw/steel/01.원천데이터/2. RTST/RT_ST_04_14549271.jpg,data/raw/steel/02.라벨링데이터/2. RTST/RT_ST_04_14549271.json,True,True,True,RT,ST,1280,720,defect,lack of fusion,2,True
14549277,RT_ST_04_14549277,data/raw/steel/01.원천데이터/2. RTST/RT_ST_04_14549277.jpg,data/raw/steel/02.라벨링데이터/2. RTST/RT_ST_04_14549277.json,True,True,True,RT,ST,1280,720,defect,lack of fusion,1,True
14549283,RT_ST_04_14549283,data/raw/steel/01.원천데이터/2. RTST/RT_ST_04_14549283.jpg,data/raw/steel/02.라벨링데이터/2. RTST/RT_ST_04_14549283.json,True,True,True,RT,ST,1280,720,defect,lack of fusion,1,True
14549288,RT_ST_04_14549288,data/raw/steel/01.원천데이터/2. RTST/RT_ST_04_14549288.jpg,data/raw/steel/02.라벨링데이터/2. RTST/RT_ST_04_14549288.json,True,True,True,RT,ST,1280,720,defect,lack of fusion,1,True
14549309,RT_ST_04_14549309,data/raw/steel/01.원천데이터/2. RTST/RT_ST_04_14549309.jpg,data/raw/steel/02.라벨링데이터/2. RTST/RT_ST_04_14549309.json,True,True,True,RT,ST,1280,720,defect,lack of fusion,1,True
14549313,RT_ST_04_14549313,data/raw/steel/01.원천데이터/2. RTST/RT_ST_04_14549313.jpg,data/raw/steel/02.라벨링데이터/2. RTST/RT_ST_04_14549313.json,True,True,True,RT,ST,1280,720,defect,lack of fusion,1,True
14549315,RT_ST_04_14549315,data/raw/steel/01.원천데이터/2. RTST/RT_ST_04_14549315.jpg,data/raw/steel/02.라벨링데이터/2. RTST/RT_ST_04_14549315.json,True,True,True,RT,ST,1280,720,defect,lack of fusion,2,True
14549319,RT_ST_04_14549319,data/raw/steel/01.원천데이터/2. RTST/RT_ST_04_14549319.jpg,data/raw/steel/02.라벨링데이터/2. RTST/RT_ST_04_14549319.json,True,True,True,RT,ST,1280,720,defect,lack of fusion,1,True
14549321,RT_ST_04_14549321,data/raw/steel/01.원천데이터/2. RTST/RT_ST_04_14549321.jpg,data/raw/steel/02.라벨링데이터/2. RTST/RT_ST_04_14549321.json,True,True,True,RT,ST,1280,720,defect,lack of fusion,1,True
14549341,RT_ST_04_14549341,data/raw/steel/01.원천데이터/2. RTST/RT_ST_04_14549341.jpg,data/raw/steel/02.라벨링데이터/2. RTST/RT_ST_04_14549341.json,True,True,True,RT,ST,1280,720,defect,lack of fusion,2,True
14549352,RT_ST_04_14549352,data/raw/steel/01.원천데이터/2. RTST/RT_ST_04_14549352.jpg,data/raw/steel/02.라벨링데이터/2. RTST/RT_ST_04_14549352.json,True,True,True,RT,ST,1280,720,defect,lack of fusion,1,True
14549353,RT_ST_04_14549353,data/raw/steel/01.원천데이터/2. RTST/RT_ST_04_14549353.jpg,data/raw/steel/02.라벨링데이터/2. RTST/RT_ST_04_14549353.json,True,True,True,RT,ST,1280,720,defect,lack of fusion,1,True
14549369,RT_ST_04_14549369,data/raw/steel/01.원천데이터/2. RTST/RT_ST_04_14549369.jpg,data/raw/steel/02.라벨링데이터/2. RTST/RT_ST_04_14549369.json,True,True,True,RT,ST,1280,720,defect,lack of fusion,1,True
14549371,RT_ST_04_14549371,data/raw/steel/01.원천데이터/2. RTST/RT_ST_04_14549371.jpg,data/raw/steel/02.라벨링데이터/2. RTST/RT_ST_04_14549371.json,True,True,True,RT,ST,1280,720,defect,lack of fusion,1,True
14549396,RT_ST_04_14549396,data/raw/steel/01.원천데이터/2. RTST/RT_ST_04_14549396.jpg,data/raw/steel/02.라벨링데이터/2. RTST/RT_ST_04_14549396.json,True,True,True,RT,ST,1280,720,defect,lack of fusion,1,True
14549425,RT_ST_04_14549425,data/raw/steel/01.원천데이터/2. RTST/RT_ST_04_14549425.jpg,data/raw/steel/02.라벨링데이터/2. RTST/RT_ST_04_14549425.json,True,True,True,RT,ST,1280,720,defect,lack of fusion,6,True
14549431,RT_ST_04_14549431,data/raw/steel/01.원천데이터/2. RTST/RT_ST_04_14549431.jpg,data/raw/steel/02.라벨링데이터/2. RTST/RT_ST_04_14549431.json,True,True,True,RT,ST,1280,720,defect,lack of fusion,1,True
14549442,RT_ST_04_14549442,data/raw/steel/01.원천데이터/2. RTST/RT_ST_04_14549442.jpg,data/raw/steel/02.라벨링데이터/2. RTST/RT_ST_04_14549442.json,True,True,True,RT,ST,1280,720,defect,lack of fusion,1,True
14549457,RT_ST_04_14549457,data/raw/steel/01.원천데이터/2. RTST/RT_ST_04_14549457.jpg,data/raw/steel/02.라벨링데이터/2. RTST/RT_ST_04_14549457.json,True,True,True,RT,ST,1280,720,defect,lack of fusion,1,True
14549458,RT_ST_04_14549458,data/raw/steel/01.원천데이터/2. RTST/RT_ST_04_14549458.jpg,data/raw/steel/02.라벨링데이터/2. RTST/RT_ST_04_14549458.json,True,True,True,RT,ST,1280,720,defect,lack of fusion,1,True
14549480,RT_ST_04_14549480,data/raw/steel/01.원천데이터/2. RTST/RT_ST_04_14549480.jpg,data/raw/steel/02.라벨링데이터/2. RTST/RT_ST_04_14549480.json,True,True,True,RT,ST,1280,720,defect,lack of fusion,1,True
14549488,RT_ST_04_14549488,data/raw/steel/01.원천데이터/2. RTST/RT_ST_04_14549488.jpg,data/raw/steel/02.라벨링데이터/2. RTST/RT_ST_04_14549488.json,True,True,True,RT,ST,1280,720,defect,lack of fusion,1,True
14549498,RT_ST_04_14549498,data/raw/steel/01.원천데이터/2. RTST/RT_ST_04_14549498.jpg,data/raw/steel/02.라벨링데이터/2. RTST/RT_ST_04_14549498.json,True,True,True,RT,ST,1280,720,defect,lack of fusion,1,True
14549503,RT_ST_04_14549503,data/raw/steel/01.원천데이터/2. RTST/RT_ST_04_14549503.jpg,data/raw/steel/02.라벨링데이터/2. RTST/RT_ST_04_14549503.json,True,True,True,RT,ST,1280,720,defect,lack of fusion,1,True
14549504,RT_ST_04_14549504,data/raw/steel/01.원천데이터/2. RTST/RT_ST_04_14549504.jpg,data/raw/steel/02.라벨링데이터/2. RTST/RT_ST_04_14549504.json,True,True,True,RT,ST,1280,720,defect,lack of fusion,1,True
14549516,RT_ST_04_14549516,data/raw/steel/01.원천데이터/2. RTST/RT_ST_04_14549516.jpg,data/raw/steel/02.라벨링데이터/2. RTST/RT_ST_04_14549516.json,True,True,True,RT,ST,1280,720,defect,lack of fusion,1,True
14549527,RT_ST_04_14549527,data/raw/steel/01.원천데이터/2. RTST/RT_ST_04_14549527.jpg,data/raw/steel/02.라벨링데이터/2. RTST/RT_ST_04_14549527.json,True,True,True,RT,ST,1280,720,defect,lack of fusion,1,True
14549539,RT_ST_04_14549539,data/raw/steel/01.원천데이터/2. RTST/RT_ST_04_14549539.jpg,data/raw/steel/02.라벨링데이터/2. RTST/RT_ST_04_14549539.json,True,True,True,RT,ST,1280,720,defect,lack of fusion,1,True
14549549,RT_ST_04_14549549,data/raw/steel/01.원천데이터/2. RTST/RT_ST_04_14549549.jpg,data/raw/steel/02.라벨링데이터/2. RTST/RT_ST_04_14549549.json,True,True,True,RT,ST,1280,720,defect,lack of fusion,1,True
14549550,RT_ST_04_14549550,data/raw/steel/01.원천데이터/2. RTST/RT_ST_04_14549550.jpg,data/raw/steel/02.라벨링데이터/2. RTST/RT_ST_04_14549550.json,True,True,True,RT,ST,1280,720,defect,lack of fusion,1,True
14549554,RT_ST_04_14549554,data/raw/steel/01.원천데이터/2. RTST/RT_ST_04_14549554.jpg,data/raw/steel/02.라벨링데이터/2. RTST/RT_ST_04_14549554.json,True,True,True,RT,ST,1280,720,defect,lack of fusion,1,True
14549563,RT_ST_04_14549563,data/raw/steel/01.원천데이터/2. RTST/RT_ST_04_14549563.jpg,data/raw/steel/02.라벨링데이터/2. RTST/RT_ST_04_14549563.json,True,True,True,RT,ST,1280,720,defect,lack of fusion,1,True
14549569,RT_ST_04_14549569,data/raw/steel/01.원천데이터/2. RTST/RT_ST_04_14549569.jpg,data/raw/steel/02.라벨링데이터/2. RTST/RT_ST_04_14549569.json,True,True,True,RT,ST,1280,720,defect,lack of fusion,1,True
14549584,RT_ST_04_14549584,data/raw/steel/01.원천데이터/2. RTST/RT_ST_04_14549584.jpg,data/raw/steel/02.라벨링데이터/2. RTST/RT_ST_04_14549584.json,True,True,True,RT,ST,1280,720,defect,lack of fusion,3,True
14549587,RT_ST_04_14549587,data/raw/steel/01.원천데이터/2. RTST/RT_ST_04_14549587.jpg,data/raw/steel/02.라벨링데이터/2. RTST/RT_ST_04_14549587.json,True,True,True,RT,ST,1280,720,defect,lack of fusion,1,True
14549595,RT_ST_04_14549595,data/raw/steel/01.원천데이터/2. RTST/RT_ST_04_14549595.jpg,data/raw/steel/02.라벨링데이터/2. RTST/RT_ST_04_14549595.json,True,True,True,RT,ST,1280,720,defect,lack of fusion,1,True
14549598,RT_ST_04_14549598,data/raw/steel/01.원천데이터/2. RTST/RT_ST_04_14549598.jpg,data/raw/steel/02.라벨링데이터/2. RTST/RT_ST_04_14549598.json,True,True,True,RT,ST,1280,720,defect,lack of fusion,1,True
14549621,RT_ST_04_14549621,data/raw/steel/01.원천데이터/2. RTST/RT_ST_04_14549621.jpg,data/raw/steel/02.라벨링데이터/2. RTST/RT_ST_04_14549621.json,True,True,True,RT,ST,1280,720,defect,lack of fusion,1,True
14549625,RT_ST_04_14549625,data/raw/steel/01.원천데이터/2. RTST/RT_ST_04_14549625.jpg,data/raw/steel/02.라벨링데이터/2. RTST/RT_ST_04_14549625.json,True,True,True,RT,ST,1280,720,defect,lack of fusion,2,True
14549640,RT_ST_04_14549640,data/raw/steel/01.원천데이터/2. RTST/RT_ST_04_14549640.jpg,data/raw/steel/02.라벨링데이터/2. RTST/RT_ST_04_14549640.json,True,True,True,RT,ST,1280,720,defect,lack of fusion,1,True
14549648,RT_ST_04_14549648,data/raw/steel/01.원천데이터/2. RTST/RT_ST_04_14549648.jpg,data/raw/steel/02.라벨링데이터/2. RTST/RT_ST_04_14549648.json,True,True,True,RT,ST,1280,720,defect,lack of fusion,1,True
14549661,RT_ST_04_14549661,data/raw/steel/01.원천데이터/2. RTST/RT_ST_04_14549661.jpg,data/raw/steel/02.라벨링데이터/2. RTST/RT_ST_04_14549661.json,True,True,True,RT,ST,1280,720,defect,lack of fusion,2,True
14549667,RT_ST_04_14549667,data/raw/steel/01.원천데이터/2. RTST/RT_ST_04_14549667.jpg,data/raw/steel/02.라벨링데이터/2. RTST/RT_ST_04_14549667.json,True,True,True,RT,ST,1280,720,defect,lack of fusion,1,True
14549678,RT_ST_04_14549678,data/raw/steel/01.원천데이터/2. RTST/RT_ST_04_14549678.jpg,data/raw/steel/02.라벨링데이터/2. RTST/RT_ST_04_14549678.json,True,True,True,RT,ST,1280,720,defect,lack of fusion,1,True
14549686,RT_ST_04_14549686,data/raw/steel/01.원천데이터/2. RTST/RT_ST_04_14549686.jpg,data/raw/steel/02.라벨링데이터/2. RTST/RT_ST_04_14549686.json,True,True,True,RT,ST,1280,720,defect,lack of fusion,1,True
14549697,RT_ST_04_14549697,data/raw/steel/01.원천데이터/2. RTST/RT_ST_04_14549697.jpg,data/raw/steel/02.라벨링데이터/2. RTST/RT_ST_04_14549697.json,True,True,True,RT,ST,1280,720,defect,lack of fusion,2,True
14549700,RT_ST_04_14549700,data/raw/steel/01.원천데이터/2. RTST/RT_ST_04_14549700.jpg,data/raw/steel/02.라벨링데이터/2. RTST/RT_ST_04_14549700.json,True,True,True,RT,ST,1280,720,defect,lack of fusion,1,True
14549711,RT_ST_04_14549711,data/raw/steel/01.원천데이터/2. RTST/RT_ST_04_14549711.jpg,data/raw/steel/02.라벨링데이터/2. RTST/RT_ST_04_14549711.json,True,True,True,RT,ST,1280,720,defect,lack of fusion,1,True
14549723,RT_ST_04_14549723,data/raw/steel/01.원천데이터/2. RTST/RT_ST_04_14549723.jpg,data/raw/steel/02.라벨링데이터/2. RTST/RT_ST_04_14549723.json,True,True,True,RT,ST,1280,720,defect,lack of fusion,1,True
14549757,RT_ST_04_14549757,data/raw/steel/01.원천데이터/2. RTST/RT_ST_04_14549757.jpg,data/raw/steel/02.라벨링데이터/2. RTST/RT_ST_04_14549757.json,True,True,True,RT,ST,1280,720,defect,lack of fusion,1,True
14549774,RT_ST_04_14549774,data/raw/steel/01.원천데이터/2. RTST/RT_ST_04_14549774.jpg,data/raw/steel/02.라벨링데이터/2. RTST/RT_ST_04_14549774.json,True,True,True,RT,ST,1280,720,defect,lack of fusion,1,True
14549805,RT_ST_04_14549805,data/raw/steel/01.원천데이터/2. RTST/RT_ST_04_14549805.jpg,data/raw/steel/02.라벨링데이터/2. RTST/RT_ST_04_14549805.json,True,True,True,RT,ST,1280,720,defect,lack of fusion,1,True
14549810,RT_ST_04_14549810,data/raw/steel/01.원천데이터/2. RTST/RT_ST_04_14549810.jpg,data/raw/steel/02.라벨링데이터/2. RTST/RT_ST_04_14549810.json,True,True,True,RT,ST,1280,720,defect,lack of fusion,1,True
14549819,RT_ST_04_14549819,data/raw/steel/01.원천데이터/2. RTST/RT_ST_04_14549819.jpg,data/raw/steel/02.라벨링데이터/2. RTST/RT_ST_04_14549819.json,True,True,True,RT,ST,1280,720,defect,lack of fusion,4,True
14549826,RT_ST_04_14549826,data/raw/steel/01.원천데이터/2. RTST/RT_ST_04_14549826.jpg,data/raw/steel/02.라벨링데이터/2. RTST/RT_ST_04_14549826.json,True,True,True,RT,ST,1280,720,defect,lack of fusion,1,True
14549837,RT_ST_04_14549837,data/raw/steel/01.원천데이터/2. RTST/RT_ST_04_14549837.jpg,data/raw/steel/02.라벨링데이터/2. RTST/RT_ST_04_14549837.json,True,True,True,RT,ST,1280,720,defect,lack of fusion,1,True
14549862,RT_ST_04_14549862,data/raw/steel/01.원천데이터/2. RTST/RT_ST_04_14549862.jpg,data/raw/steel/02.라벨링데이터/2. RTST/RT_ST_04_14549862.json,True,True,True,RT,ST,1280,720,defect,lack of fusion,1,True
14549863,RT_ST_04_14549863,data/raw/steel/01.원천데이터/2. RTST/RT_ST_04_14549863.jpg,data/raw/steel/02.라벨링데이터/2. RTST/RT_ST_04_14549863.json,True,True,True,RT,ST,1280,720,defect,lack of fusion,2,True
14549864,RT_ST_04_14549864,data/raw/steel/01.원천데이터/2. RTST/RT_ST_04_14549864.jpg,data/raw/steel/02.라벨링데이터/2. RTST/RT_ST_04_14549864.json,True,True,True,RT,ST,1280,720,defect,lack of fusion,1,True
14549866,RT_ST_04_14549866,data/raw/steel/01.원천데이터/2. RTST/RT_ST_04_14549866.jpg,data/raw/steel/02.라벨링데이터/2. RTST/RT_ST_04_14549866.json,True,True,True,RT,ST,1280,720,defect,lack of fusion,2,True
14549873,RT_ST_04_14549873,data/raw/steel/01.원천데이터/2. RTST/RT_ST_04_14549873.jpg,data/raw/steel/02.라벨링데이터/2. RTST/RT_ST_04_14549873.json,True,True,True,RT,ST,1280,720,defect,lack of fusion,1,True
14549875,RT_ST_04_14549875,data/raw/steel/01.원천데이터/2. RTST/RT_ST_04_14549875.jpg,data/raw/steel/02.라벨링데이터/2. RTST/RT_ST_04_14549875.json,True,True,True,RT,ST,1280,720,defect,lack of fusion,1,True
14549880,RT_ST_04_14549880,data/raw/steel/01.원천데이터/2. RTST/RT_ST_04_14549880.jpg,data/raw/steel/02.라벨링데이터/2. RTST/RT_ST_04_14549880.json,True,True,True,RT,ST,1280,720,defect,lack of fusion,1,True
14549897,RT_ST_04_14549897,data/raw/steel/01.원천데이터/2. RTST/RT_ST_04_14549897.jpg,data/raw/steel/02.라벨링데이터/2. RTST/RT_ST_04_14549897.json,True,True,True,RT,ST,1280,720,defect,lack of fusion,1,True
14549924,RT_ST_04_14549924,data/raw/steel/01.원천데이터/2. RTST/RT_ST_04_14549924.jpg,data/raw/steel/02.라벨링데이터/2. RTST/RT_ST_04_14549924.json,True,True,True,RT,ST,1280,720,defect,lack of fusion,1,True
14549940,RT_ST_04_14549940,data/raw/steel/01.원천데이터/2. RTST/RT_ST_04_14549940.jpg,data/raw/steel/02.라벨링데이터/2. RTST/RT_ST_04_14549940.json,True,True,True,RT,ST,1280,720,defect,lack of fusion,1,True
14549965,RT_ST_04_14549965,data/raw/steel/01.원천데이터/2. RTST/RT_ST_04_14549965.jpg,data/raw/steel/02.라벨링데이터/2. RTST/RT_ST_04_14549965.json,True,True,True,RT,ST,1280,720,defect,lack of fusion,1,True
14549969,RT_ST_04_14549969,data/raw/steel/01.원천데이터/2. RTST/RT_ST_04_14549969.jpg,data/raw/steel/02.라벨링데이터/2. RTST/RT_ST_04_14549969.json,True,True,True,RT,ST,1280,720,defect,lack of fusion,1,True
14549973,RT_ST_04_14549973,data/raw/steel/01.원천데이터/2. RTST/RT_ST_04_14549973.jpg,data/raw/steel/02.라벨링데이터/2. RTST/RT_ST_04_14549973.json,True,True,True,RT,ST,1280,720,defect,lack of fusion,1,True
14549975,RT_ST_04_14549975,data/raw/steel/01.원천데이터/2. RTST/RT_ST_04_14549975.jpg,data/raw/steel/02.라벨링데이터/2. RTST/RT_ST_04_14549975.json,True,True,True,RT,ST,1280,720,defect,lack of fusion,1,True
14549981,RT_ST_04_14549981,data/raw/steel/01.원천데이터/2. RTST/RT_ST_04_14549981.jpg,data/raw/steel/02.라벨링데이터/2. RTST/RT_ST_04_14549981.json,True,True,True,RT,ST,1280,720,defect,lack of fusion,3,True
14549984,RT_ST_04_14549984,data/raw/steel/01.원천데이터/2. RTST/RT_ST_04_14549984.jpg,data/raw/steel/02.라벨링데이터/2. RTST/RT_ST_04_14549984.json,True,True,True,RT,ST,1280,720,defect,lack of fusion,1,True
14550008,RT_ST_04_14550008,data/raw/steel/01.원천데이터/2. RTST/RT_ST_04_14550008.jpg,data/raw/steel/02.라벨링데이터/2. RTST/RT_ST_04_14550008.json,True,True,True,RT,ST,1280,720,defect,lack of fusion,1,True
14550037,RT_ST_04_14550037,data/raw/steel/01.원천데이터/2. RTST/RT_ST_04_14550037.jpg,data/raw/steel/02.라벨링데이터/2. RTST/RT_ST_04_14550037.json,True,True,True,RT,ST,1280,720,defect,lack of fusion,1,True
14550048,RT_ST_04_14550048,data/raw/steel/01.원천데이터/2. RTST/RT_ST_04_14550048.jpg,data/raw/steel/02.라벨링데이터/2. RTST/RT_ST_04_14550048.json,True,True,True,RT,ST,1280,720,defect,lack of fusion,1,True
14550050,RT_ST_04_14550050,data/raw/steel/01.원천데이터/2. RTST/RT_ST_04_14550050.jpg,data/raw/steel/02.라벨링데이터/2. RTST/RT_ST_04_14550050.json,True,True,True,RT,ST,1280,720,defect,lack of fusion,3,True
14550063,RT_ST_04_14550063,data/raw/steel/01.원천데이터/2. RTST/RT_ST_04_14550063.jpg,data/raw/steel/02.라벨링데이터/2. RTST/RT_ST_04_14550063.json,True,True,True,RT,ST,1280,720,defect,lack of fusion,3,True
14550101,RT_ST_04_14550101,data/raw/steel/01.원천데이터/2. RTST/RT_ST_04_14550101.jpg,data/raw/steel/02.라벨링데이터/2. RTST/RT_ST_04_14550101.json,True,True,True,RT,ST,1280,720,defect,lack of fusion,1,True
14550103,RT_ST_04_14550103,data/raw/steel/01.원천데이터/2. RTST/RT_ST_04_14550103.jpg,data/raw/steel/02.라벨링데이터/2. RTST/RT_ST_04_14550103.json,True,True,True,RT,ST,1280,720,defect,lack of fusion,1,True
14550144,RT_ST_04_14550144,data/raw/steel/01.원천데이터/2. RTST/RT_ST_04_14550144.jpg,data/raw/steel/02.라벨링데이터/2. RTST/RT_ST_04_14550144.json,True,True,True,RT,ST,1280,720,defect,lack of fusion,2,True
14550157,RT_ST_04_14550157,data/raw/steel/01.원천데이터/2. RTST/RT_ST_04_14550157.jpg,data/raw/steel/02.라벨링데이터/2. RTST/RT_ST_04_14550157.json,True,True,True,RT,ST,1280,720,defect,lack of fusion,1,True
14550165,RT_ST_04_14550165,data/raw/steel/01.원천데이터/2. RTST/RT_ST_04_14550165.jpg,data/raw/steel/02.라벨링데이터/2. RTST/RT_ST_04_14550165.json,True,True,True,RT,ST,1280,720,defect,lack of fusion,1,True
14550172,RT_ST_04_14550172,data/raw/steel/01.원천데이터/2. RTST/RT_ST_04_14550172.jpg,data/raw/steel/02.라벨링데이터/2. RTST/RT_ST_04_14550172.json,True,True,True,RT,ST,1280,720,defect,lack of fusion,1,True
14550178,RT_ST_04_14550178,data/raw/steel/01.원천데이터/2. RTST/RT_ST_04_14550178.jpg,data/raw/steel/02.라벨링데이터/2. RTST/RT_ST_04_14550178.json,True,True,True,RT,ST,1280,720,defect,lack of fusion,3,True
14550187,RT_ST_04_14550187,data/raw/steel/01.원천데이터/2. RTST/RT_ST_04_14550187.jpg,data/raw/steel/02.라벨링데이터/2. RTST/RT_ST_04_14550187.json,True,True,True,RT,ST,1280,720,defect,lack of fusion,1,True
14550206,RT_ST_04_14550206,data/raw/steel/01.원천데이터/2. RTST/RT_ST_04_14550206.jpg,data/raw/steel/02.라벨링데이터/2. RTST/RT_ST_04_14550206.json,True,True,True,RT,ST,1280,720,defect,lack of fusion,1,True
14550208,RT_ST_04_14550208,data/raw/steel/01.원천데이터/2. RTST/RT_ST_04_14550208.jpg,data/raw/steel/02.라벨링데이터/2. RTST/RT_ST_04_14550208.json,True,True,True,RT,ST,1280,720,defect,lack of fusion,1,True
14550235,RT_ST_04_14550235,data/raw/steel/01.원천데이터/2. RTST/RT_ST_04_14550235.jpg,data/raw/steel/02.라벨링데이터/2. RTST/RT_ST_04_14550235.json,True,True,True,RT,ST,1280,720,defect,lack of fusion,1,True
14550240,RT_ST_04_14550240,data/raw/steel/01.원천데이터/2. RTST/RT_ST_04_14550240.jpg,data/raw/steel/02.라벨링데이터/2. RTST/RT_ST_04_14550240.json,True,True,True,RT,ST,1280,720,defect,lack of fusion,1,True
14550242,RT_ST_04_14550242,data/raw/steel/01.원천데이터/2. RTST/RT_ST_04_14550242.jpg,data/raw/steel/02.라벨링데이터/2. RTST/RT_ST_04_14550242.json,True,True,True,RT,ST,1280,720,defect,lack of fusion,1,True
14550255,RT_ST_04_14550255,data/raw/steel/01.원천데이터/2. RTST/RT_ST_04_14550255.jpg,data/raw/steel/02.라벨링데이터/2. RTST/RT_ST_04_14550255.json,True,True,True,RT,ST,1280,720,defect,lack of fusion,5,True
14550266,RT_ST_04_14550266,data/raw/steel/01.원천데이터/2. RTST/RT_ST_04_14550266.jpg,data/raw/steel/02.라벨링데이터/2. RTST/RT_ST_04_14550266.json,True,True,True,RT,ST,1280,720,defect,lack of fusion,1,True
14550267,RT_ST_04_14550267,data/raw/steel/01.원천데이터/2. RTST/RT_ST_04_14550267.jpg,data/raw/steel/02.라벨링데이터/2. RTST/RT_ST_04_14550267.json,True,True,True,RT,ST,1280,720,defect,lack of fusion,1,True
14550270,RT_ST_04_14550270,data/raw/steel/01.원천데이터/2. RTST/RT_ST_04_14550270.jpg,data/raw/steel/02.라벨링데이터/2. RTST/RT_ST_04_14550270.json,True,True,True,RT,ST,1280,720,defect,lack of fusion,1,True
14550271,RT_ST_04_14550271,data/raw/steel/01.원천데이터/2. RTST/RT_ST_04_14550271.jpg,data/raw/steel/02.라벨링데이터/2. RTST/RT_ST_04_14550271.json,True,True,True,RT,ST,1280,720,defect,lack of fusion,2,True
14550272,RT_ST_04_14550272,data/raw/steel/01.원천데이터/2. RTST/RT_ST_04_14550272.jpg,data/raw/steel/02.라벨링데이터/2. RTST/RT_ST_04_14550272.json,True,True,True,RT,ST,1280,720,defect,lack of fusion,1,True
14550273,RT_ST_04_14550273,data/raw/steel/01.원천데이터/2. RTST/RT_ST_04_14550273.jpg,data/raw/steel/02.라벨링데이터/2. RTST/RT_ST_04_14550273.json,True,True,True,RT,ST,1280,720,defect,lack of fusion,1,True
14550284,RT_ST_04_14550284,data/raw/steel/01.원천데이터/2. RTST/RT_ST_04_14550284.jpg,data/raw/steel/02.라벨링데이터/2. RTST/RT_ST_04_14550284.json,True,True,True,RT,ST,1280,720,defect,lack of fusion,1,True
14550286,RT_ST_04_14550286,data/raw/steel/01.원천데이터/2. RTST/RT_ST_04_14550286.jpg,data/raw/steel/02.라벨링데이터/2. RTST/RT_ST_04_14550286.json,True,True,True,RT,ST,1280,720,defect,lack of fusion,1,True
14550302,RT_ST_04_14550302,data/raw/steel/01.원천데이터/2. RTST/RT_ST_04_14550302.jpg,data/raw/steel/02.라벨링데이터/2. RTST/RT_ST_04_14550302.json,True,True,True,RT,ST,1280,720,defect,lack of fusion,1,True
14550308,RT_ST_04_14550308,data/raw/steel/01.원천데이터/2. RTST/RT_ST_04_14550308.jpg,data/raw/steel/02.라벨링데이터/2. RTST/RT_ST_04_14550308.json,True,True,True,RT,ST,1280,720,defect,lack of fusion,1,True
14550311,RT_ST_04_14550311,data/raw/steel/01.원천데이터/2. RTST/RT_ST_04_14550311.jpg,data/raw/steel/02.라벨링데이터/2. RTST/RT_ST_04_14550311.json,True,True,True,RT,ST,1280,720,defect,lack of fusion,1,True
14550320,RT_ST_04_14550320,data/raw/steel/01.원천데이터/2. RTST/RT_ST_04_14550320.jpg,data/raw/steel/02.라벨링데이터/2. RTST/RT_ST_04_14550320.json,True,True,True,RT,ST,1280,720,defect,lack of fusion,1,True
14550325,RT_ST_04_14550325,data/raw/steel/01.원천데이터/2. RTST/RT_ST_04_14550325.jpg,data/raw/steel/02.라벨링데이터/2. RTST/RT_ST_04_14550325.json,True,True,True,RT,ST,1280,720,defect,lack of fusion,3,True
14550328,RT_ST_04_14550328,data/raw/steel/01.원천데이터/2. RTST/RT_ST_04_14550328.jpg,data/raw/steel/02.라벨링데이터/2. RTST/RT_ST_04_14550328.json,True,True,True,RT,ST,1280,720,defect,lack of fusion,1,True
14550330,RT_ST_04_14550330,data/raw/steel/01.원천데이터/2. RTST/RT_ST_04_14550330.jpg,data/raw/steel/02.라벨링데이터/2. RTST/RT_ST_04_14550330.json,True,True,True,RT,ST,1280,720,defect,lack of fusion,1,True
14550331,RT_ST_04_14550331,data/raw/steel/01.원천데이터/2. RTST/RT_ST_04_14550331.jpg,data/raw/steel/02.라벨링데이터/2. RTST/RT_ST_04_14550331.json,True,True,True,RT,ST,1280,720,defect,lack of fusion,1,True
14550354,RT_ST_04_14550354,data/raw/steel/01.원천데이터/2. RTST/RT_ST_04_14550354.jpg,data/raw/steel/02.라벨링데이터/2. RTST/RT_ST_04_14550354.json,True,True,True,RT,ST,1280,720,defect,lack of fusion,1,True
14550355,RT_ST_04_14550355,data/raw/steel/01.원천데이터/2. RTST/RT_ST_04_14550355.jpg,data/raw/steel/02.라벨링데이터/2. RTST/RT_ST_04_14550355.json,True,True,True,RT,ST,1280,720,defect,lack of fusion,1,True
14550378,RT_ST_04_14550378,data/raw/steel/01.원천데이터/2. RTST/RT_ST_04_14550378.jpg,data/raw/steel/02.라벨링데이터/2. RTST/RT_ST_04_14550378.json,True,True,True,RT,ST,1280,720,defect,lack of fusion,1,True
14550384,RT_ST_04_14550384,data/raw/steel/01.원천데이터/2. RTST/RT_ST_04_14550384.jpg,data/raw/steel/02.라벨링데이터/2. RTST/RT_ST_04_14550384.json,True,True,True,RT,ST,1280,720,defect,lack of fusion,4,True
14550405,RT_ST_04_14550405,data/raw/steel/01.원천데이터/2. RTST/RT_ST_04_14550405.jpg,data/raw/steel/02.라벨링데이터/2. RTST/RT_ST_04_14550405.json,True,True,True,RT,ST,1280,720,defect,lack of fusion,1,True
14550415,RT_ST_04_14550415,data/raw/steel/01.원천데이터/2. RTST/RT_ST_04_14550415.jpg,data/raw/steel/02.라벨링데이터/2. RTST/RT_ST_04_14550415.json,True,True,True,RT,ST,1280,720,defect,lack of fusion,1,True
14550416,RT_ST_04_14550416,data/raw/steel/01.원천데이터/2. RTST/RT_ST_04_14550416.jpg,data/raw/steel/02.라벨링데이터/2. RTST/RT_ST_04_14550416.json,True,True,True,RT,ST,1280,720,defect,lack of fusion,2,True
14550419,RT_ST_04_14550419,data/raw/steel/01.원천데이터/2. RTST/RT_ST_04_14550419.jpg,data/raw/steel/02.라벨링데이터/2. RTST/RT_ST_04_14550419.json,True,True,True,RT,ST,1280,720,defect,lack of fusion,1,True
14550423,RT_ST_04_14550423,data/raw/steel/01.원천데이터/2. RTST/RT_ST_04_14550423.jpg,data/raw/steel/02.라벨링데이터/2. RTST/RT_ST_04_14550423.json,True,True,True,RT,ST,1280,720,defect,lack of fusion,1,True
14550464,RT_ST_04_14550464,data/raw/steel/01.원천데이터/2. RTST/RT_ST_04_14550464.jpg,data/raw/steel/02.라벨링데이터/2. RTST/RT_ST_04_14550464.json,True,True,True,RT,ST,1280,720,defect,lack of fusion,1,True
14550502,RT_ST_04_14550502,data/raw/steel/01.원천데이터/2. RTST/RT_ST_04_14550502.jpg,data/raw/steel/02.라벨링데이터/2. RTST/RT_ST_04_14550502.json,True,True,True,RT,ST,1280,720,defect,lack of fusion,1,True
14550519,RT_ST_04_14550519,data/raw/steel/01.원천데이터/2. RTST/RT_ST_04_14550519.jpg,data/raw/steel/02.라벨링데이터/2. RTST/RT_ST_04_14550519.json,True,True,True,RT,ST,1280,720,defect,lack of fusion,1,True
14550526,RT_ST_04_14550526,data/raw/steel/01.원천데이터/2. RTST/RT_ST_04_14550526.jpg,data/raw/steel/02.라벨링데이터/2. RTST/RT_ST_04_14550526.json,True,True,True,RT,ST,1280,720,defect,lack of fusion,1,True
14550539,RT_ST_04_14550539,data/raw/steel/01.원천데이터/2. RTST/RT_ST_04_14550539.jpg,data/raw/steel/02.라벨링데이터/2. RTST/RT_ST_04_14550539.json,True,True,True,RT,ST,1280,720,defect,lack of fusion,1,True
14550540,RT_ST_04_14550540,data/raw/steel/01.원천데이터/2. RTST/RT_ST_04_14550540.jpg,data/raw/steel/02.라벨링데이터/2. RTST/RT_ST_04_14550540.json,True,True,True,RT,ST,1280,720,defect,lack of fusion,2,True
14550544,RT_ST_04_14550544,data/raw/steel/01.원천데이터/2. RTST/RT_ST_04_14550544.jpg,data/raw/steel/02.라벨링데이터/2. RTST/RT_ST_04_14550544.json,True,True,True,RT,ST,1280,720,defect,lack of fusion,1,True
14550546,RT_ST_04_14550546,data/raw/steel/01.원천데이터/2. RTST/RT_ST_04_14550546.jpg,data/raw/steel/02.라벨링데이터/2. RTST/RT_ST_04_14550546.json,True,True,True,RT,ST,1280,720,defect,lack of fusion,1,True
14550582,RT_ST_04_14550582,data/raw/steel/01.원천데이터/2. RTST/RT_ST_04_14550582.jpg,data/raw/steel/02.라벨링데이터/2. RTST/RT_ST_04_14550582.json,True,True,True,RT,ST,1280,720,defect,lack of fusion,1,True
14550596,RT_ST_04_14550596,data/raw/steel/01.원천데이터/2. RTST/RT_ST_04_14550596.jpg,data/raw/steel/02.라벨링데이터/2. RTST/RT_ST_04_14550596.json,True,True,True,RT,ST,1280,720,defect,lack of fusion,1,True
14550597,RT_ST_04_14550597,data/raw/steel/01.원천데이터/2. RTST/RT_ST_04_14550597.jpg,data/raw/steel/02.라벨링데이터/2. RTST/RT_ST_04_14550597.json,True,True,True,RT,ST,1280,720,defect,lack of fusion,1,True
14550626,RT_ST_04_14550626,data/raw/steel/01.원천데이터/2. RTST/RT_ST_04_14550626.jpg,data/raw/steel/02.라벨링데이터/2. RTST/RT_ST_04_14550626.json,True,True,True,RT,ST,1280,720,defect,lack of fusion,2,True
14550658,RT_ST_04_14550658,data/raw/steel/01.원천데이터/2. RTST/RT_ST_04_14550658.jpg,data/raw/steel/02.라벨링데이터/2. RTST/RT_ST_04_14550658.json,True,True,True,RT,ST,1280,720,defect,lack of fusion,1,True
14550666,RT_ST_04_14550666,data/raw/steel/01.원천데이터/2. RTST/RT_ST_04_14550666.jpg,data/raw/steel/02.라벨링데이터/2. RTST/RT_ST_04_14550666.json,True,True,True,RT,ST,1280,720,defect,lack of fusion,1,True
14550674,RT_ST_04_14550674,data/raw/steel/01.원천데이터/2. RTST/RT_ST_04_14550674.jpg,data/raw/steel/02.라벨링데이터/2. RTST/RT_ST_04_14550674.json,True,True,True,RT,ST,1280,720,defect,lack of fusion,5,True
14550676,RT_ST_04_14550676,data/raw/steel/01.원천데이터/2. RTST/RT_ST_04_14550676.jpg,data/raw/steel/02.라벨링데이터/2. RTST/RT_ST_04_14550676.json,True,True,True,RT,ST,1280,720,defect,lack of fusion,1,True
14550685,RT_ST_04_14550685,data/raw/steel/01.원천데이터/2. RTST/RT_ST_04_14550685.jpg,data/raw/steel/02.라벨링데이터/2. RTST/RT_ST_04_14550685.json,True,True,True,RT,ST,1280,720,defect,lack of fusion,1,True
14550705,RT_ST_04_14550705,data/raw/steel/01.원천데이터/2. RTST/RT_ST_04_14550705.jpg,data/raw/steel/02.라벨링데이터/2. RTST/RT_ST_04_14550705.json,True,True,True,RT,ST,1280,720,defect,lack of fusion,1,True
14550720,RT_ST_04_14550720,data/raw/steel/01.원천데이터/2. RTST/RT_ST_04_14550720.jpg,data/raw/steel/02.라벨링데이터/2. RTST/RT_ST_04_14550720.json,True,True,True,RT,ST,1280,720,defect,lack of fusion,1,True
14550725,RT_ST_04_14550725,data/raw/steel/01.원천데이터/2. RTST/RT_ST_04_14550725.jpg,data/raw/steel/02.라벨링데이터/2. RTST/RT_ST_04_14550725.json,True,True,True,RT,ST,1280,720,defect,lack of fusion,1,True
14550730,RT_ST_04_14550730,data/raw/steel/01.원천데이터/2. RTST/RT_ST_04_14550730.jpg,data/raw/steel/02.라벨링데이터/2. RTST/RT_ST_04_14550730.json,True,True,True,RT,ST,1280,720,defect,lack of fusion,1,True
14550744,RT_ST_04_14550744,data/raw/steel/01.원천데이터/2. RTST/RT_ST_04_14550744.jpg,data/raw/steel/02.라벨링데이터/2. RTST/RT_ST_04_14550744.json,True,True,True,RT,ST,1280,720,defect,lack of fusion,1,True
14550752,RT_ST_04_14550752,data/raw/steel/01.원천데이터/2. RTST/RT_ST_04_14550752.jpg,data/raw/steel/02.라벨링데이터/2. RTST/RT_ST_04_14550752.json,True,True,True,RT,ST,1280,720,defect,lack of fusion,1,True
14550762,RT_ST_04_14550762,data/raw/steel/01.원천데이터/2. RTST/RT_ST_04_14550762.jpg,data/raw/steel/02.라벨링데이터/2. RTST/RT_ST_04_14550762.json,True,True,True,RT,ST,1280,720,defect,lack of fusion,2,True
14550763,RT_ST_04_14550763,data/raw/steel/01.원천데이터/2. RTST/RT_ST_04_14550763.jpg,data/raw/steel/02.라벨링데이터/2. RTST/RT_ST_04_14550763.json,True,True,True,RT,ST,1280,720,defect,lack of fusion,1,True
14550770,RT_ST_04_14550770,data/raw/steel/01.원천데이터/2. RTST/RT_ST_04_14550770.jpg,data/raw/steel/02.라벨링데이터/2. RTST/RT_ST_04_14550770.json,True,True,True,RT,ST,1280,720,defect,lack of fusion,1,True
14550781,RT_ST_04_14550781,data/raw/steel/01.원천데이터/2. RTST/RT_ST_04_14550781.jpg,data/raw/steel/02.라벨링데이터/2. RTST/RT_ST_04_14550781.json,True,True,True,RT,ST,1280,720,defect,lack of fusion,1,True
14550806,RT_ST_04_14550806,data/raw/steel/01.원천데이터/2. RTST/RT_ST_04_14550806.jpg,data/raw/steel/02.라벨링데이터/2. RTST/RT_ST_04_14550806.json,True,True,True,RT,ST,1280,720,defect,lack of fusion,4,True
14550811,RT_ST_04_14550811,data/raw/steel/01.원천데이터/2. RTST/RT_ST_04_14550811.jpg,data/raw/steel/02.라벨링데이터/2. RTST/RT_ST_04_14550811.json,True,True,True,RT,ST,1280,720,defect,lack of fusion,2,True
14550821,RT_ST_04_14550821,data/raw/steel/01.원천데이터/2. RTST/RT_ST_04_14550821.jpg,data/raw/steel/02.라벨링데이터/2. RTST/RT_ST_04_14550821.json,True,True,True,RT,ST,1280,720,defect,lack of fusion,1,True
14550826,RT_ST_04_14550826,data/raw/steel/01.원천데이터/2. RTST/RT_ST_04_14550826.jpg,data/raw/steel/02.라벨링데이터/2. RTST/RT_ST_04_14550826.json,True,True,True,RT,ST,1280,720,defect,lack of fusion,3,True
14550828,RT_ST_04_14550828,data/raw/steel/01.원천데이터/2. RTST/RT_ST_04_14550828.jpg,data/raw/steel/02.라벨링데이터/2. RTST/RT_ST_04_14550828.json,True,True,True,RT,ST,1280,720,defect,lack of fusion,1,True
14550831,RT_ST_04_14550831,data/raw/steel/01.원천데이터/2. RTST/RT_ST_04_14550831.jpg,data/raw/steel/02.라벨링데이터/2. RTST/RT_ST_04_14550831.json,True,True,True,RT,ST,1280,720,defect,lack of fusion,1,True
14550832,RT_ST_04_14550832,data/raw/steel/01.원천데이터/2. RTST/RT_ST_04_14550832.jpg,data/raw/steel/02.라벨링데이터/2. RTST/RT_ST_04_14550832.json,True,True,True,RT,ST,1280,720,defect,lack of fusion,5,True
14550847,RT_ST_04_14550847,data/raw/steel/01.원천데이터/2. RTST/RT_ST_04_14550847.jpg,data/raw/steel/02.라벨링데이터/2. RTST/RT_ST_04_14550847.json,True,True,True,RT,ST,1280,720,defect,lack of fusion,3,True
14550848,RT_ST_04_14550848,data/raw/steel/01.원천데이터/2. RTST/RT_ST_04_14550848.jpg,data/raw/steel/02.라벨링데이터/2. RTST/RT_ST_04_14550848.json,True,True,True,RT,ST,1280,720,defect,lack of fusion,2,True
14550852,RT_ST_04_14550852,data/raw/steel/01.원천데이터/2. RTST/RT_ST_04_14550852.jpg,data/raw/steel/02.라벨링데이터/2. RTST/RT_ST_04_14550852.json,True,True,True,RT,ST,1280,720,defect,lack of fusion,1,True
14550854,RT_ST_04_14550854,data/raw/steel/01.원천데이터/2. RTST/RT_ST_04_14550854.jpg,data/raw/steel/02.라벨링데이터/2. RTST/RT_ST_04_14550854.json,True,True,True,RT,ST,1280,720,defect,lack of fusion,1,True
14550893,RT_ST_04_14550893,data/raw/steel/01.원천데이터/2. RTST/RT_ST_04_14550893.jpg,data/raw/steel/02.라벨링데이터/2. RTST/RT_ST_04_14550893.json,True,True,True,RT,ST,1280,720,defect,lack of fusion,2,True
14550894,RT_ST_04_14550894,data/raw/steel/01.원천데이터/2. RTST/RT_ST_04_14550894.jpg,data/raw/steel/02.라벨링데이터/2. RTST/RT_ST_04_14550894.json,True,True,True,RT,ST,1280,720,defect,lack of fusion,1,True
14550901,RT_ST_04_14550901,data/raw/steel/01.원천데이터/2. RTST/RT_ST_04_14550901.jpg,data/raw/steel/02.라벨링데이터/2. RTST/RT_ST_04_14550901.json,True,True,True,RT,ST,1280,720,defect,lack of fusion,1,True
14550905,RT_ST_04_14550905,data/raw/steel/01.원천데이터/2. RTST/RT_ST_04_14550905.jpg,data/raw/steel/02.라벨링데이터/2. RTST/RT_ST_04_14550905.json,True,True,True,RT,ST,1280,720,defect,lack of fusion,3,True
14550910,RT_ST_04_14550910,data/raw/steel/01.원천데이터/2. RTST/RT_ST_04_14550910.jpg,data/raw/steel/02.라벨링데이터/2. RTST/RT_ST_04_14550910.json,True,True,True,RT,ST,1280,720,defect,lack of fusion,1,True
14550917,RT_ST_04_14550917,data/raw/steel/01.원천데이터/2. RTST/RT_ST_04_14550917.jpg,data/raw/steel/02.라벨링데이터/2. RTST/RT_ST_04_14550917.json,True,True,True,RT,ST,1280,720,defect,lack of fusion,1,True
14550919,RT_ST_04_14550919,data/raw/steel/01.원천데이터/2. RTST/RT_ST_04_14550919.jpg,data/raw/steel/02.라벨링데이터/2. RTST/RT_ST_04_14550919.json,True,True,True,RT,ST,1280,720,defect,lack of fusion,1,True
14550920,RT_ST_04_14550920,data/raw/steel/01.원천데이터/2. RTST/RT_ST_04_14550920.jpg,data/raw/steel/02.라벨링데이터/2. RTST/RT_ST_04_14550920.json,True,True,True,RT,ST,1280,720,defect,lack of fusion,1,True
14550921,RT_ST_04_14550921,data/raw/steel/01.원천데이터/2. RTST/RT_ST_04_14550921.jpg,data/raw/steel/02.라벨링데이터/2. RTST/RT_ST_04_14550921.json,True,True,True,RT,ST,1280,720,defect,lack of fusion,1,True
14550922,RT_ST_04_14550922,data/raw/steel/01.원천데이터/2. RTST/RT_ST_04_14550922.jpg,data/raw/steel/02.라벨링데이터/2. RTST/RT_ST_04_14550922.json,True,True,True,RT,ST,1280,720,defect,lack of fusion,1,True
14550926,RT_ST_04_14550926,data/raw/steel/01.원천데이터/2. RTST/RT_ST_04_14550926.jpg,data/raw/steel/02.라벨링데이터/2. RTST/RT_ST_04_14550926.json,True,True,True,RT,ST,1280,720,defect,lack of fusion,1,True
14550929,RT_ST_04_14550929,data/raw/steel/01.원천데이터/2. RTST/RT_ST_04_14550929.jpg,data/raw/steel/02.라벨링데이터/2. RTST/RT_ST_04_14550929.json,True,True,True,RT,ST,1280,720,defect,lack of fusion,1,True
14550938,RT_ST_04_14550938,data/raw/steel/01.원천데이터/2. RTST/RT_ST_04_14550938.jpg,data/raw/steel/02.라벨링데이터/2. RTST/RT_ST_04_14550938.json,True,True,True,RT,ST,1280,720,defect,lack of fusion,1,True
14550955,RT_ST_04_14550955,data/raw/steel/01.원천데이터/2. RTST/RT_ST_04_14550955.jpg,data/raw/steel/02.라벨링데이터/2. RTST/RT_ST_04_14550955.json,True,True,True,RT,ST,1280,720,defect,lack of fusion,1,True
14550957,RT_ST_04_14550957,data/raw/steel/01.원천데이터/2. RTST/RT_ST_04_14550957.jpg,data/raw/steel/02.라벨링데이터/2. RTST/RT_ST_04_14550957.json,True,True,True,RT,ST,1280,720,defect,lack of fusion,2,True
14550967,RT_ST_04_14550967,data/raw/steel/01.원천데이터/2. RTST/RT_ST_04_14550967.jpg,data/raw/steel/02.라벨링데이터/2. RTST/RT_ST_04_14550967.json,True,True,True,RT,ST,1280,720,defect,lack of fusion,1,True
14550971,RT_ST_04_14550971,data/raw/steel/01.원천데이터/2. RTST/RT_ST_04_14550971.jpg,data/raw/steel/02.라벨링데이터/2. RTST/RT_ST_04_14550971.json,True,True,True,RT,ST,1280,720,defect,lack of fusion,1,True
14550973,RT_ST_04_14550973,data/raw/steel/01.원천데이터/2. RTST/RT_ST_04_14550973.jpg,data/raw/steel/02.라벨링데이터/2. RTST/RT_ST_04_14550973.json,True,True,True,RT,ST,1280,720,defect,lack of fusion,1,True
14550980,RT_ST_04_14550980,data/raw/steel/01.원천데이터/2. RTST/RT_ST_04_14550980.jpg,data/raw/steel/02.라벨링데이터/2. RTST/RT_ST_04_14550980.json,True,True,True,RT,ST,1280,720,defect,lack of fusion,1,True
14519808,RT_ST_05_14519808,data/raw/steel/01.원천데이터/2. RTST/RT_ST_05_14519808.jpg,data/raw/steel/02.라벨링데이터/2. RTST/RT_ST_05_14519808.json,True,True,True,RT,ST,1280,720,defect,slag inclusion,1,True
14521801,RT_ST_05_14521801,data/raw/steel/01.원천데이터/2. RTST/RT_ST_05_14521801.jpg,data/raw/steel/02.라벨링데이터/2. RTST/RT_ST_05_14521801.json,True,True,True,RT,ST,1280,720,defect,slag inclusion,4,True
14533277,RT_ST_05_14533277,data/raw/steel/01.원천데이터/2. RTST/RT_ST_05_14533277.jpg,data/raw/steel/02.라벨링데이터/2. RTST/RT_ST_05_14533277.json,True,True,True,RT,ST,1280,720,defect,porosity;slag inclusion,3,True
14533827,RT_ST_05_14533827,data/raw/steel/01.원천데이터/2. RTST/RT_ST_05_14533827.jpg,data/raw/steel/02.라벨링데이터/2. RTST/RT_ST_05_14533827.json,True,True,True,RT,ST,1280,720,defect,slag inclusion,1,True
14552304,RT_ST_05_14552304,data/raw/steel/01.원천데이터/2. RTST/RT_ST_05_14552304.jpg,data/raw/steel/02.라벨링데이터/2. RTST/RT_ST_05_14552304.json,True,True,True,RT,ST,1280,720,defect,slag inclusion,1,True
14552314,RT_ST_05_14552314,data/raw/steel/01.원천데이터/2. RTST/RT_ST_05_14552314.jpg,data/raw/steel/02.라벨링데이터/2. RTST/RT_ST_05_14552314.json,True,True,True,RT,ST,1280,720,defect,slag inclusion,2,True
14552315,RT_ST_05_14552315,data/raw/steel/01.원천데이터/2. RTST/RT_ST_05_14552315.jpg,data/raw/steel/02.라벨링데이터/2. RTST/RT_ST_05_14552315.json,True,True,True,RT,ST,1280,720,defect,slag inclusion,2,True
14552320,RT_ST_05_14552320,data/raw/steel/01.원천데이터/2. RTST/RT_ST_05_14552320.jpg,data/raw/steel/02.라벨링데이터/2. RTST/RT_ST_05_14552320.json,True,True,True,RT,ST,1280,720,defect,slag inclusion,3,True
14552329,RT_ST_05_14552329,data/raw/steel/01.원천데이터/2. RTST/RT_ST_05_14552329.jpg,data/raw/steel/02.라벨링데이터/2. RTST/RT_ST_05_14552329.json,True,True,True,RT,ST,1280,720,defect,slag inclusion,1,True
14552355,RT_ST_05_14552355,data/raw/steel/01.원천데이터/2. RTST/RT_ST_05_14552355.jpg,data/raw/steel/02.라벨링데이터/2. RTST/RT_ST_05_14552355.json,True,True,True,RT,ST,1280,720,defect,slag inclusion,1,True
14552363,RT_ST_05_14552363,data/raw/steel/01.원천데이터/2. RTST/RT_ST_05_14552363.jpg,data/raw/steel/02.라벨링데이터/2. RTST/RT_ST_05_14552363.json,True,True,True,RT,ST,1280,720,defect,slag inclusion,1,True
14552371,RT_ST_05_14552371,data/raw/steel/01.원천데이터/2. RTST/RT_ST_05_14552371.jpg,data/raw/steel/02.라벨링데이터/2. RTST/RT_ST_05_14552371.json,True,True,True,RT,ST,1280,720,defect,slag inclusion,3,True
14552385,RT_ST_05_14552385,data/raw/steel/01.원천데이터/2. RTST/RT_ST_05_14552385.jpg,data/raw/steel/02.라벨링데이터/2. RTST/RT_ST_05_14552385.json,True,True,True,RT,ST,1280,720,defect,slag inclusion,1,True
14552395,RT_ST_05_14552395,data/raw/steel/01.원천데이터/2. RTST/RT_ST_05_14552395.jpg,data/raw/steel/02.라벨링데이터/2. RTST/RT_ST_05_14552395.json,True,True,True,RT,ST,1280,720,defect,slag inclusion,1,True
14552406,RT_ST_05_14552406,data/raw/steel/01.원천데이터/2. RTST/RT_ST_05_14552406.jpg,data/raw/steel/02.라벨링데이터/2. RTST/RT_ST_05_14552406.json,True,True,True,RT,ST,1280,720,defect,slag inclusion,4,True
14552407,RT_ST_05_14552407,data/raw/steel/01.원천데이터/2. RTST/RT_ST_05_14552407.jpg,data/raw/steel/02.라벨링데이터/2. RTST/RT_ST_05_14552407.json,True,True,True,RT,ST,1280,720,defect,slag inclusion,3,True
14552408,RT_ST_05_14552408,data/raw/steel/01.원천데이터/2. RTST/RT_ST_05_14552408.jpg,data/raw/steel/02.라벨링데이터/2. RTST/RT_ST_05_14552408.json,True,True,True,RT,ST,1280,720,defect,slag inclusion,2,True
14552451,RT_ST_05_14552451,data/raw/steel/01.원천데이터/2. RTST/RT_ST_05_14552451.jpg,data/raw/steel/02.라벨링데이터/2. RTST/RT_ST_05_14552451.json,True,True,True,RT,ST,1280,720,defect,slag inclusion,1,True
14552475,RT_ST_05_14552475,data/raw/steel/01.원천데이터/2. RTST/RT_ST_05_14552475.jpg,data/raw/steel/02.라벨링데이터/2. RTST/RT_ST_05_14552475.json,True,True,True,RT,ST,1280,720,defect,slag inclusion,5,True
14552518,RT_ST_05_14552518,data/raw/steel/01.원천데이터/2. RTST/RT_ST_05_14552518.jpg,data/raw/steel/02.라벨링데이터/2. RTST/RT_ST_05_14552518.json,True,True,True,RT,ST,1280,720,defect,slag inclusion,1,True
14552528,RT_ST_05_14552528,data/raw/steel/01.원천데이터/2. RTST/RT_ST_05_14552528.jpg,data/raw/steel/02.라벨링데이터/2. RTST/RT_ST_05_14552528.json,True,True,True,RT,ST,1280,720,defect,slag inclusion,2,True
14552530,RT_ST_05_14552530,data/raw/steel/01.원천데이터/2. RTST/RT_ST_05_14552530.jpg,data/raw/steel/02.라벨링데이터/2. RTST/RT_ST_05_14552530.json,True,True,True,RT,ST,1280,720,defect,slag inclusion,5,True
14552531,RT_ST_05_14552531,data/raw/steel/01.원천데이터/2. RTST/RT_ST_05_14552531.jpg,data/raw/steel/02.라벨링데이터/2. RTST/RT_ST_05_14552531.json,True,True,True,RT,ST,1280,720,defect,slag inclusion,2,True
14552544,RT_ST_05_14552544,data/raw/steel/01.원천데이터/2. RTST/RT_ST_05_14552544.jpg,data/raw/steel/02.라벨링데이터/2. RTST/RT_ST_05_14552544.json,True,True,True,RT,ST,1280,720,defect,slag inclusion,3,True
14552553,RT_ST_05_14552553,data/raw/steel/01.원천데이터/2. RTST/RT_ST_05_14552553.jpg,data/raw/steel/02.라벨링데이터/2. RTST/RT_ST_05_14552553.json,True,True,True,RT,ST,1280,720,defect,slag inclusion,1,True
14552557,RT_ST_05_14552557,data/raw/steel/01.원천데이터/2. RTST/RT_ST_05_14552557.jpg,data/raw/steel/02.라벨링데이터/2. RTST/RT_ST_05_14552557.json,True,True,True,RT,ST,1280,720,defect,slag inclusion,1,True
14552571,RT_ST_05_14552571,data/raw/steel/01.원천데이터/2. RTST/RT_ST_05_14552571.jpg,data/raw/steel/02.라벨링데이터/2. RTST/RT_ST_05_14552571.json,True,True,True,RT,ST,1280,720,defect,slag inclusion,1,True
14552588,RT_ST_05_14552588,data/raw/steel/01.원천데이터/2. RTST/RT_ST_05_14552588.jpg,data/raw/steel/02.라벨링데이터/2. RTST/RT_ST_05_14552588.json,True,True,True,RT,ST,1280,720,defect,slag inclusion,3,True
14552596,RT_ST_05_14552596,data/raw/steel/01.원천데이터/2. RTST/RT_ST_05_14552596.jpg,data/raw/steel/02.라벨링데이터/2. RTST/RT_ST_05_14552596.json,True,True,True,RT,ST,1280,720,defect,slag inclusion,2,True
14552619,RT_ST_05_14552619,data/raw/steel/01.원천데이터/2. RTST/RT_ST_05_14552619.jpg,data/raw/steel/02.라벨링데이터/2. RTST/RT_ST_05_14552619.json,True,True,True,RT,ST,1280,720,defect,slag inclusion,1,True
14552622,RT_ST_05_14552622,data/raw/steel/01.원천데이터/2. RTST/RT_ST_05_14552622.jpg,data/raw/steel/02.라벨링데이터/2. RTST/RT_ST_05_14552622.json,True,True,True,RT,ST,1280,720,defect,slag inclusion,1,True
14552636,RT_ST_05_14552636,data/raw/steel/01.원천데이터/2. RTST/RT_ST_05_14552636.jpg,data/raw/steel/02.라벨링데이터/2. RTST/RT_ST_05_14552636.json,True,True,True,RT,ST,1280,720,defect,slag inclusion,2,True
14552640,RT_ST_05_14552640,data/raw/steel/01.원천데이터/2. RTST/RT_ST_05_14552640.jpg,data/raw/steel/02.라벨링데이터/2. RTST/RT_ST_05_14552640.json,True,True,True,RT,ST,1280,720,defect,slag inclusion,3,True
14552665,RT_ST_05_14552665,data/raw/steel/01.원천데이터/2. RTST/RT_ST_05_14552665.jpg,data/raw/steel/02.라벨링데이터/2. RTST/RT_ST_05_14552665.json,True,True,True,RT,ST,1280,720,defect,slag inclusion,1,True
14552670,RT_ST_05_14552670,data/raw/steel/01.원천데이터/2. RTST/RT_ST_05_14552670.jpg,data/raw/steel/02.라벨링데이터/2. RTST/RT_ST_05_14552670.json,True,True,True,RT,ST,1280,720,defect,slag inclusion,1,True
14552701,RT_ST_05_14552701,data/raw/steel/01.원천데이터/2. RTST/RT_ST_05_14552701.jpg,data/raw/steel/02.라벨링데이터/2. RTST/RT_ST_05_14552701.json,True,True,True,RT,ST,1280,720,defect,slag inclusion,3,True
14552705,RT_ST_05_14552705,data/raw/steel/01.원천데이터/2. RTST/RT_ST_05_14552705.jpg,data/raw/steel/02.라벨링데이터/2. RTST/RT_ST_05_14552705.json,True,True,True,RT,ST,1280,720,defect,slag inclusion,3,True
14552717,RT_ST_05_14552717,data/raw/steel/01.원천데이터/2. RTST/RT_ST_05_14552717.jpg,data/raw/steel/02.라벨링데이터/2. RTST/RT_ST_05_14552717.json,True,True,True,RT,ST,1280,720,defect,slag inclusion,2,True
14552748,RT_ST_05_14552748,data/raw/steel/01.원천데이터/2. RTST/RT_ST_05_14552748.jpg,data/raw/steel/02.라벨링데이터/2. RTST/RT_ST_05_14552748.json,True,True,True,RT,ST,1280,720,defect,slag inclusion,1,True
14552755,RT_ST_05_14552755,data/raw/steel/01.원천데이터/2. RTST/RT_ST_05_14552755.jpg,data/raw/steel/02.라벨링데이터/2. RTST/RT_ST_05_14552755.json,True,True,True,RT,ST,1280,720,defect,slag inclusion,2,True
14552771,RT_ST_05_14552771,data/raw/steel/01.원천데이터/2. RTST/RT_ST_05_14552771.jpg,data/raw/steel/02.라벨링데이터/2. RTST/RT_ST_05_14552771.json,True,True,True,RT,ST,1280,720,defect,slag inclusion,3,True
14552772,RT_ST_05_14552772,data/raw/steel/01.원천데이터/2. RTST/RT_ST_05_14552772.jpg,data/raw/steel/02.라벨링데이터/2. RTST/RT_ST_05_14552772.json,True,True,True,RT,ST,1280,720,defect,slag inclusion,5,True
14552775,RT_ST_05_14552775,data/raw/steel/01.원천데이터/2. RTST/RT_ST_05_14552775.jpg,data/raw/steel/02.라벨링데이터/2. RTST/RT_ST_05_14552775.json,True,True,True,RT,ST,1280,720,defect,slag inclusion,1,True
14552777,RT_ST_05_14552777,data/raw/steel/01.원천데이터/2. RTST/RT_ST_05_14552777.jpg,data/raw/steel/02.라벨링데이터/2. RTST/RT_ST_05_14552777.json,True,True,True,RT,ST,1280,720,defect,slag inclusion,2,True
14552786,RT_ST_05_14552786,data/raw/steel/01.원천데이터/2. RTST/RT_ST_05_14552786.jpg,data/raw/steel/02.라벨링데이터/2. RTST/RT_ST_05_14552786.json,True,True,True,RT,ST,1280,720,defect,slag inclusion,1,True
14552787,RT_ST_05_14552787,data/raw/steel/01.원천데이터/2. RTST/RT_ST_05_14552787.jpg,data/raw/steel/02.라벨링데이터/2. RTST/RT_ST_05_14552787.json,True,True,True,RT,ST,1280,720,defect,slag inclusion,1,True
14552792,RT_ST_05_14552792,data/raw/steel/01.원천데이터/2. RTST/RT_ST_05_14552792.jpg,data/raw/steel/02.라벨링데이터/2. RTST/RT_ST_05_14552792.json,True,True,True,RT,ST,1280,720,defect,slag inclusion,3,True
14552796,RT_ST_05_14552796,data/raw/steel/01.원천데이터/2. RTST/RT_ST_05_14552796.jpg,data/raw/steel/02.라벨링데이터/2. RTST/RT_ST_05_14552796.json,True,True,True,RT,ST,1280,720,defect,slag inclusion,2,True
14552798,RT_ST_05_14552798,data/raw/steel/01.원천데이터/2. RTST/RT_ST_05_14552798.jpg,data/raw/steel/02.라벨링데이터/2. RTST/RT_ST_05_14552798.json,True,True,True,RT,ST,1280,720,defect,slag inclusion,1,True
14552813,RT_ST_05_14552813,data/raw/steel/01.원천데이터/2. RTST/RT_ST_05_14552813.jpg,data/raw/steel/02.라벨링데이터/2. RTST/RT_ST_05_14552813.json,True,True,True,RT,ST,1280,720,defect,slag inclusion,3,True
14552815,RT_ST_05_14552815,data/raw/steel/01.원천데이터/2. RTST/RT_ST_05_14552815.jpg,data/raw/steel/02.라벨링데이터/2. RTST/RT_ST_05_14552815.json,True,True,True,RT,ST,1280,720,defect,slag inclusion,7,True
14552832,RT_ST_05_14552832,data/raw/steel/01.원천데이터/2. RTST/RT_ST_05_14552832.jpg,data/raw/steel/02.라벨링데이터/2. RTST/RT_ST_05_14552832.json,True,True,True,RT,ST,1280,720,defect,slag inclusion,1,True
14552854,RT_ST_05_14552854,data/raw/steel/01.원천데이터/2. RTST/RT_ST_05_14552854.jpg,data/raw/steel/02.라벨링데이터/2. RTST/RT_ST_05_14552854.json,True,True,True,RT,ST,1280,720,defect,slag inclusion,1,True
14552862,RT_ST_05_14552862,data/raw/steel/01.원천데이터/2. RTST/RT_ST_05_14552862.jpg,data/raw/steel/02.라벨링데이터/2. RTST/RT_ST_05_14552862.json,True,True,True,RT,ST,1280,720,defect,slag inclusion,3,True
14552881,RT_ST_05_14552881,data/raw/steel/01.원천데이터/2. RTST/RT_ST_05_14552881.jpg,data/raw/steel/02.라벨링데이터/2. RTST/RT_ST_05_14552881.json,True,True,True,RT,ST,1280,720,defect,slag inclusion,1,True
14552882,RT_ST_05_14552882,data/raw/steel/01.원천데이터/2. RTST/RT_ST_05_14552882.jpg,data/raw/steel/02.라벨링데이터/2. RTST/RT_ST_05_14552882.json,True,True,True,RT,ST,1280,720,defect,slag inclusion,1,True
14552912,RT_ST_05_14552912,data/raw/steel/01.원천데이터/2. RTST/RT_ST_05_14552912.jpg,data/raw/steel/02.라벨링데이터/2. RTST/RT_ST_05_14552912.json,True,True,True,RT,ST,1280,720,defect,slag inclusion,3,True
14552919,RT_ST_05_14552919,data/raw/steel/01.원천데이터/2. RTST/RT_ST_05_14552919.jpg,data/raw/steel/02.라벨링데이터/2. RTST/RT_ST_05_14552919.json,True,True,True,RT,ST,1280,720,defect,slag inclusion,2,True
14552953,RT_ST_05_14552953,data/raw/steel/01.원천데이터/2. RTST/RT_ST_05_14552953.jpg,data/raw/steel/02.라벨링데이터/2. RTST/RT_ST_05_14552953.json,True,True,True,RT,ST,1280,720,defect,slag inclusion,8,True
14552955,RT_ST_05_14552955,data/raw/steel/01.원천데이터/2. RTST/RT_ST_05_14552955.jpg,data/raw/steel/02.라벨링데이터/2. RTST/RT_ST_05_14552955.json,True,True,True,RT,ST,1280,720,defect,slag inclusion,1,True
14552959,RT_ST_05_14552959,data/raw/steel/01.원천데이터/2. RTST/RT_ST_05_14552959.jpg,data/raw/steel/02.라벨링데이터/2. RTST/RT_ST_05_14552959.json,True,True,True,RT,ST,1280,720,defect,slag inclusion,1,True
14552989,RT_ST_05_14552989,data/raw/steel/01.원천데이터/2. RTST/RT_ST_05_14552989.jpg,data/raw/steel/02.라벨링데이터/2. RTST/RT_ST_05_14552989.json,True,True,True,RT,ST,1280,720,defect,slag inclusion,2,True
14552995,RT_ST_05_14552995,data/raw/steel/01.원천데이터/2. RTST/RT_ST_05_14552995.jpg,data/raw/steel/02.라벨링데이터/2. RTST/RT_ST_05_14552995.json,True,True,True,RT,ST,1280,720,defect,slag inclusion,1,True
14553000,RT_ST_05_14553000,data/raw/steel/01.원천데이터/2. RTST/RT_ST_05_14553000.jpg,data/raw/steel/02.라벨링데이터/2. RTST/RT_ST_05_14553000.json,True,True,True,RT,ST,1280,720,defect,slag inclusion,6,True
14553012,RT_ST_05_14553012,data/raw/steel/01.원천데이터/2. RTST/RT_ST_05_14553012.jpg,data/raw/steel/02.라벨링데이터/2. RTST/RT_ST_05_14553012.json,True,True,True,RT,ST,1280,720,defect,slag inclusion,3,True
14553018,RT_ST_05_14553018,data/raw/steel/01.원천데이터/2. RTST/RT_ST_05_14553018.jpg,data/raw/steel/02.라벨링데이터/2. RTST/RT_ST_05_14553018.json,True,True,True,RT,ST,1280,720,defect,slag inclusion,3,True
14553029,RT_ST_05_14553029,data/raw/steel/01.원천데이터/2. RTST/RT_ST_05_14553029.jpg,data/raw/steel/02.라벨링데이터/2. RTST/RT_ST_05_14553029.json,True,True,True,RT,ST,1280,720,defect,slag inclusion,2,True
14553043,RT_ST_05_14553043,data/raw/steel/01.원천데이터/2. RTST/RT_ST_05_14553043.jpg,data/raw/steel/02.라벨링데이터/2. RTST/RT_ST_05_14553043.json,True,True,True,RT,ST,1280,720,defect,slag inclusion,1,True
14553053,RT_ST_05_14553053,data/raw/steel/01.원천데이터/2. RTST/RT_ST_05_14553053.jpg,data/raw/steel/02.라벨링데이터/2. RTST/RT_ST_05_14553053.json,True,True,True,RT,ST,1280,720,defect,slag inclusion,1,True
14553061,RT_ST_05_14553061,data/raw/steel/01.원천데이터/2. RTST/RT_ST_05_14553061.jpg,data/raw/steel/02.라벨링데이터/2. RTST/RT_ST_05_14553061.json,True,True,True,RT,ST,1280,720,defect,slag inclusion,1,True
14553072,RT_ST_05_14553072,data/raw/steel/01.원천데이터/2. RTST/RT_ST_05_14553072.jpg,data/raw/steel/02.라벨링데이터/2. RTST/RT_ST_05_14553072.json,True,True,True,RT,ST,1280,720,defect,slag inclusion,2,True
14553080,RT_ST_05_14553080,data/raw/steel/01.원천데이터/2. RTST/RT_ST_05_14553080.jpg,data/raw/steel/02.라벨링데이터/2. RTST/RT_ST_05_14553080.json,True,True,True,RT,ST,1280,720,defect,slag inclusion,3,True
14553082,RT_ST_05_14553082,data/raw/steel/01.원천데이터/2. RTST/RT_ST_05_14553082.jpg,data/raw/steel/02.라벨링데이터/2. RTST/RT_ST_05_14553082.json,True,True,True,RT,ST,1280,720,defect,slag inclusion,8,True
14553092,RT_ST_05_14553092,data/raw/steel/01.원천데이터/2. RTST/RT_ST_05_14553092.jpg,data/raw/steel/02.라벨링데이터/2. RTST/RT_ST_05_14553092.json,True,True,True,RT,ST,1280,720,defect,slag inclusion,2,True
14553097,RT_ST_05_14553097,data/raw/steel/01.원천데이터/2. RTST/RT_ST_05_14553097.jpg,data/raw/steel/02.라벨링데이터/2. RTST/RT_ST_05_14553097.json,True,True,True,RT,ST,1280,720,defect,slag inclusion,2,True
14553100,RT_ST_05_14553100,data/raw/steel/01.원천데이터/2. RTST/RT_ST_05_14553100.jpg,data/raw/steel/02.라벨링데이터/2. RTST/RT_ST_05_14553100.json,True,True,True,RT,ST,1280,720,defect,slag inclusion,2,True
14553116,RT_ST_05_14553116,data/raw/steel/01.원천데이터/2. RTST/RT_ST_05_14553116.jpg,data/raw/steel/02.라벨링데이터/2. RTST/RT_ST_05_14553116.json,True,True,True,RT,ST,1280,720,defect,slag inclusion,1,True
14553131,RT_ST_05_14553131,data/raw/steel/01.원천데이터/2. RTST/RT_ST_05_14553131.jpg,data/raw/steel/02.라벨링데이터/2. RTST/RT_ST_05_14553131.json,True,True,True,RT,ST,1280,720,defect,slag inclusion,1,True
14553134,RT_ST_05_14553134,data/raw/steel/01.원천데이터/2. RTST/RT_ST_05_14553134.jpg,data/raw/steel/02.라벨링데이터/2. RTST/RT_ST_05_14553134.json,True,True,True,RT,ST,1280,720,defect,slag inclusion,1,True
14553138,RT_ST_05_14553138,data/raw/steel/01.원천데이터/2. RTST/RT_ST_05_14553138.jpg,data/raw/steel/02.라벨링데이터/2. RTST/RT_ST_05_14553138.json,True,True,True,RT,ST,1280,720,defect,slag inclusion,1,True
14553144,RT_ST_05_14553144,data/raw/steel/01.원천데이터/2. RTST/RT_ST_05_14553144.jpg,data/raw/steel/02.라벨링데이터/2. RTST/RT_ST_05_14553144.json,True,True,True,RT,ST,1280,720,defect,slag inclusion,2,True
14553155,RT_ST_05_14553155,data/raw/steel/01.원천데이터/2. RTST/RT_ST_05_14553155.jpg,data/raw/steel/02.라벨링데이터/2. RTST/RT_ST_05_14553155.json,True,True,True,RT,ST,1280,720,defect,slag inclusion,2,True
14553167,RT_ST_05_14553167,data/raw/steel/01.원천데이터/2. RTST/RT_ST_05_14553167.jpg,data/raw/steel/02.라벨링데이터/2. RTST/RT_ST_05_14553167.json,True,True,True,RT,ST,1280,720,defect,slag inclusion,1,True
14553196,RT_ST_05_14553196,data/raw/steel/01.원천데이터/2. RTST/RT_ST_05_14553196.jpg,data/raw/steel/02.라벨링데이터/2. RTST/RT_ST_05_14553196.json,True,True,True,RT,ST,1280,720,defect,slag inclusion,2,True
14553198,RT_ST_05_14553198,data/raw/steel/01.원천데이터/2. RTST/RT_ST_05_14553198.jpg,data/raw/steel/02.라벨링데이터/2. RTST/RT_ST_05_14553198.json,True,True,True,RT,ST,1280,720,defect,slag inclusion,2,True
14553207,RT_ST_05_14553207,data/raw/steel/01.원천데이터/2. RTST/RT_ST_05_14553207.jpg,data/raw/steel/02.라벨링데이터/2. RTST/RT_ST_05_14553207.json,True,True,True,RT,ST,1280,720,defect,slag inclusion,1,True
14553212,RT_ST_05_14553212,data/raw/steel/01.원천데이터/2. RTST/RT_ST_05_14553212.jpg,data/raw/steel/02.라벨링데이터/2. RTST/RT_ST_05_14553212.json,True,True,True,RT,ST,1280,720,defect,slag inclusion,3,True
14553226,RT_ST_05_14553226,data/raw/steel/01.원천데이터/2. RTST/RT_ST_05_14553226.jpg,data/raw/steel/02.라벨링데이터/2. RTST/RT_ST_05_14553226.json,True,True,True,RT,ST,1280,720,defect,slag inclusion,3,True
14553227,RT_ST_05_14553227,data/raw/steel/01.원천데이터/2. RTST/RT_ST_05_14553227.jpg,data/raw/steel/02.라벨링데이터/2. RTST/RT_ST_05_14553227.json,True,True,True,RT,ST,1280,720,defect,slag inclusion,2,True
14553235,RT_ST_05_14553235,data/raw/steel/01.원천데이터/2. RTST/RT_ST_05_14553235.jpg,data/raw/steel/02.라벨링데이터/2. RTST/RT_ST_05_14553235.json,True,True,True,RT,ST,1280,720,defect,slag inclusion,3,True
14553243,RT_ST_05_14553243,data/raw/steel/01.원천데이터/2. RTST/RT_ST_05_14553243.jpg,data/raw/steel/02.라벨링데이터/2. RTST/RT_ST_05_14553243.json,True,True,True,RT,ST,1280,720,defect,slag inclusion,3,True
14553244,RT_ST_05_14553244,data/raw/steel/01.원천데이터/2. RTST/RT_ST_05_14553244.jpg,data/raw/steel/02.라벨링데이터/2. RTST/RT_ST_05_14553244.json,True,True,True,RT,ST,1280,720,defect,slag inclusion,3,True
14553256,RT_ST_05_14553256,data/raw/steel/01.원천데이터/2. RTST/RT_ST_05_14553256.jpg,data/raw/steel/02.라벨링데이터/2. RTST/RT_ST_05_14553256.json,True,True,True,RT,ST,1280,720,defect,slag inclusion,2,True
14553258,RT_ST_05_14553258,data/raw/steel/01.원천데이터/2. RTST/RT_ST_05_14553258.jpg,data/raw/steel/02.라벨링데이터/2. RTST/RT_ST_05_14553258.json,True,True,True,RT,ST,1280,720,defect,slag inclusion,2,True
14553272,RT_ST_05_14553272,data/raw/steel/01.원천데이터/2. RTST/RT_ST_05_14553272.jpg,data/raw/steel/02.라벨링데이터/2. RTST/RT_ST_05_14553272.json,True,True,True,RT,ST,1280,720,defect,slag inclusion,3,True
14553285,RT_ST_05_14553285,data/raw/steel/01.원천데이터/2. RTST/RT_ST_05_14553285.jpg,data/raw/steel/02.라벨링데이터/2. RTST/RT_ST_05_14553285.json,True,True,True,RT,ST,1280,720,defect,slag inclusion,1,True
14553293,RT_ST_05_14553293,data/raw/steel/01.원천데이터/2. RTST/RT_ST_05_14553293.jpg,data/raw/steel/02.라벨링데이터/2. RTST/RT_ST_05_14553293.json,True,True,True,RT,ST,1280,720,defect,slag inclusion,1,True
14553303,RT_ST_05_14553303,data/raw/steel/01.원천데이터/2. RTST/RT_ST_05_14553303.jpg,data/raw/steel/02.라벨링데이터/2. RTST/RT_ST_05_14553303.json,True,True,True,RT,ST,1280,720,defect,slag inclusion,1,True
14553306,RT_ST_05_14553306,data/raw/steel/01.원천데이터/2. RTST/RT_ST_05_14553306.jpg,data/raw/steel/02.라벨링데이터/2. RTST/RT_ST_05_14553306.json,True,True,True,RT,ST,1280,720,defect,slag inclusion,2,True
14553321,RT_ST_05_14553321,data/raw/steel/01.원천데이터/2. RTST/RT_ST_05_14553321.jpg,data/raw/steel/02.라벨링데이터/2. RTST/RT_ST_05_14553321.json,True,True,True,RT,ST,1280,720,defect,slag inclusion,2,True
14553327,RT_ST_05_14553327,data/raw/steel/01.원천데이터/2. RTST/RT_ST_05_14553327.jpg,data/raw/steel/02.라벨링데이터/2. RTST/RT_ST_05_14553327.json,True,True,True,RT,ST,1280,720,defect,slag inclusion,2,True
14553328,RT_ST_05_14553328,data/raw/steel/01.원천데이터/2. RTST/RT_ST_05_14553328.jpg,data/raw/steel/02.라벨링데이터/2. RTST/RT_ST_05_14553328.json,True,True,True,RT,ST,1280,720,defect,slag inclusion,1,True
14553331,RT_ST_05_14553331,data/raw/steel/01.원천데이터/2. RTST/RT_ST_05_14553331.jpg,data/raw/steel/02.라벨링데이터/2. RTST/RT_ST_05_14553331.json,True,True,True,RT,ST,1280,720,defect,slag inclusion,1,True
14553333,RT_ST_05_14553333,data/raw/steel/01.원천데이터/2. RTST/RT_ST_05_14553333.jpg,data/raw/steel/02.라벨링데이터/2. RTST/RT_ST_05_14553333.json,True,True,True,RT,ST,1280,720,defect,slag inclusion,3,True
14553337,RT_ST_05_14553337,data/raw/steel/01.원천데이터/2. RTST/RT_ST_05_14553337.jpg,data/raw/steel/02.라벨링데이터/2. RTST/RT_ST_05_14553337.json,True,True,True,RT,ST,1280,720,defect,slag inclusion,2,True
14553341,RT_ST_05_14553341,data/raw/steel/01.원천데이터/2. RTST/RT_ST_05_14553341.jpg,data/raw/steel/02.라벨링데이터/2. RTST/RT_ST_05_14553341.json,True,True,True,RT,ST,1280,720,defect,slag inclusion,2,True
14561915,VT_ST_00_14561915,data/raw/steel/01.원천데이터/3. VTST/VT_ST_00_14561915.jpg,data/raw/steel/02.라벨링데이터/3. VTST/VT_ST_00_14561915.json,True,True,True,VT,ST,1920,1080,normal,,1,True
14561933,VT_ST_00_14561933,data/raw/steel/01.원천데이터/3. VTST/VT_ST_00_14561933.jpg,data/raw/steel/02.라벨링데이터/3. VTST/VT_ST_00_14561933.json,True,True,True,VT,ST,1280,1280,normal,,1,True
14561942,VT_ST_00_14561942,data/raw/steel/01.원천데이터/3. VTST/VT_ST_00_14561942.jpg,data/raw/steel/02.라벨링데이터/3. VTST/VT_ST_00_14561942.json,True,True,True,VT,ST,1280,720,normal,,1,True
14561947,VT_ST_00_14561947,data/raw/steel/01.원천데이터/3. VTST/VT_ST_00_14561947.jpg,data/raw/steel/02.라벨링데이터/3. VTST/VT_ST_00_14561947.json,True,True,True,VT,ST,1920,1080,normal,,1,True
14561968,VT_ST_00_14561968,data/raw/steel/01.원천데이터/3. VTST/VT_ST_00_14561968.jpg,data/raw/steel/02.라벨링데이터/3. VTST/VT_ST_00_14561968.json,True,True,True,VT,ST,1920,1080,normal,,1,True
14561969,VT_ST_00_14561969,data/raw/steel/01.원천데이터/3. VTST/VT_ST_00_14561969.jpg,data/raw/steel/02.라벨링데이터/3. VTST/VT_ST_00_14561969.json,True,True,True,VT,ST,1920,1080,normal,,1,True
14561978,VT_ST_00_14561978,data/raw/steel/01.원천데이터/3. VTST/VT_ST_00_14561978.jpg,data/raw/steel/02.라벨링데이터/3. VTST/VT_ST_00_14561978.json,True,True,True,VT,ST,1920,1080,normal,,1,True
14561997,VT_ST_00_14561997,data/raw/steel/01.원천데이터/3. VTST/VT_ST_00_14561997.jpg,data/raw/steel/02.라벨링데이터/3. VTST/VT_ST_00_14561997.json,True,True,True,VT,ST,1920,1080,normal,,1,True
14562006,VT_ST_00_14562006,data/raw/steel/01.원천데이터/3. VTST/VT_ST_00_14562006.jpg,data/raw/steel/02.라벨링데이터/3. VTST/VT_ST_00_14562006.json,True,True,True,VT,ST,1920,1080,normal,,1,True
14562012,VT_ST_00_14562012,data/raw/steel/01.원천데이터/3. VTST/VT_ST_00_14562012.jpg,data/raw/steel/02.라벨링데이터/3. VTST/VT_ST_00_14562012.json,True,True,True,VT,ST,1920,1080,normal,,1,True
14562027,VT_ST_00_14562027,data/raw/steel/01.원천데이터/3. VTST/VT_ST_00_14562027.jpg,data/raw/steel/02.라벨링데이터/3. VTST/VT_ST_00_14562027.json,True,True,True,VT,ST,1920,1080,normal,,1,True
14562034,VT_ST_00_14562034,data/raw/steel/01.원천데이터/3. VTST/VT_ST_00_14562034.jpg,data/raw/steel/02.라벨링데이터/3. VTST/VT_ST_00_14562034.json,True,True,True,VT,ST,1280,720,normal,,1,True
14562048,VT_ST_00_14562048,data/raw/steel/01.원천데이터/3. VTST/VT_ST_00_14562048.jpg,data/raw/steel/02.라벨링데이터/3. VTST/VT_ST_00_14562048.json,True,True,True,VT,ST,1920,1080,normal,,1,True
14562049,VT_ST_00_14562049,data/raw/steel/01.원천데이터/3. VTST/VT_ST_00_14562049.jpg,data/raw/steel/02.라벨링데이터/3. VTST/VT_ST_00_14562049.json,True,True,True,VT,ST,1920,1080,normal,,1,True
14562051,VT_ST_00_14562051,data/raw/steel/01.원천데이터/3. VTST/VT_ST_00_14562051.jpg,data/raw/steel/02.라벨링데이터/3. VTST/VT_ST_00_14562051.json,True,True,True,VT,ST,1920,1080,normal,,1,True
14562066,VT_ST_00_14562066,data/raw/steel/01.원천데이터/3. VTST/VT_ST_00_14562066.jpg,data/raw/steel/02.라벨링데이터/3. VTST/VT_ST_00_14562066.json,True,True,True,VT,ST,1920,1080,normal,,1,True
14562069,VT_ST_00_14562069,data/raw/steel/01.원천데이터/3. VTST/VT_ST_00_14562069.jpg,data/raw/steel/02.라벨링데이터/3. VTST/VT_ST_00_14562069.json,True,True,True,VT,ST,1920,1080,normal,,1,True
14562070,VT_ST_00_14562070,data/raw/steel/01.원천데이터/3. VTST/VT_ST_00_14562070.jpg,data/raw/steel/02.라벨링데이터/3. VTST/VT_ST_00_14562070.json,True,True,True,VT,ST,1920,1080,normal,,1,True
14562105,VT_ST_00_14562105,data/raw/steel/01.원천데이터/3. VTST/VT_ST_00_14562105.jpg,data/raw/steel/02.라벨링데이터/3. VTST/VT_ST_00_14562105.json,True,True,True,VT,ST,1280,720,normal,,1,True
14562108,VT_ST_00_14562108,data/raw/steel/01.원천데이터/3. VTST/VT_ST_00_14562108.jpg,data/raw/steel/02.라벨링데이터/3. VTST/VT_ST_00_14562108.json,True,True,True,VT,ST,1920,1080,normal,,1,True
14562121,VT_ST_00_14562121,data/raw/steel/01.원천데이터/3. VTST/VT_ST_00_14562121.jpg,data/raw/steel/02.라벨링데이터/3. VTST/VT_ST_00_14562121.json,True,True,True,VT,ST,1920,1080,normal,,2,True
14562151,VT_ST_00_14562151,data/raw/steel/01.원천데이터/3. VTST/VT_ST_00_14562151.jpg,data/raw/steel/02.라벨링데이터/3. VTST/VT_ST_00_14562151.json,True,True,True,VT,ST,1920,1080,normal,,1,True
14562155,VT_ST_00_14562155,data/raw/steel/01.원천데이터/3. VTST/VT_ST_00_14562155.jpg,data/raw/steel/02.라벨링데이터/3. VTST/VT_ST_00_14562155.json,True,True,True,VT,ST,1280,720,normal,,1,True
14562167,VT_ST_00_14562167,data/raw/steel/01.원천데이터/3. VTST/VT_ST_00_14562167.jpg,data/raw/steel/02.라벨링데이터/3. VTST/VT_ST_00_14562167.json,True,True,True,VT,ST,1920,1080,normal,,1,True
14562172,VT_ST_00_14562172,data/raw/steel/01.원천데이터/3. VTST/VT_ST_00_14562172.jpg,data/raw/steel/02.라벨링데이터/3. VTST/VT_ST_00_14562172.json,True,True,True,VT,ST,1920,1080,normal,,1,True
14562174,VT_ST_00_14562174,data/raw/steel/01.원천데이터/3. VTST/VT_ST_00_14562174.jpg,data/raw/steel/02.라벨링데이터/3. VTST/VT_ST_00_14562174.json,True,True,True,VT,ST,1920,1080,normal,,1,True
14562183,VT_ST_00_14562183,data/raw/steel/01.원천데이터/3. VTST/VT_ST_00_14562183.jpg,data/raw/steel/02.라벨링데이터/3. VTST/VT_ST_00_14562183.json,True,True,True,VT,ST,1920,1080,normal,,1,True
14562192,VT_ST_00_14562192,data/raw/steel/01.원천데이터/3. VTST/VT_ST_00_14562192.jpg,data/raw/steel/02.라벨링데이터/3. VTST/VT_ST_00_14562192.json,True,True,True,VT,ST,1920,1080,normal,,1,True
14562202,VT_ST_00_14562202,data/raw/steel/01.원천데이터/3. VTST/VT_ST_00_14562202.jpg,data/raw/steel/02.라벨링데이터/3. VTST/VT_ST_00_14562202.json,True,True,True,VT,ST,1920,1080,normal,,1,True
14562207,VT_ST_00_14562207,data/raw/steel/01.원천데이터/3. VTST/VT_ST_00_14562207.jpg,data/raw/steel/02.라벨링데이터/3. VTST/VT_ST_00_14562207.json,True,True,True,VT,ST,1920,1080,normal,,1,True
14562213,VT_ST_00_14562213,data/raw/steel/01.원천데이터/3. VTST/VT_ST_00_14562213.jpg,data/raw/steel/02.라벨링데이터/3. VTST/VT_ST_00_14562213.json,True,True,True,VT,ST,1280,720,normal,,1,True
14562217,VT_ST_00_14562217,data/raw/steel/01.원천데이터/3. VTST/VT_ST_00_14562217.jpg,data/raw/steel/02.라벨링데이터/3. VTST/VT_ST_00_14562217.json,True,True,True,VT,ST,1280,720,normal,,1,True
14562231,VT_ST_00_14562231,data/raw/steel/01.원천데이터/3. VTST/VT_ST_00_14562231.jpg,data/raw/steel/02.라벨링데이터/3. VTST/VT_ST_00_14562231.json,True,True,True,VT,ST,1920,1080,normal,,1,True
14562233,VT_ST_00_14562233,data/raw/steel/01.원천데이터/3. VTST/VT_ST_00_14562233.jpg,data/raw/steel/02.라벨링데이터/3. VTST/VT_ST_00_14562233.json,True,True,True,VT,ST,1920,1080,normal,,1,True
14562236,VT_ST_00_14562236,data/raw/steel/01.원천데이터/3. VTST/VT_ST_00_14562236.jpg,data/raw/steel/02.라벨링데이터/3. VTST/VT_ST_00_14562236.json,True,True,True,VT,ST,1920,1080,normal,,1,True
14562249,VT_ST_00_14562249,data/raw/steel/01.원천데이터/3. VTST/VT_ST_00_14562249.jpg,data/raw/steel/02.라벨링데이터/3. VTST/VT_ST_00_14562249.json,True,True,True,VT,ST,1920,1080,normal,,1,True
14562253,VT_ST_00_14562253,data/raw/steel/01.원천데이터/3. VTST/VT_ST_00_14562253.jpg,data/raw/steel/02.라벨링데이터/3. VTST/VT_ST_00_14562253.json,True,True,True,VT,ST,1920,1080,normal,,1,True
14562254,VT_ST_00_14562254,data/raw/steel/01.원천데이터/3. VTST/VT_ST_00_14562254.jpg,data/raw/steel/02.라벨링데이터/3. VTST/VT_ST_00_14562254.json,True,True,True,VT,ST,1920,1080,normal,,1,True
14562291,VT_ST_00_14562291,data/raw/steel/01.원천데이터/3. VTST/VT_ST_00_14562291.jpg,data/raw/steel/02.라벨링데이터/3. VTST/VT_ST_00_14562291.json,True,True,True,VT,ST,1920,1080,normal,,1,True
14562298,VT_ST_00_14562298,data/raw/steel/01.원천데이터/3. VTST/VT_ST_00_14562298.jpg,data/raw/steel/02.라벨링데이터/3. VTST/VT_ST_00_14562298.json,True,True,True,VT,ST,1920,1080,normal,,1,True
14562310,VT_ST_00_14562310,data/raw/steel/01.원천데이터/3. VTST/VT_ST_00_14562310.jpg,data/raw/steel/02.라벨링데이터/3. VTST/VT_ST_00_14562310.json,True,True,True,VT,ST,1920,1080,normal,,2,True
14562312,VT_ST_00_14562312,data/raw/steel/01.원천데이터/3. VTST/VT_ST_00_14562312.jpg,data/raw/steel/02.라벨링데이터/3. VTST/VT_ST_00_14562312.json,True,True,True,VT,ST,1920,1080,normal,,1,True
14562318,VT_ST_00_14562318,data/raw/steel/01.원천데이터/3. VTST/VT_ST_00_14562318.jpg,data/raw/steel/02.라벨링데이터/3. VTST/VT_ST_00_14562318.json,True,True,True,VT,ST,1920,1080,normal,,1,True
14562319,VT_ST_00_14562319,data/raw/steel/01.원천데이터/3. VTST/VT_ST_00_14562319.jpg,data/raw/steel/02.라벨링데이터/3. VTST/VT_ST_00_14562319.json,True,True,True,VT,ST,1920,1080,normal,,1,True
14562322,VT_ST_00_14562322,data/raw/steel/01.원천데이터/3. VTST/VT_ST_00_14562322.jpg,data/raw/steel/02.라벨링데이터/3. VTST/VT_ST_00_14562322.json,True,True,True,VT,ST,1920,1080,normal,,1,True
14562343,VT_ST_00_14562343,data/raw/steel/01.원천데이터/3. VTST/VT_ST_00_14562343.jpg,data/raw/steel/02.라벨링데이터/3. VTST/VT_ST_00_14562343.json,True,True,True,VT,ST,1920,1080,normal,,1,True
14562345,VT_ST_00_14562345,data/raw/steel/01.원천데이터/3. VTST/VT_ST_00_14562345.jpg,data/raw/steel/02.라벨링데이터/3. VTST/VT_ST_00_14562345.json,True,True,True,VT,ST,1920,1080,normal,,1,True
14562357,VT_ST_00_14562357,data/raw/steel/01.원천데이터/3. VTST/VT_ST_00_14562357.jpg,data/raw/steel/02.라벨링데이터/3. VTST/VT_ST_00_14562357.json,True,True,True,VT,ST,1920,1080,normal,,1,True
14562374,VT_ST_00_14562374,data/raw/steel/01.원천데이터/3. VTST/VT_ST_00_14562374.jpg,data/raw/steel/02.라벨링데이터/3. VTST/VT_ST_00_14562374.json,True,True,True,VT,ST,1920,1080,normal,,1,True
14562395,VT_ST_00_14562395,data/raw/steel/01.원천데이터/3. VTST/VT_ST_00_14562395.jpg,data/raw/steel/02.라벨링데이터/3. VTST/VT_ST_00_14562395.json,True,True,True,VT,ST,1920,1080,normal,,1,True
14562407,VT_ST_00_14562407,data/raw/steel/01.원천데이터/3. VTST/VT_ST_00_14562407.jpg,data/raw/steel/02.라벨링데이터/3. VTST/VT_ST_00_14562407.json,True,True,True,VT,ST,1920,1080,normal,,1,True
14562411,VT_ST_00_14562411,data/raw/steel/01.원천데이터/3. VTST/VT_ST_00_14562411.jpg,data/raw/steel/02.라벨링데이터/3. VTST/VT_ST_00_14562411.json,True,True,True,VT,ST,1920,1080,normal,,1,True
14562414,VT_ST_00_14562414,data/raw/steel/01.원천데이터/3. VTST/VT_ST_00_14562414.jpg,data/raw/steel/02.라벨링데이터/3. VTST/VT_ST_00_14562414.json,True,True,True,VT,ST,1920,1080,normal,,1,True
14562427,VT_ST_00_14562427,data/raw/steel/01.원천데이터/3. VTST/VT_ST_00_14562427.jpg,data/raw/steel/02.라벨링데이터/3. VTST/VT_ST_00_14562427.json,True,True,True,VT,ST,1920,1080,normal,,1,True
14562437,VT_ST_00_14562437,data/raw/steel/01.원천데이터/3. VTST/VT_ST_00_14562437.jpg,data/raw/steel/02.라벨링데이터/3. VTST/VT_ST_00_14562437.json,True,True,True,VT,ST,1920,1080,normal,,1,True
14562440,VT_ST_00_14562440,data/raw/steel/01.원천데이터/3. VTST/VT_ST_00_14562440.jpg,data/raw/steel/02.라벨링데이터/3. VTST/VT_ST_00_14562440.json,True,True,True,VT,ST,1920,1080,normal,,1,True
14562441,VT_ST_00_14562441,data/raw/steel/01.원천데이터/3. VTST/VT_ST_00_14562441.jpg,data/raw/steel/02.라벨링데이터/3. VTST/VT_ST_00_14562441.json,True,True,True,VT,ST,1920,1080,normal,,1,True
14562448,VT_ST_00_14562448,data/raw/steel/01.원천데이터/3. VTST/VT_ST_00_14562448.jpg,data/raw/steel/02.라벨링데이터/3. VTST/VT_ST_00_14562448.json,True,True,True,VT,ST,1920,1080,normal,,1,True
14562451,VT_ST_00_14562451,data/raw/steel/01.원천데이터/3. VTST/VT_ST_00_14562451.jpg,data/raw/steel/02.라벨링데이터/3. VTST/VT_ST_00_14562451.json,True,True,True,VT,ST,1920,1080,normal,,1,True
14562461,VT_ST_00_14562461,data/raw/steel/01.원천데이터/3. VTST/VT_ST_00_14562461.jpg,data/raw/steel/02.라벨링데이터/3. VTST/VT_ST_00_14562461.json,True,True,True,VT,ST,1920,1080,normal,,1,True
14562470,VT_ST_00_14562470,data/raw/steel/01.원천데이터/3. VTST/VT_ST_00_14562470.jpg,data/raw/steel/02.라벨링데이터/3. VTST/VT_ST_00_14562470.json,True,True,True,VT,ST,1920,1080,normal,,1,True
14562480,VT_ST_00_14562480,data/raw/steel/01.원천데이터/3. VTST/VT_ST_00_14562480.jpg,data/raw/steel/02.라벨링데이터/3. VTST/VT_ST_00_14562480.json,True,True,True,VT,ST,1920,1080,normal,,1,True
14562481,VT_ST_00_14562481,data/raw/steel/01.원천데이터/3. VTST/VT_ST_00_14562481.jpg,data/raw/steel/02.라벨링데이터/3. VTST/VT_ST_00_14562481.json,True,True,True,VT,ST,1920,1080,normal,,1,True
14562488,VT_ST_00_14562488,data/raw/steel/01.원천데이터/3. VTST/VT_ST_00_14562488.jpg,data/raw/steel/02.라벨링데이터/3. VTST/VT_ST_00_14562488.json,True,True,True,VT,ST,1920,1080,normal,,1,True
14562489,VT_ST_00_14562489,data/raw/steel/01.원천데이터/3. VTST/VT_ST_00_14562489.jpg,data/raw/steel/02.라벨링데이터/3. VTST/VT_ST_00_14562489.json,True,True,True,VT,ST,1920,1080,normal,,1,True
14562493,VT_ST_00_14562493,data/raw/steel/01.원천데이터/3. VTST/VT_ST_00_14562493.jpg,data/raw/steel/02.라벨링데이터/3. VTST/VT_ST_00_14562493.json,True,True,True,VT,ST,1920,1080,normal,,1,True
14562530,VT_ST_00_14562530,data/raw/steel/01.원천데이터/3. VTST/VT_ST_00_14562530.jpg,data/raw/steel/02.라벨링데이터/3. VTST/VT_ST_00_14562530.json,True,True,True,VT,ST,1280,1280,normal,,1,True
14562576,VT_ST_00_14562576,data/raw/steel/01.원천데이터/3. VTST/VT_ST_00_14562576.jpg,data/raw/steel/02.라벨링데이터/3. VTST/VT_ST_00_14562576.json,True,True,True,VT,ST,1920,1080,normal,,1,True
14562623,VT_ST_00_14562623,data/raw/steel/01.원천데이터/3. VTST/VT_ST_00_14562623.jpg,data/raw/steel/02.라벨링데이터/3. VTST/VT_ST_00_14562623.json,True,True,True,VT,ST,1920,1080,normal,,1,True
14562627,VT_ST_00_14562627,data/raw/steel/01.원천데이터/3. VTST/VT_ST_00_14562627.jpg,data/raw/steel/02.라벨링데이터/3. VTST/VT_ST_00_14562627.json,True,True,True,VT,ST,1920,1080,normal,,1,True
14562665,VT_ST_00_14562665,data/raw/steel/01.원천데이터/3. VTST/VT_ST_00_14562665.jpg,data/raw/steel/02.라벨링데이터/3. VTST/VT_ST_00_14562665.json,True,True,True,VT,ST,1920,1080,normal,,1,True
14562677,VT_ST_00_14562677,data/raw/steel/01.원천데이터/3. VTST/VT_ST_00_14562677.jpg,data/raw/steel/02.라벨링데이터/3. VTST/VT_ST_00_14562677.json,True,True,True,VT,ST,1920,1080,normal,,1,True
14562688,VT_ST_00_14562688,data/raw/steel/01.원천데이터/3. VTST/VT_ST_00_14562688.jpg,data/raw/steel/02.라벨링데이터/3. VTST/VT_ST_00_14562688.json,True,True,True,VT,ST,1920,1080,normal,,1,True
14562690,VT_ST_00_14562690,data/raw/steel/01.원천데이터/3. VTST/VT_ST_00_14562690.jpg,data/raw/steel/02.라벨링데이터/3. VTST/VT_ST_00_14562690.json,True,True,True,VT,ST,1920,1080,normal,,1,True
14562694,VT_ST_00_14562694,data/raw/steel/01.원천데이터/3. VTST/VT_ST_00_14562694.jpg,data/raw/steel/02.라벨링데이터/3. VTST/VT_ST_00_14562694.json,True,True,True,VT,ST,1280,720,normal,,1,True
14562734,VT_ST_00_14562734,data/raw/steel/01.원천데이터/3. VTST/VT_ST_00_14562734.jpg,data/raw/steel/02.라벨링데이터/3. VTST/VT_ST_00_14562734.json,True,True,True,VT,ST,1280,720,normal,,1,True
14562740,VT_ST_00_14562740,data/raw/steel/01.원천데이터/3. VTST/VT_ST_00_14562740.jpg,data/raw/steel/02.라벨링데이터/3. VTST/VT_ST_00_14562740.json,True,True,True,VT,ST,1920,1080,normal,,1,True
14562761,VT_ST_00_14562761,data/raw/steel/01.원천데이터/3. VTST/VT_ST_00_14562761.jpg,data/raw/steel/02.라벨링데이터/3. VTST/VT_ST_00_14562761.json,True,True,True,VT,ST,1280,720,normal,,1,True
14562764,VT_ST_00_14562764,data/raw/steel/01.원천데이터/3. VTST/VT_ST_00_14562764.jpg,data/raw/steel/02.라벨링데이터/3. VTST/VT_ST_00_14562764.json,True,True,True,VT,ST,1920,1080,normal,,1,True
14562772,VT_ST_00_14562772,data/raw/steel/01.원천데이터/3. VTST/VT_ST_00_14562772.jpg,data/raw/steel/02.라벨링데이터/3. VTST/VT_ST_00_14562772.json,True,True,True,VT,ST,1920,1080,normal,,1,True
14562784,VT_ST_00_14562784,data/raw/steel/01.원천데이터/3. VTST/VT_ST_00_14562784.jpg,data/raw/steel/02.라벨링데이터/3. VTST/VT_ST_00_14562784.json,True,True,True,VT,ST,1920,1080,normal,,1,True
14562790,VT_ST_00_14562790,data/raw/steel/01.원천데이터/3. VTST/VT_ST_00_14562790.jpg,data/raw/steel/02.라벨링데이터/3. VTST/VT_ST_00_14562790.json,True,True,True,VT,ST,1280,1280,normal,,1,True
14562791,VT_ST_00_14562791,data/raw/steel/01.원천데이터/3. VTST/VT_ST_00_14562791.jpg,data/raw/steel/02.라벨링데이터/3. VTST/VT_ST_00_14562791.json,True,True,True,VT,ST,1920,1080,normal,,1,True
14562795,VT_ST_00_14562795,data/raw/steel/01.원천데이터/3. VTST/VT_ST_00_14562795.jpg,data/raw/steel/02.라벨링데이터/3. VTST/VT_ST_00_14562795.json,True,True,True,VT,ST,1920,1080,normal,,1,True
14562798,VT_ST_00_14562798,data/raw/steel/01.원천데이터/3. VTST/VT_ST_00_14562798.jpg,data/raw/steel/02.라벨링데이터/3. VTST/VT_ST_00_14562798.json,True,True,True,VT,ST,1920,1080,normal,,1,True
14562803,VT_ST_00_14562803,data/raw/steel/01.원천데이터/3. VTST/VT_ST_00_14562803.jpg,data/raw/steel/02.라벨링데이터/3. VTST/VT_ST_00_14562803.json,True,True,True,VT,ST,1920,1080,normal,,1,True
14562811,VT_ST_00_14562811,data/raw/steel/01.원천데이터/3. VTST/VT_ST_00_14562811.jpg,data/raw/steel/02.라벨링데이터/3. VTST/VT_ST_00_14562811.json,True,True,True,VT,ST,1280,720,normal,,1,True
14562812,VT_ST_00_14562812,data/raw/steel/01.원천데이터/3. VTST/VT_ST_00_14562812.jpg,data/raw/steel/02.라벨링데이터/3. VTST/VT_ST_00_14562812.json,True,True,True,VT,ST,1920,1080,normal,,1,True
14562823,VT_ST_00_14562823,data/raw/steel/01.원천데이터/3. VTST/VT_ST_00_14562823.jpg,data/raw/steel/02.라벨링데이터/3. VTST/VT_ST_00_14562823.json,True,True,True,VT,ST,1920,1080,normal,,1,True
14562835,VT_ST_00_14562835,data/raw/steel/01.원천데이터/3. VTST/VT_ST_00_14562835.jpg,data/raw/steel/02.라벨링데이터/3. VTST/VT_ST_00_14562835.json,True,True,True,VT,ST,1920,1080,normal,,1,True
14562858,VT_ST_00_14562858,data/raw/steel/01.원천데이터/3. VTST/VT_ST_00_14562858.jpg,data/raw/steel/02.라벨링데이터/3. VTST/VT_ST_00_14562858.json,True,True,True,VT,ST,1920,1080,normal,,1,True
14562861,VT_ST_00_14562861,data/raw/steel/01.원천데이터/3. VTST/VT_ST_00_14562861.jpg,data/raw/steel/02.라벨링데이터/3. VTST/VT_ST_00_14562861.json,True,True,True,VT,ST,1280,720,normal,,1,True
14562873,VT_ST_00_14562873,data/raw/steel/01.원천데이터/3. VTST/VT_ST_00_14562873.jpg,data/raw/steel/02.라벨링데이터/3. VTST/VT_ST_00_14562873.json,True,True,True,VT,ST,1920,1080,normal,,1,True
14562885,VT_ST_00_14562885,data/raw/steel/01.원천데이터/3. VTST/VT_ST_00_14562885.jpg,data/raw/steel/02.라벨링데이터/3. VTST/VT_ST_00_14562885.json,True,True,True,VT,ST,1920,1080,normal,,1,True
14562897,VT_ST_00_14562897,data/raw/steel/01.원천데이터/3. VTST/VT_ST_00_14562897.jpg,data/raw/steel/02.라벨링데이터/3. VTST/VT_ST_00_14562897.json,True,True,True,VT,ST,1920,1080,normal,,1,True
14562899,VT_ST_00_14562899,data/raw/steel/01.원천데이터/3. VTST/VT_ST_00_14562899.jpg,data/raw/steel/02.라벨링데이터/3. VTST/VT_ST_00_14562899.json,True,True,True,VT,ST,1920,1080,normal,,1,True
14562920,VT_ST_00_14562920,data/raw/steel/01.원천데이터/3. VTST/VT_ST_00_14562920.jpg,data/raw/steel/02.라벨링데이터/3. VTST/VT_ST_00_14562920.json,True,True,True,VT,ST,1920,1080,normal,,1,True
14562930,VT_ST_00_14562930,data/raw/steel/01.원천데이터/3. VTST/VT_ST_00_14562930.jpg,data/raw/steel/02.라벨링데이터/3. VTST/VT_ST_00_14562930.json,True,True,True,VT,ST,1920,1080,normal,,1,True
14562934,VT_ST_00_14562934,data/raw/steel/01.원천데이터/3. VTST/VT_ST_00_14562934.jpg,data/raw/steel/02.라벨링데이터/3. VTST/VT_ST_00_14562934.json,True,True,True,VT,ST,1920,1080,normal,,1,True
14562935,VT_ST_00_14562935,data/raw/steel/01.원천데이터/3. VTST/VT_ST_00_14562935.jpg,data/raw/steel/02.라벨링데이터/3. VTST/VT_ST_00_14562935.json,True,True,True,VT,ST,1920,1080,normal,,1,True
14562950,VT_ST_00_14562950,data/raw/steel/01.원천데이터/3. VTST/VT_ST_00_14562950.jpg,data/raw/steel/02.라벨링데이터/3. VTST/VT_ST_00_14562950.json,True,True,True,VT,ST,1920,1080,normal,,1,True
14562955,VT_ST_00_14562955,data/raw/steel/01.원천데이터/3. VTST/VT_ST_00_14562955.jpg,data/raw/steel/02.라벨링데이터/3. VTST/VT_ST_00_14562955.json,True,True,True,VT,ST,1920,1080,normal,,1,True
14562959,VT_ST_00_14562959,data/raw/steel/01.원천데이터/3. VTST/VT_ST_00_14562959.jpg,data/raw/steel/02.라벨링데이터/3. VTST/VT_ST_00_14562959.json,True,True,True,VT,ST,1920,1080,normal,,1,True
14562960,VT_ST_00_14562960,data/raw/steel/01.원천데이터/3. VTST/VT_ST_00_14562960.jpg,data/raw/steel/02.라벨링데이터/3. VTST/VT_ST_00_14562960.json,True,True,True,VT,ST,1280,720,normal,,1,True
14562964,VT_ST_00_14562964,data/raw/steel/01.원천데이터/3. VTST/VT_ST_00_14562964.jpg,data/raw/steel/02.라벨링데이터/3. VTST/VT_ST_00_14562964.json,True,True,True,VT,ST,1280,1280,normal,,1,True
14562972,VT_ST_00_14562972,data/raw/steel/01.원천데이터/3. VTST/VT_ST_00_14562972.jpg,data/raw/steel/02.라벨링데이터/3. VTST/VT_ST_00_14562972.json,True,True,True,VT,ST,1920,1080,normal,,1,True
14562977,VT_ST_00_14562977,data/raw/steel/01.원천데이터/3. VTST/VT_ST_00_14562977.jpg,data/raw/steel/02.라벨링데이터/3. VTST/VT_ST_00_14562977.json,True,True,True,VT,ST,1920,1080,normal,,1,True
14562983,VT_ST_00_14562983,data/raw/steel/01.원천데이터/3. VTST/VT_ST_00_14562983.jpg,data/raw/steel/02.라벨링데이터/3. VTST/VT_ST_00_14562983.json,True,True,True,VT,ST,1920,1080,normal,,1,True
14562987,VT_ST_00_14562987,data/raw/steel/01.원천데이터/3. VTST/VT_ST_00_14562987.jpg,data/raw/steel/02.라벨링데이터/3. VTST/VT_ST_00_14562987.json,True,True,True,VT,ST,1920,1080,normal,,1,True
14562994,VT_ST_00_14562994,data/raw/steel/01.원천데이터/3. VTST/VT_ST_00_14562994.jpg,data/raw/steel/02.라벨링데이터/3. VTST/VT_ST_00_14562994.json,True,True,True,VT,ST,1920,1080,normal,,1,True
14563004,VT_ST_00_14563004,data/raw/steel/01.원천데이터/3. VTST/VT_ST_00_14563004.jpg,data/raw/steel/02.라벨링데이터/3. VTST/VT_ST_00_14563004.json,True,True,True,VT,ST,1920,1080,normal,,1,True
14563012,VT_ST_00_14563012,data/raw/steel/01.원천데이터/3. VTST/VT_ST_00_14563012.jpg,data/raw/steel/02.라벨링데이터/3. VTST/VT_ST_00_14563012.json,True,True,True,VT,ST,1920,1080,normal,,1,True
14563019,VT_ST_00_14563019,data/raw/steel/01.원천데이터/3. VTST/VT_ST_00_14563019.jpg,data/raw/steel/02.라벨링데이터/3. VTST/VT_ST_00_14563019.json,True,True,True,VT,ST,1920,1080,normal,,1,True
14563023,VT_ST_00_14563023,data/raw/steel/01.원천데이터/3. VTST/VT_ST_00_14563023.jpg,data/raw/steel/02.라벨링데이터/3. VTST/VT_ST_00_14563023.json,True,True,True,VT,ST,1920,1080,normal,,1,True
14563026,VT_ST_00_14563026,data/raw/steel/01.원천데이터/3. VTST/VT_ST_00_14563026.jpg,data/raw/steel/02.라벨링데이터/3. VTST/VT_ST_00_14563026.json,True,True,True,VT,ST,3840,2160,normal,,1,True
14563031,VT_ST_00_14563031,data/raw/steel/01.원천데이터/3. VTST/VT_ST_00_14563031.jpg,data/raw/steel/02.라벨링데이터/3. VTST/VT_ST_00_14563031.json,True,True,True,VT,ST,2160,3840,normal,,1,True
14563035,VT_ST_00_14563035,data/raw/steel/01.원천데이터/3. VTST/VT_ST_00_14563035.jpg,data/raw/steel/02.라벨링데이터/3. VTST/VT_ST_00_14563035.json,True,True,True,VT,ST,3840,2160,normal,,1,True
14563037,VT_ST_00_14563037,data/raw/steel/01.원천데이터/3. VTST/VT_ST_00_14563037.jpg,data/raw/steel/02.라벨링데이터/3. VTST/VT_ST_00_14563037.json,True,True,True,VT,ST,2160,3840,normal,,1,True
14563043,VT_ST_00_14563043,data/raw/steel/01.원천데이터/3. VTST/VT_ST_00_14563043.jpg,data/raw/steel/02.라벨링데이터/3. VTST/VT_ST_00_14563043.json,True,True,True,VT,ST,3840,2160,normal,,1,True
14563083,VT_ST_00_14563083,data/raw/steel/01.원천데이터/3. VTST/VT_ST_00_14563083.jpg,data/raw/steel/02.라벨링데이터/3. VTST/VT_ST_00_14563083.json,True,True,True,VT,ST,3840,2160,normal,,1,True
14563092,VT_ST_00_14563092,data/raw/steel/01.원천데이터/3. VTST/VT_ST_00_14563092.jpg,data/raw/steel/02.라벨링데이터/3. VTST/VT_ST_00_14563092.json,True,True,True,VT,ST,2160,3840,normal,,1,True
14563099,VT_ST_00_14563099,data/raw/steel/01.원천데이터/3. VTST/VT_ST_00_14563099.jpg,data/raw/steel/02.라벨링데이터/3. VTST/VT_ST_00_14563099.json,True,True,True,VT,ST,3840,2160,normal,,1,True
14563100,VT_ST_00_14563100,data/raw/steel/01.원천데이터/3. VTST/VT_ST_00_14563100.jpg,data/raw/steel/02.라벨링데이터/3. VTST/VT_ST_00_14563100.json,True,True,True,VT,ST,2160,3840,normal,,1,True
14563107,VT_ST_00_14563107,data/raw/steel/01.원천데이터/3. VTST/VT_ST_00_14563107.jpg,data/raw/steel/02.라벨링데이터/3. VTST/VT_ST_00_14563107.json,True,True,True,VT,ST,2160,3840,normal,,1,True
14563117,VT_ST_00_14563117,data/raw/steel/01.원천데이터/3. VTST/VT_ST_00_14563117.jpg,data/raw/steel/02.라벨링데이터/3. VTST/VT_ST_00_14563117.json,True,True,True,VT,ST,3840,2160,normal,,1,True
14563134,VT_ST_00_14563134,data/raw/steel/01.원천데이터/3. VTST/VT_ST_00_14563134.jpg,data/raw/steel/02.라벨링데이터/3. VTST/VT_ST_00_14563134.json,True,True,True,VT,ST,3840,2160,normal,,1,True
14563146,VT_ST_00_14563146,data/raw/steel/01.원천데이터/3. VTST/VT_ST_00_14563146.jpg,data/raw/steel/02.라벨링데이터/3. VTST/VT_ST_00_14563146.json,True,True,True,VT,ST,2160,3840,normal,,1,True
14563147,VT_ST_00_14563147,data/raw/steel/01.원천데이터/3. VTST/VT_ST_00_14563147.jpg,data/raw/steel/02.라벨링데이터/3. VTST/VT_ST_00_14563147.json,True,True,True,VT,ST,3840,2160,normal,,1,True
14563152,VT_ST_00_14563152,data/raw/steel/01.원천데이터/3. VTST/VT_ST_00_14563152.jpg,data/raw/steel/02.라벨링데이터/3. VTST/VT_ST_00_14563152.json,True,True,True,VT,ST,3840,2160,normal,,1,True
14563156,VT_ST_00_14563156,data/raw/steel/01.원천데이터/3. VTST/VT_ST_00_14563156.jpg,data/raw/steel/02.라벨링데이터/3. VTST/VT_ST_00_14563156.json,True,True,True,VT,ST,2160,3840,normal,,1,True
14563165,VT_ST_00_14563165,data/raw/steel/01.원천데이터/3. VTST/VT_ST_00_14563165.jpg,data/raw/steel/02.라벨링데이터/3. VTST/VT_ST_00_14563165.json,True,True,True,VT,ST,2160,3840,normal,,1,True
14563166,VT_ST_00_14563166,data/raw/steel/01.원천데이터/3. VTST/VT_ST_00_14563166.jpg,data/raw/steel/02.라벨링데이터/3. VTST/VT_ST_00_14563166.json,True,True,True,VT,ST,3840,2160,normal,,1,True
14563172,VT_ST_00_14563172,data/raw/steel/01.원천데이터/3. VTST/VT_ST_00_14563172.jpg,data/raw/steel/02.라벨링데이터/3. VTST/VT_ST_00_14563172.json,True,True,True,VT,ST,3840,2160,normal,,1,True
14563184,VT_ST_00_14563184,data/raw/steel/01.원천데이터/3. VTST/VT_ST_00_14563184.jpg,data/raw/steel/02.라벨링데이터/3. VTST/VT_ST_00_14563184.json,True,True,True,VT,ST,3840,2160,normal,,1,True
14563186,VT_ST_00_14563186,data/raw/steel/01.원천데이터/3. VTST/VT_ST_00_14563186.jpg,data/raw/steel/02.라벨링데이터/3. VTST/VT_ST_00_14563186.json,True,True,True,VT,ST,3840,2160,normal,,1,True
14563190,VT_ST_00_14563190,data/raw/steel/01.원천데이터/3. VTST/VT_ST_00_14563190.jpg,data/raw/steel/02.라벨링데이터/3. VTST/VT_ST_00_14563190.json,True,True,True,VT,ST,2160,3840,normal,,1,True
14563196,VT_ST_00_14563196,data/raw/steel/01.원천데이터/3. VTST/VT_ST_00_14563196.jpg,data/raw/steel/02.라벨링데이터/3. VTST/VT_ST_00_14563196.json,True,True,True,VT,ST,2160,3840,normal,,1,True
14563207,VT_ST_00_14563207,data/raw/steel/01.원천데이터/3. VTST/VT_ST_00_14563207.jpg,data/raw/steel/02.라벨링데이터/3. VTST/VT_ST_00_14563207.json,True,True,True,VT,ST,2160,3840,normal,,1,True
14563217,VT_ST_00_14563217,data/raw/steel/01.원천데이터/3. VTST/VT_ST_00_14563217.jpg,data/raw/steel/02.라벨링데이터/3. VTST/VT_ST_00_14563217.json,True,True,True,VT,ST,2160,3840,normal,,1,True
14563218,VT_ST_00_14563218,data/raw/steel/01.원천데이터/3. VTST/VT_ST_00_14563218.jpg,data/raw/steel/02.라벨링데이터/3. VTST/VT_ST_00_14563218.json,True,True,True,VT,ST,3840,2160,normal,,1,True
14563228,VT_ST_00_14563228,data/raw/steel/01.원천데이터/3. VTST/VT_ST_00_14563228.jpg,data/raw/steel/02.라벨링데이터/3. VTST/VT_ST_00_14563228.json,True,True,True,VT,ST,3840,2160,normal,,1,True
14563238,VT_ST_00_14563238,data/raw/steel/01.원천데이터/3. VTST/VT_ST_00_14563238.jpg,data/raw/steel/02.라벨링데이터/3. VTST/VT_ST_00_14563238.json,True,True,True,VT,ST,2160,3840,normal,,1,True
14563239,VT_ST_00_14563239,data/raw/steel/01.원천데이터/3. VTST/VT_ST_00_14563239.jpg,data/raw/steel/02.라벨링데이터/3. VTST/VT_ST_00_14563239.json,True,True,True,VT,ST,2160,3840,normal,,1,True
14563248,VT_ST_00_14563248,data/raw/steel/01.원천데이터/3. VTST/VT_ST_00_14563248.jpg,data/raw/steel/02.라벨링데이터/3. VTST/VT_ST_00_14563248.json,True,True,True,VT,ST,3840,2160,normal,,1,True
14563279,VT_ST_00_14563279,data/raw/steel/01.원천데이터/3. VTST/VT_ST_00_14563279.jpg,data/raw/steel/02.라벨링데이터/3. VTST/VT_ST_00_14563279.json,True,True,True,VT,ST,3840,2160,normal,,1,True
14563284,VT_ST_00_14563284,data/raw/steel/01.원천데이터/3. VTST/VT_ST_00_14563284.jpg,data/raw/steel/02.라벨링데이터/3. VTST/VT_ST_00_14563284.json,True,True,True,VT,ST,3840,2160,normal,,1,True
14563291,VT_ST_00_14563291,data/raw/steel/01.원천데이터/3. VTST/VT_ST_00_14563291.jpg,data/raw/steel/02.라벨링데이터/3. VTST/VT_ST_00_14563291.json,True,True,True,VT,ST,2160,3840,normal,,1,True
14563310,VT_ST_00_14563310,data/raw/steel/01.원천데이터/3. VTST/VT_ST_00_14563310.jpg,data/raw/steel/02.라벨링데이터/3. VTST/VT_ST_00_14563310.json,True,True,True,VT,ST,2160,3840,normal,,1,True
14563361,VT_ST_00_14563361,data/raw/steel/01.원천데이터/3. VTST/VT_ST_00_14563361.jpg,data/raw/steel/02.라벨링데이터/3. VTST/VT_ST_00_14563361.json,True,True,True,VT,ST,2160,3840,normal,,1,True
14563370,VT_ST_00_14563370,data/raw/steel/01.원천데이터/3. VTST/VT_ST_00_14563370.jpg,data/raw/steel/02.라벨링데이터/3. VTST/VT_ST_00_14563370.json,True,True,True,VT,ST,3840,2160,normal,,1,True
14563391,VT_ST_00_14563391,data/raw/steel/01.원천데이터/3. VTST/VT_ST_00_14563391.jpg,data/raw/steel/02.라벨링데이터/3. VTST/VT_ST_00_14563391.json,True,True,True,VT,ST,2160,3840,normal,,1,True
14563396,VT_ST_00_14563396,data/raw/steel/01.원천데이터/3. VTST/VT_ST_00_14563396.jpg,data/raw/steel/02.라벨링데이터/3. VTST/VT_ST_00_14563396.json,True,True,True,VT,ST,2160,3840,normal,,1,True
14563398,VT_ST_00_14563398,data/raw/steel/01.원천데이터/3. VTST/VT_ST_00_14563398.jpg,data/raw/steel/02.라벨링데이터/3. VTST/VT_ST_00_14563398.json,True,True,True,VT,ST,3840,2160,normal,,1,True
14563419,VT_ST_00_14563419,data/raw/steel/01.원천데이터/3. VTST/VT_ST_00_14563419.jpg,data/raw/steel/02.라벨링데이터/3. VTST/VT_ST_00_14563419.json,True,True,True,VT,ST,2160,3840,normal,,1,True
14563422,VT_ST_00_14563422,data/raw/steel/01.원천데이터/3. VTST/VT_ST_00_14563422.jpg,data/raw/steel/02.라벨링데이터/3. VTST/VT_ST_00_14563422.json,True,True,True,VT,ST,3840,2160,normal,,1,True
14563449,VT_ST_00_14563449,data/raw/steel/01.원천데이터/3. VTST/VT_ST_00_14563449.jpg,data/raw/steel/02.라벨링데이터/3. VTST/VT_ST_00_14563449.json,True,True,True,VT,ST,3840,2160,normal,,1,True
14563457,VT_ST_00_14563457,data/raw/steel/01.원천데이터/3. VTST/VT_ST_00_14563457.jpg,data/raw/steel/02.라벨링데이터/3. VTST/VT_ST_00_14563457.json,True,True,True,VT,ST,2160,3840,normal,,1,True
14563458,VT_ST_00_14563458,data/raw/steel/01.원천데이터/3. VTST/VT_ST_00_14563458.jpg,data/raw/steel/02.라벨링데이터/3. VTST/VT_ST_00_14563458.json,True,True,True,VT,ST,3840,2160,normal,,1,True
14563464,VT_ST_00_14563464,data/raw/steel/01.원천데이터/3. VTST/VT_ST_00_14563464.jpg,data/raw/steel/02.라벨링데이터/3. VTST/VT_ST_00_14563464.json,True,True,True,VT,ST,3840,2160,normal,,1,True
14563474,VT_ST_00_14563474,data/raw/steel/01.원천데이터/3. VTST/VT_ST_00_14563474.jpg,data/raw/steel/02.라벨링데이터/3. VTST/VT_ST_00_14563474.json,True,True,True,VT,ST,3840,2160,normal,,1,True
14563479,VT_ST_00_14563479,data/raw/steel/01.원천데이터/3. VTST/VT_ST_00_14563479.jpg,data/raw/steel/02.라벨링데이터/3. VTST/VT_ST_00_14563479.json,True,True,True,VT,ST,2160,3840,normal,,1,True
14563501,VT_ST_00_14563501,data/raw/steel/01.원천데이터/3. VTST/VT_ST_00_14563501.jpg,data/raw/steel/02.라벨링데이터/3. VTST/VT_ST_00_14563501.json,True,True,True,VT,ST,3840,2160,normal,,1,True
14563504,VT_ST_00_14563504,data/raw/steel/01.원천데이터/3. VTST/VT_ST_00_14563504.jpg,data/raw/steel/02.라벨링데이터/3. VTST/VT_ST_00_14563504.json,True,True,True,VT,ST,2160,3840,normal,,1,True
14563513,VT_ST_00_14563513,data/raw/steel/01.원천데이터/3. VTST/VT_ST_00_14563513.jpg,data/raw/steel/02.라벨링데이터/3. VTST/VT_ST_00_14563513.json,True,True,True,VT,ST,3840,2160,normal,,1,True
14563538,VT_ST_00_14563538,data/raw/steel/01.원천데이터/3. VTST/VT_ST_00_14563538.jpg,data/raw/steel/02.라벨링데이터/3. VTST/VT_ST_00_14563538.json,True,True,True,VT,ST,2160,3840,normal,,1,True
14563541,VT_ST_00_14563541,data/raw/steel/01.원천데이터/3. VTST/VT_ST_00_14563541.jpg,data/raw/steel/02.라벨링데이터/3. VTST/VT_ST_00_14563541.json,True,True,True,VT,ST,3840,2160,normal,,1,True
14563552,VT_ST_00_14563552,data/raw/steel/01.원천데이터/3. VTST/VT_ST_00_14563552.jpg,data/raw/steel/02.라벨링데이터/3. VTST/VT_ST_00_14563552.json,True,True,True,VT,ST,3840,2160,normal,,1,True
14563563,VT_ST_00_14563563,data/raw/steel/01.원천데이터/3. VTST/VT_ST_00_14563563.jpg,data/raw/steel/02.라벨링데이터/3. VTST/VT_ST_00_14563563.json,True,True,True,VT,ST,2160,3840,normal,,1,True
14563577,VT_ST_00_14563577,data/raw/steel/01.원천데이터/3. VTST/VT_ST_00_14563577.jpg,data/raw/steel/02.라벨링데이터/3. VTST/VT_ST_00_14563577.json,True,True,True,VT,ST,2160,3840,normal,,1,True
14563613,VT_ST_00_14563613,data/raw/steel/01.원천데이터/3. VTST/VT_ST_00_14563613.jpg,data/raw/steel/02.라벨링데이터/3. VTST/VT_ST_00_14563613.json,True,True,True,VT,ST,3840,2160,normal,,1,True
14563626,VT_ST_00_14563626,data/raw/steel/01.원천데이터/3. VTST/VT_ST_00_14563626.jpg,data/raw/steel/02.라벨링데이터/3. VTST/VT_ST_00_14563626.json,True,True,True,VT,ST,3840,2160,normal,,1,True
14563654,VT_ST_00_14563654,data/raw/steel/01.원천데이터/3. VTST/VT_ST_00_14563654.jpg,data/raw/steel/02.라벨링데이터/3. VTST/VT_ST_00_14563654.json,True,True,True,VT,ST,2160,3840,normal,,1,True
14563669,VT_ST_00_14563669,data/raw/steel/01.원천데이터/3. VTST/VT_ST_00_14563669.jpg,data/raw/steel/02.라벨링데이터/3. VTST/VT_ST_00_14563669.json,True,True,True,VT,ST,3840,2160,normal,,1,True
14563676,VT_ST_00_14563676,data/raw/steel/01.원천데이터/3. VTST/VT_ST_00_14563676.jpg,data/raw/steel/02.라벨링데이터/3. VTST/VT_ST_00_14563676.json,True,True,True,VT,ST,2160,3840,normal,,1,True
14563693,VT_ST_00_14563693,data/raw/steel/01.원천데이터/3. VTST/VT_ST_00_14563693.jpg,data/raw/steel/02.라벨링데이터/3. VTST/VT_ST_00_14563693.json,True,True,True,VT,ST,3840,2160,normal,,1,True
14563719,VT_ST_00_14563719,data/raw/steel/01.원천데이터/3. VTST/VT_ST_00_14563719.jpg,data/raw/steel/02.라벨링데이터/3. VTST/VT_ST_00_14563719.json,True,True,True,VT,ST,2160,3840,normal,,1,True
14563725,VT_ST_00_14563725,data/raw/steel/01.원천데이터/3. VTST/VT_ST_00_14563725.jpg,data/raw/steel/02.라벨링데이터/3. VTST/VT_ST_00_14563725.json,True,True,True,VT,ST,2160,3840,normal,,1,True
14563735,VT_ST_00_14563735,data/raw/steel/01.원천데이터/3. VTST/VT_ST_00_14563735.jpg,data/raw/steel/02.라벨링데이터/3. VTST/VT_ST_00_14563735.json,True,True,True,VT,ST,3840,2160,normal,,1,True
14563737,VT_ST_00_14563737,data/raw/steel/01.원천데이터/3. VTST/VT_ST_00_14563737.jpg,data/raw/steel/02.라벨링데이터/3. VTST/VT_ST_00_14563737.json,True,True,True,VT,ST,2160,3840,normal,,1,True
14563738,VT_ST_00_14563738,data/raw/steel/01.원천데이터/3. VTST/VT_ST_00_14563738.jpg,data/raw/steel/02.라벨링데이터/3. VTST/VT_ST_00_14563738.json,True,True,True,VT,ST,2160,3840,normal,,1,True
14563742,VT_ST_00_14563742,data/raw/steel/01.원천데이터/3. VTST/VT_ST_00_14563742.jpg,data/raw/steel/02.라벨링데이터/3. VTST/VT_ST_00_14563742.json,True,True,True,VT,ST,3840,2160,normal,,1,True
14563745,VT_ST_00_14563745,data/raw/steel/01.원천데이터/3. VTST/VT_ST_00_14563745.jpg,data/raw/steel/02.라벨링데이터/3. VTST/VT_ST_00_14563745.json,True,True,True,VT,ST,3840,2160,normal,,1,True
14563772,VT_ST_00_14563772,data/raw/steel/01.원천데이터/3. VTST/VT_ST_00_14563772.jpg,data/raw/steel/02.라벨링데이터/3. VTST/VT_ST_00_14563772.json,True,True,True,VT,ST,2160,3840,normal,,1,True
14563781,VT_ST_00_14563781,data/raw/steel/01.원천데이터/3. VTST/VT_ST_00_14563781.jpg,data/raw/steel/02.라벨링데이터/3. VTST/VT_ST_00_14563781.json,True,True,True,VT,ST,2160,3840,normal,,1,True
14563797,VT_ST_00_14563797,data/raw/steel/01.원천데이터/3. VTST/VT_ST_00_14563797.jpg,data/raw/steel/02.라벨링데이터/3. VTST/VT_ST_00_14563797.json,True,True,True,VT,ST,3840,2160,normal,,1,True
14563805,VT_ST_00_14563805,data/raw/steel/01.원천데이터/3. VTST/VT_ST_00_14563805.jpg,data/raw/steel/02.라벨링데이터/3. VTST/VT_ST_00_14563805.json,True,True,True,VT,ST,3840,2160,normal,,1,True
14563809,VT_ST_00_14563809,data/raw/steel/01.원천데이터/3. VTST/VT_ST_00_14563809.jpg,data/raw/steel/02.라벨링데이터/3. VTST/VT_ST_00_14563809.json,True,True,True,VT,ST,2160,3840,normal,,1,True
14563812,VT_ST_00_14563812,data/raw/steel/01.원천데이터/3. VTST/VT_ST_00_14563812.jpg,data/raw/steel/02.라벨링데이터/3. VTST/VT_ST_00_14563812.json,True,True,True,VT,ST,3840,2160,normal,,1,True
14563840,VT_ST_00_14563840,data/raw/steel/01.원천데이터/3. VTST/VT_ST_00_14563840.jpg,data/raw/steel/02.라벨링데이터/3. VTST/VT_ST_00_14563840.json,True,True,True,VT,ST,2160,3840,normal,,1,True
14563853,VT_ST_00_14563853,data/raw/steel/01.원천데이터/3. VTST/VT_ST_00_14563853.jpg,data/raw/steel/02.라벨링데이터/3. VTST/VT_ST_00_14563853.json,True,True,True,VT,ST,3840,2160,normal,,1,True
14563855,VT_ST_00_14563855,data/raw/steel/01.원천데이터/3. VTST/VT_ST_00_14563855.jpg,data/raw/steel/02.라벨링데이터/3. VTST/VT_ST_00_14563855.json,True,True,True,VT,ST,3840,2160,normal,,1,True
14563861,VT_ST_00_14563861,data/raw/steel/01.원천데이터/3. VTST/VT_ST_00_14563861.jpg,data/raw/steel/02.라벨링데이터/3. VTST/VT_ST_00_14563861.json,True,True,True,VT,ST,2160,3840,normal,,1,True
14563864,VT_ST_00_14563864,data/raw/steel/01.원천데이터/3. VTST/VT_ST_00_14563864.jpg,data/raw/steel/02.라벨링데이터/3. VTST/VT_ST_00_14563864.json,True,True,True,VT,ST,3840,2160,normal,,1,True
14563865,VT_ST_00_14563865,data/raw/steel/01.원천데이터/3. VTST/VT_ST_00_14563865.jpg,data/raw/steel/02.라벨링데이터/3. VTST/VT_ST_00_14563865.json,True,True,True,VT,ST,2160,3840,normal,,1,True
14563869,VT_ST_00_14563869,data/raw/steel/01.원천데이터/3. VTST/VT_ST_00_14563869.jpg,data/raw/steel/02.라벨링데이터/3. VTST/VT_ST_00_14563869.json,True,True,True,VT,ST,2160,3840,normal,,1,True
14563870,VT_ST_00_14563870,data/raw/steel/01.원천데이터/3. VTST/VT_ST_00_14563870.jpg,data/raw/steel/02.라벨링데이터/3. VTST/VT_ST_00_14563870.json,True,True,True,VT,ST,2160,3840,normal,,1,True
14563874,VT_ST_00_14563874,data/raw/steel/01.원천데이터/3. VTST/VT_ST_00_14563874.jpg,data/raw/steel/02.라벨링데이터/3. VTST/VT_ST_00_14563874.json,True,True,True,VT,ST,3840,2160,normal,,1,True
14563885,VT_ST_00_14563885,data/raw/steel/01.원천데이터/3. VTST/VT_ST_00_14563885.jpg,data/raw/steel/02.라벨링데이터/3. VTST/VT_ST_00_14563885.json,True,True,True,VT,ST,2160,3840,normal,,1,True
14563896,VT_ST_00_14563896,data/raw/steel/01.원천데이터/3. VTST/VT_ST_00_14563896.jpg,data/raw/steel/02.라벨링데이터/3. VTST/VT_ST_00_14563896.json,True,True,True,VT,ST,3840,2160,normal,,1,True
14563899,VT_ST_00_14563899,data/raw/steel/01.원천데이터/3. VTST/VT_ST_00_14563899.jpg,data/raw/steel/02.라벨링데이터/3. VTST/VT_ST_00_14563899.json,True,True,True,VT,ST,2160,3840,normal,,1,True
14563907,VT_ST_00_14563907,data/raw/steel/01.원천데이터/3. VTST/VT_ST_00_14563907.jpg,data/raw/steel/02.라벨링데이터/3. VTST/VT_ST_00_14563907.json,True,True,True,VT,ST,2160,3840,normal,,1,True
14563908,VT_ST_00_14563908,data/raw/steel/01.원천데이터/3. VTST/VT_ST_00_14563908.jpg,data/raw/steel/02.라벨링데이터/3. VTST/VT_ST_00_14563908.json,True,True,True,VT,ST,3840,2160,normal,,1,True
14563918,VT_ST_00_14563918,data/raw/steel/01.원천데이터/3. VTST/VT_ST_00_14563918.jpg,data/raw/steel/02.라벨링데이터/3. VTST/VT_ST_00_14563918.json,True,True,True,VT,ST,2160,3840,normal,,1,True
14563950,VT_ST_00_14563950,data/raw/steel/01.원천데이터/3. VTST/VT_ST_00_14563950.jpg,data/raw/steel/02.라벨링데이터/3. VTST/VT_ST_00_14563950.json,True,True,True,VT,ST,2160,3840,normal,,1,True
14563964,VT_ST_00_14563964,data/raw/steel/01.원천데이터/3. VTST/VT_ST_00_14563964.jpg,data/raw/steel/02.라벨링데이터/3. VTST/VT_ST_00_14563964.json,True,True,True,VT,ST,2160,3840,normal,,1,True
14563970,VT_ST_00_14563970,data/raw/steel/01.원천데이터/3. VTST/VT_ST_00_14563970.jpg,data/raw/steel/02.라벨링데이터/3. VTST/VT_ST_00_14563970.json,True,True,True,VT,ST,2160,3840,normal,,1,True
14563974,VT_ST_00_14563974,data/raw/steel/01.원천데이터/3. VTST/VT_ST_00_14563974.jpg,data/raw/steel/02.라벨링데이터/3. VTST/VT_ST_00_14563974.json,True,True,True,VT,ST,2160,3840,normal,,1,True
14563982,VT_ST_00_14563982,data/raw/steel/01.원천데이터/3. VTST/VT_ST_00_14563982.jpg,data/raw/steel/02.라벨링데이터/3. VTST/VT_ST_00_14563982.json,True,True,True,VT,ST,3840,2160,normal,,1,True
14563996,VT_ST_00_14563996,data/raw/steel/01.원천데이터/3. VTST/VT_ST_00_14563996.jpg,data/raw/steel/02.라벨링데이터/3. VTST/VT_ST_00_14563996.json,True,True,True,VT,ST,3840,2160,normal,,1,True
14564007,VT_ST_00_14564007,data/raw/steel/01.원천데이터/3. VTST/VT_ST_00_14564007.jpg,data/raw/steel/02.라벨링데이터/3. VTST/VT_ST_00_14564007.json,True,True,True,VT,ST,2160,3840,normal,,1,True
14564018,VT_ST_00_14564018,data/raw/steel/01.원천데이터/3. VTST/VT_ST_00_14564018.jpg,data/raw/steel/02.라벨링데이터/3. VTST/VT_ST_00_14564018.json,True,True,True,VT,ST,3840,2160,normal,,1,True
14564030,VT_ST_00_14564030,data/raw/steel/01.원천데이터/3. VTST/VT_ST_00_14564030.jpg,data/raw/steel/02.라벨링데이터/3. VTST/VT_ST_00_14564030.json,True,True,True,VT,ST,3840,2160,normal,,1,True
14564032,VT_ST_00_14564032,data/raw/steel/01.원천데이터/3. VTST/VT_ST_00_14564032.jpg,data/raw/steel/02.라벨링데이터/3. VTST/VT_ST_00_14564032.json,True,True,True,VT,ST,2160,3840,normal,,1,True
14564035,VT_ST_00_14564035,data/raw/steel/01.원천데이터/3. VTST/VT_ST_00_14564035.jpg,data/raw/steel/02.라벨링데이터/3. VTST/VT_ST_00_14564035.json,True,True,True,VT,ST,2160,3840,normal,,1,True
14564039,VT_ST_00_14564039,data/raw/steel/01.원천데이터/3. VTST/VT_ST_00_14564039.jpg,data/raw/steel/02.라벨링데이터/3. VTST/VT_ST_00_14564039.json,True,True,True,VT,ST,2160,3840,normal,,1,True
14564045,VT_ST_00_14564045,data/raw/steel/01.원천데이터/3. VTST/VT_ST_00_14564045.jpg,data/raw/steel/02.라벨링데이터/3. VTST/VT_ST_00_14564045.json,True,True,True,VT,ST,2160,3840,normal,,1,True
14564057,VT_ST_00_14564057,data/raw/steel/01.원천데이터/3. VTST/VT_ST_00_14564057.jpg,data/raw/steel/02.라벨링데이터/3. VTST/VT_ST_00_14564057.json,True,True,True,VT,ST,3840,2160,normal,,1,True
14564059,VT_ST_00_14564059,data/raw/steel/01.원천데이터/3. VTST/VT_ST_00_14564059.jpg,data/raw/steel/02.라벨링데이터/3. VTST/VT_ST_00_14564059.json,True,True,True,VT,ST,2160,3840,normal,,1,True
14564062,VT_ST_00_14564062,data/raw/steel/01.원천데이터/3. VTST/VT_ST_00_14564062.jpg,data/raw/steel/02.라벨링데이터/3. VTST/VT_ST_00_14564062.json,True,True,True,VT,ST,2160,3840,normal,,1,True
14564098,VT_ST_00_14564098,data/raw/steel/01.원천데이터/3. VTST/VT_ST_00_14564098.jpg,data/raw/steel/02.라벨링데이터/3. VTST/VT_ST_00_14564098.json,True,True,True,VT,ST,3840,2160,normal,,1,True
14564101,VT_ST_00_14564101,data/raw/steel/01.원천데이터/3. VTST/VT_ST_00_14564101.jpg,data/raw/steel/02.라벨링데이터/3. VTST/VT_ST_00_14564101.json,True,True,True,VT,ST,3840,2160,normal,,1,True
14564105,VT_ST_00_14564105,data/raw/steel/01.원천데이터/3. VTST/VT_ST_00_14564105.jpg,data/raw/steel/02.라벨링데이터/3. VTST/VT_ST_00_14564105.json,True,True,True,VT,ST,3840,2160,normal,,1,True
14564121,VT_ST_00_14564121,data/raw/steel/01.원천데이터/3. VTST/VT_ST_00_14564121.jpg,data/raw/steel/02.라벨링데이터/3. VTST/VT_ST_00_14564121.json,True,True,True,VT,ST,2160,3840,normal,,1,True
14564136,VT_ST_00_14564136,data/raw/steel/01.원천데이터/3. VTST/VT_ST_00_14564136.jpg,data/raw/steel/02.라벨링데이터/3. VTST/VT_ST_00_14564136.json,True,True,True,VT,ST,2160,3840,normal,,1,True
14564141,VT_ST_00_14564141,data/raw/steel/01.원천데이터/3. VTST/VT_ST_00_14564141.jpg,data/raw/steel/02.라벨링데이터/3. VTST/VT_ST_00_14564141.json,True,True,True,VT,ST,3840,2160,normal,,1,True
14597900,VT_ST_02_14597900,data/raw/steel/01.원천데이터/3. VTST/VT_ST_02_14597900.jpg,data/raw/steel/02.라벨링데이터/3. VTST/VT_ST_02_14597900.json,True,True,True,VT,ST,1280,720,defect,porosity,11,True
14598000,VT_ST_02_14598000,data/raw/steel/01.원천데이터/3. VTST/VT_ST_02_14598000.jpg,data/raw/steel/02.라벨링데이터/3. VTST/VT_ST_02_14598000.json,True,True,True,VT,ST,1280,720,defect,porosity,1,True
14598001,VT_ST_02_14598001,data/raw/steel/01.원천데이터/3. VTST/VT_ST_02_14598001.jpg,data/raw/steel/02.라벨링데이터/3. VTST/VT_ST_02_14598001.json,True,True,True,VT,ST,1280,720,defect,porosity,4,True
14598009,VT_ST_02_14598009,data/raw/steel/01.원천데이터/3. VTST/VT_ST_02_14598009.jpg,data/raw/steel/02.라벨링데이터/3. VTST/VT_ST_02_14598009.json,True,True,True,VT,ST,1280,720,defect,porosity,2,True
14598500,VT_ST_02_14598500,data/raw/steel/01.원천데이터/3. VTST/VT_ST_02_14598500.jpg,data/raw/steel/02.라벨링데이터/3. VTST/VT_ST_02_14598500.json,True,True,True,VT,ST,1280,720,defect,porosity,6,True
14598600,VT_ST_02_14598600,data/raw/steel/01.원천데이터/3. VTST/VT_ST_02_14598600.jpg,data/raw/steel/02.라벨링데이터/3. VTST/VT_ST_02_14598600.json,True,True,True,VT,ST,1280,720,defect,porosity,10,True
14599003,VT_ST_02_14599003,data/raw/steel/01.원천데이터/3. VTST/VT_ST_02_14599003.jpg,data/raw/steel/02.라벨링데이터/3. VTST/VT_ST_02_14599003.json,True,True,True,VT,ST,1280,720,defect,porosity,19,True
14599675,VT_ST_02_14599675,data/raw/steel/01.원천데이터/3. VTST/VT_ST_02_14599675.jpg,data/raw/steel/02.라벨링데이터/3. VTST/VT_ST_02_14599675.json,True,True,True,VT,ST,1280,720,defect,porosity,7,True
14599679,VT_ST_02_14599679,data/raw/steel/01.원천데이터/3. VTST/VT_ST_02_14599679.jpg,data/raw/steel/02.라벨링데이터/3. VTST/VT_ST_02_14599679.json,True,True,True,VT,ST,1280,720,defect,porosity,3,True
14599681,VT_ST_02_14599681,data/raw/steel/01.원천데이터/3. VTST/VT_ST_02_14599681.jpg,data/raw/steel/02.라벨링데이터/3. VTST/VT_ST_02_14599681.json,True,True,True,VT,ST,1280,720,defect,porosity,14,True
14599686,VT_ST_02_14599686,data/raw/steel/01.원천데이터/3. VTST/VT_ST_02_14599686.jpg,data/raw/steel/02.라벨링데이터/3. VTST/VT_ST_02_14599686.json,True,True,True,VT,ST,1280,720,defect,porosity,8,True
14599690,VT_ST_02_14599690,data/raw/steel/01.원천데이터/3. VTST/VT_ST_02_14599690.jpg,data/raw/steel/02.라벨링데이터/3. VTST/VT_ST_02_14599690.json,True,True,True,VT,ST,1280,720,defect,porosity,29,True
14599693,VT_ST_02_14599693,data/raw/steel/01.원천데이터/3. VTST/VT_ST_02_14599693.jpg,data/raw/steel/02.라벨링데이터/3. VTST/VT_ST_02_14599693.json,True,True,True,VT,ST,1280,720,defect,porosity,2,True
14599695,VT_ST_02_14599695,data/raw/steel/01.원천데이터/3. VTST/VT_ST_02_14599695.jpg,data/raw/steel/02.라벨링데이터/3. VTST/VT_ST_02_14599695.json,True,True,True,VT,ST,1280,720,defect,porosity,57,True
14599700,VT_ST_02_14599700,data/raw/steel/01.원천데이터/3. VTST/VT_ST_02_14599700.jpg,data/raw/steel/02.라벨링데이터/3. VTST/VT_ST_02_14599700.json,True,True,True,VT,ST,1280,720,defect,porosity,31,True
14599708,VT_ST_02_14599708,data/raw/steel/01.원천데이터/3. VTST/VT_ST_02_14599708.jpg,data/raw/steel/02.라벨링데이터/3. VTST/VT_ST_02_14599708.json,True,True,True,VT,ST,1280,720,defect,porosity,27,True
14599715,VT_ST_02_14599715,data/raw/steel/01.원천데이터/3. VTST/VT_ST_02_14599715.jpg,data/raw/steel/02.라벨링데이터/3. VTST/VT_ST_02_14599715.json,True,True,True,VT,ST,1280,720,defect,porosity,37,True
14599719,VT_ST_02_14599719,data/raw/steel/01.원천데이터/3. VTST/VT_ST_02_14599719.jpg,data/raw/steel/02.라벨링데이터/3. VTST/VT_ST_02_14599719.json,True,True,True,VT,ST,1280,720,defect,porosity,8,True
14599731,VT_ST_02_14599731,data/raw/steel/01.원천데이터/3. VTST/VT_ST_02_14599731.jpg,data/raw/steel/02.라벨링데이터/3. VTST/VT_ST_02_14599731.json,True,True,True,VT,ST,1280,720,defect,porosity,25,True
14599734,VT_ST_02_14599734,data/raw/steel/01.원천데이터/3. VTST/VT_ST_02_14599734.jpg,data/raw/steel/02.라벨링데이터/3. VTST/VT_ST_02_14599734.json,True,True,True,VT,ST,1280,720,defect,porosity,1,True
14599735,VT_ST_02_14599735,data/raw/steel/01.원천데이터/3. VTST/VT_ST_02_14599735.jpg,data/raw/steel/02.라벨링데이터/3. VTST/VT_ST_02_14599735.json,True,True,True,VT,ST,1280,720,defect,porosity,6,True
14599736,VT_ST_02_14599736,data/raw/steel/01.원천데이터/3. VTST/VT_ST_02_14599736.jpg,data/raw/steel/02.라벨링데이터/3. VTST/VT_ST_02_14599736.json,True,True,True,VT,ST,1280,720,defect,porosity,13,True
14599741,VT_ST_02_14599741,data/raw/steel/01.원천데이터/3. VTST/VT_ST_02_14599741.jpg,data/raw/steel/02.라벨링데이터/3. VTST/VT_ST_02_14599741.json,True,True,True,VT,ST,1280,720,defect,porosity,10,True
14599744,VT_ST_02_14599744,data/raw/steel/01.원천데이터/3. VTST/VT_ST_02_14599744.jpg,data/raw/steel/02.라벨링데이터/3. VTST/VT_ST_02_14599744.json,True,True,True,VT,ST,1280,720,defect,porosity,7,True
14599747,VT_ST_02_14599747,data/raw/steel/01.원천데이터/3. VTST/VT_ST_02_14599747.jpg,data/raw/steel/02.라벨링데이터/3. VTST/VT_ST_02_14599747.json,True,True,True,VT,ST,1280,720,defect,porosity,8,True
14599748,VT_ST_02_14599748,data/raw/steel/01.원천데이터/3. VTST/VT_ST_02_14599748.jpg,data/raw/steel/02.라벨링데이터/3. VTST/VT_ST_02_14599748.json,True,True,True,VT,ST,1280,720,defect,porosity,8,True
14599769,VT_ST_02_14599769,data/raw/steel/01.원천데이터/3. VTST/VT_ST_02_14599769.jpg,data/raw/steel/02.라벨링데이터/3. VTST/VT_ST_02_14599769.json,True,True,True,VT,ST,1280,720,defect,porosity,12,True
14599772,VT_ST_02_14599772,data/raw/steel/01.원천데이터/3. VTST/VT_ST_02_14599772.jpg,data/raw/steel/02.라벨링데이터/3. VTST/VT_ST_02_14599772.json,True,True,True,VT,ST,1280,720,defect,porosity,1,True
14599784,VT_ST_02_14599784,data/raw/steel/01.원천데이터/3. VTST/VT_ST_02_14599784.jpg,data/raw/steel/02.라벨링데이터/3. VTST/VT_ST_02_14599784.json,True,True,True,VT,ST,1280,720,defect,porosity,8,True
14599793,VT_ST_02_14599793,data/raw/steel/01.원천데이터/3. VTST/VT_ST_02_14599793.jpg,data/raw/steel/02.라벨링데이터/3. VTST/VT_ST_02_14599793.json,True,True,True,VT,ST,1280,720,defect,porosity,10,True
14599801,VT_ST_02_14599801,data/raw/steel/01.원천데이터/3. VTST/VT_ST_02_14599801.jpg,data/raw/steel/02.라벨링데이터/3. VTST/VT_ST_02_14599801.json,True,True,True,VT,ST,1280,720,defect,porosity,6,True
14599802,VT_ST_02_14599802,data/raw/steel/01.원천데이터/3. VTST/VT_ST_02_14599802.jpg,data/raw/steel/02.라벨링데이터/3. VTST/VT_ST_02_14599802.json,True,True,True,VT,ST,1280,720,defect,porosity,1,True
14599806,VT_ST_02_14599806,data/raw/steel/01.원천데이터/3. VTST/VT_ST_02_14599806.jpg,data/raw/steel/02.라벨링데이터/3. VTST/VT_ST_02_14599806.json,True,True,True,VT,ST,1280,720,defect,porosity,40,True
14599807,VT_ST_02_14599807,data/raw/steel/01.원천데이터/3. VTST/VT_ST_02_14599807.jpg,data/raw/steel/02.라벨링데이터/3. VTST/VT_ST_02_14599807.json,True,True,True,VT,ST,1280,720,defect,porosity,2,True
14599808,VT_ST_02_14599808,data/raw/steel/01.원천데이터/3. VTST/VT_ST_02_14599808.jpg,data/raw/steel/02.라벨링데이터/3. VTST/VT_ST_02_14599808.json,True,True,True,VT,ST,1280,720,defect,porosity,4,True
14599813,VT_ST_02_14599813,data/raw/steel/01.원천데이터/3. VTST/VT_ST_02_14599813.jpg,data/raw/steel/02.라벨링데이터/3. VTST/VT_ST_02_14599813.json,True,True,True,VT,ST,1280,720,defect,porosity,4,True
14599815,VT_ST_02_14599815,data/raw/steel/01.원천데이터/3. VTST/VT_ST_02_14599815.jpg,data/raw/steel/02.라벨링데이터/3. VTST/VT_ST_02_14599815.json,True,True,True,VT,ST,1280,720,defect,porosity,4,True
14599826,VT_ST_02_14599826,data/raw/steel/01.원천데이터/3. VTST/VT_ST_02_14599826.jpg,data/raw/steel/02.라벨링데이터/3. VTST/VT_ST_02_14599826.json,True,True,True,VT,ST,1280,720,defect,porosity,10,True
14599827,VT_ST_02_14599827,data/raw/steel/01.원천데이터/3. VTST/VT_ST_02_14599827.jpg,data/raw/steel/02.라벨링데이터/3. VTST/VT_ST_02_14599827.json,True,True,True,VT,ST,1280,720,defect,porosity,3,True
14599828,VT_ST_02_14599828,data/raw/steel/01.원천데이터/3. VTST/VT_ST_02_14599828.jpg,data/raw/steel/02.라벨링데이터/3. VTST/VT_ST_02_14599828.json,True,True,True,VT,ST,1280,720,defect,porosity,33,True
14599833,VT_ST_02_14599833,data/raw/steel/01.원천데이터/3. VTST/VT_ST_02_14599833.jpg,data/raw/steel/02.라벨링데이터/3. VTST/VT_ST_02_14599833.json,True,True,True,VT,ST,1280,720,defect,porosity,36,True
14599836,VT_ST_02_14599836,data/raw/steel/01.원천데이터/3. VTST/VT_ST_02_14599836.jpg,data/raw/steel/02.라벨링데이터/3. VTST/VT_ST_02_14599836.json,True,True,True,VT,ST,1280,720,defect,porosity,17,True
14599837,VT_ST_02_14599837,data/raw/steel/01.원천데이터/3. VTST/VT_ST_02_14599837.jpg,data/raw/steel/02.라벨링데이터/3. VTST/VT_ST_02_14599837.json,True,True,True,VT,ST,1280,720,defect,porosity,10,True
14599839,VT_ST_02_14599839,data/raw/steel/01.원천데이터/3. VTST/VT_ST_02_14599839.jpg,data/raw/steel/02.라벨링데이터/3. VTST/VT_ST_02_14599839.json,True,True,True,VT,ST,1280,720,defect,porosity,12,True
14599843,VT_ST_02_14599843,data/raw/steel/01.원천데이터/3. VTST/VT_ST_02_14599843.jpg,data/raw/steel/02.라벨링데이터/3. VTST/VT_ST_02_14599843.json,True,True,True,VT,ST,1280,720,defect,porosity,4,True
14599847,VT_ST_02_14599847,data/raw/steel/01.원천데이터/3. VTST/VT_ST_02_14599847.jpg,data/raw/steel/02.라벨링데이터/3. VTST/VT_ST_02_14599847.json,True,True,True,VT,ST,1280,720,defect,porosity,13,True
14599848,VT_ST_02_14599848,data/raw/steel/01.원천데이터/3. VTST/VT_ST_02_14599848.jpg,data/raw/steel/02.라벨링데이터/3. VTST/VT_ST_02_14599848.json,True,True,True,VT,ST,1280,720,defect,porosity,1,True
14599853,VT_ST_02_14599853,data/raw/steel/01.원천데이터/3. VTST/VT_ST_02_14599853.jpg,data/raw/steel/02.라벨링데이터/3. VTST/VT_ST_02_14599853.json,True,True,True,VT,ST,1280,720,defect,porosity,8,True
14599857,VT_ST_02_14599857,data/raw/steel/01.원천데이터/3. VTST/VT_ST_02_14599857.jpg,data/raw/steel/02.라벨링데이터/3. VTST/VT_ST_02_14599857.json,True,True,True,VT,ST,1280,720,defect,porosity,4,True
14599861,VT_ST_02_14599861,data/raw/steel/01.원천데이터/3. VTST/VT_ST_02_14599861.jpg,data/raw/steel/02.라벨링데이터/3. VTST/VT_ST_02_14599861.json,True,True,True,VT,ST,1280,720,defect,porosity,18,True
14599863,VT_ST_02_14599863,data/raw/steel/01.원천데이터/3. VTST/VT_ST_02_14599863.jpg,data/raw/steel/02.라벨링데이터/3. VTST/VT_ST_02_14599863.json,True,True,True,VT,ST,1280,720,defect,porosity,52,True
14599864,VT_ST_02_14599864,data/raw/steel/01.원천데이터/3. VTST/VT_ST_02_14599864.jpg,data/raw/steel/02.라벨링데이터/3. VTST/VT_ST_02_14599864.json,True,True,True,VT,ST,1280,720,defect,porosity,11,True
14599869,VT_ST_02_14599869,data/raw/steel/01.원천데이터/3. VTST/VT_ST_02_14599869.jpg,data/raw/steel/02.라벨링데이터/3. VTST/VT_ST_02_14599869.json,True,True,True,VT,ST,1280,720,defect,porosity,3,True
14599880,VT_ST_02_14599880,data/raw/steel/01.원천데이터/3. VTST/VT_ST_02_14599880.jpg,data/raw/steel/02.라벨링데이터/3. VTST/VT_ST_02_14599880.json,True,True,True,VT,ST,1280,720,defect,porosity,32,True
14599888,VT_ST_02_14599888,data/raw/steel/01.원천데이터/3. VTST/VT_ST_02_14599888.jpg,data/raw/steel/02.라벨링데이터/3. VTST/VT_ST_02_14599888.json,True,True,True,VT,ST,1280,720,defect,porosity,2,True
14599889,VT_ST_02_14599889,data/raw/steel/01.원천데이터/3. VTST/VT_ST_02_14599889.jpg,data/raw/steel/02.라벨링데이터/3. VTST/VT_ST_02_14599889.json,True,True,True,VT,ST,1280,720,defect,porosity,8,True
14599906,VT_ST_02_14599906,data/raw/steel/01.원천데이터/3. VTST/VT_ST_02_14599906.jpg,data/raw/steel/02.라벨링데이터/3. VTST/VT_ST_02_14599906.json,True,True,True,VT,ST,1280,720,defect,porosity,8,True
14599908,VT_ST_02_14599908,data/raw/steel/01.원천데이터/3. VTST/VT_ST_02_14599908.jpg,data/raw/steel/02.라벨링데이터/3. VTST/VT_ST_02_14599908.json,True,True,True,VT,ST,1280,720,defect,porosity,20,True
14599910,VT_ST_02_14599910,data/raw/steel/01.원천데이터/3. VTST/VT_ST_02_14599910.jpg,data/raw/steel/02.라벨링데이터/3. VTST/VT_ST_02_14599910.json,True,True,True,VT,ST,1280,720,defect,porosity,30,True
14599913,VT_ST_02_14599913,data/raw/steel/01.원천데이터/3. VTST/VT_ST_02_14599913.jpg,data/raw/steel/02.라벨링데이터/3. VTST/VT_ST_02_14599913.json,True,True,True,VT,ST,1280,720,defect,porosity,12,True
14599914,VT_ST_02_14599914,data/raw/steel/01.원천데이터/3. VTST/VT_ST_02_14599914.jpg,data/raw/steel/02.라벨링데이터/3. VTST/VT_ST_02_14599914.json,True,True,True,VT,ST,1280,720,defect,porosity,10,True
14599920,VT_ST_02_14599920,data/raw/steel/01.원천데이터/3. VTST/VT_ST_02_14599920.jpg,data/raw/steel/02.라벨링데이터/3. VTST/VT_ST_02_14599920.json,True,True,True,VT,ST,1280,720,defect,porosity,4,True
14599922,VT_ST_02_14599922,data/raw/steel/01.원천데이터/3. VTST/VT_ST_02_14599922.jpg,data/raw/steel/02.라벨링데이터/3. VTST/VT_ST_02_14599922.json,True,True,True,VT,ST,1280,720,defect,porosity,27,True
14599927,VT_ST_02_14599927,data/raw/steel/01.원천데이터/3. VTST/VT_ST_02_14599927.jpg,data/raw/steel/02.라벨링데이터/3. VTST/VT_ST_02_14599927.json,True,True,True,VT,ST,1280,720,defect,porosity,16,True
14599928,VT_ST_02_14599928,data/raw/steel/01.원천데이터/3. VTST/VT_ST_02_14599928.jpg,data/raw/steel/02.라벨링데이터/3. VTST/VT_ST_02_14599928.json,True,True,True,VT,ST,1280,720,defect,porosity,12,True
14599930,VT_ST_02_14599930,data/raw/steel/01.원천데이터/3. VTST/VT_ST_02_14599930.jpg,data/raw/steel/02.라벨링데이터/3. VTST/VT_ST_02_14599930.json,True,True,True,VT,ST,1280,720,defect,porosity,15,True
14599932,VT_ST_02_14599932,data/raw/steel/01.원천데이터/3. VTST/VT_ST_02_14599932.jpg,data/raw/steel/02.라벨링데이터/3. VTST/VT_ST_02_14599932.json,True,True,True,VT,ST,1280,720,defect,porosity,8,True
14599934,VT_ST_02_14599934,data/raw/steel/01.원천데이터/3. VTST/VT_ST_02_14599934.jpg,data/raw/steel/02.라벨링데이터/3. VTST/VT_ST_02_14599934.json,True,True,True,VT,ST,1280,720,defect,porosity,8,True
14599936,VT_ST_02_14599936,data/raw/steel/01.원천데이터/3. VTST/VT_ST_02_14599936.jpg,data/raw/steel/02.라벨링데이터/3. VTST/VT_ST_02_14599936.json,True,True,True,VT,ST,1280,720,defect,porosity,37,True
14599937,VT_ST_02_14599937,data/raw/steel/01.원천데이터/3. VTST/VT_ST_02_14599937.jpg,data/raw/steel/02.라벨링데이터/3. VTST/VT_ST_02_14599937.json,True,True,True,VT,ST,1280,720,defect,porosity,21,True
14599941,VT_ST_02_14599941,data/raw/steel/01.원천데이터/3. VTST/VT_ST_02_14599941.jpg,data/raw/steel/02.라벨링데이터/3. VTST/VT_ST_02_14599941.json,True,True,True,VT,ST,1280,720,defect,porosity,35,True
14599949,VT_ST_02_14599949,data/raw/steel/01.원천데이터/3. VTST/VT_ST_02_14599949.jpg,data/raw/steel/02.라벨링데이터/3. VTST/VT_ST_02_14599949.json,True,True,True,VT,ST,1280,720,defect,porosity,56,True
14599951,VT_ST_02_14599951,data/raw/steel/01.원천데이터/3. VTST/VT_ST_02_14599951.jpg,data/raw/steel/02.라벨링데이터/3. VTST/VT_ST_02_14599951.json,True,True,True,VT,ST,1280,720,defect,porosity,10,True
14599954,VT_ST_02_14599954,data/raw/steel/01.원천데이터/3. VTST/VT_ST_02_14599954.jpg,data/raw/steel/02.라벨링데이터/3. VTST/VT_ST_02_14599954.json,True,True,True,VT,ST,1280,720,defect,porosity,21,True
14599955,VT_ST_02_14599955,data/raw/steel/01.원천데이터/3. VTST/VT_ST_02_14599955.jpg,data/raw/steel/02.라벨링데이터/3. VTST/VT_ST_02_14599955.json,True,True,True,VT,ST,1280,720,defect,porosity,7,True
14599956,VT_ST_02_14599956,data/raw/steel/01.원천데이터/3. VTST/VT_ST_02_14599956.jpg,data/raw/steel/02.라벨링데이터/3. VTST/VT_ST_02_14599956.json,True,True,True,VT,ST,1280,720,defect,porosity,9,True
14599957,VT_ST_02_14599957,data/raw/steel/01.원천데이터/3. VTST/VT_ST_02_14599957.jpg,data/raw/steel/02.라벨링데이터/3. VTST/VT_ST_02_14599957.json,True,True,True,VT,ST,1280,720,defect,porosity,7,True
14599958,VT_ST_02_14599958,data/raw/steel/01.원천데이터/3. VTST/VT_ST_02_14599958.jpg,data/raw/steel/02.라벨링데이터/3. VTST/VT_ST_02_14599958.json,True,True,True,VT,ST,1280,720,defect,porosity,19,True
14599959,VT_ST_02_14599959,data/raw/steel/01.원천데이터/3. VTST/VT_ST_02_14599959.jpg,data/raw/steel/02.라벨링데이터/3. VTST/VT_ST_02_14599959.json,True,True,True,VT,ST,1280,720,defect,porosity,14,True
14599961,VT_ST_02_14599961,data/raw/steel/01.원천데이터/3. VTST/VT_ST_02_14599961.jpg,data/raw/steel/02.라벨링데이터/3. VTST/VT_ST_02_14599961.json,True,True,True,VT,ST,1280,720,defect,porosity,4,True
14599967,VT_ST_02_14599967,data/raw/steel/01.원천데이터/3. VTST/VT_ST_02_14599967.jpg,data/raw/steel/02.라벨링데이터/3. VTST/VT_ST_02_14599967.json,True,True,True,VT,ST,1280,720,defect,porosity,7,True
14599975,VT_ST_02_14599975,data/raw/steel/01.원천데이터/3. VTST/VT_ST_02_14599975.jpg,data/raw/steel/02.라벨링데이터/3. VTST/VT_ST_02_14599975.json,True,True,True,VT,ST,1280,720,defect,porosity,8,True
14599976,VT_ST_02_14599976,data/raw/steel/01.원천데이터/3. VTST/VT_ST_02_14599976.jpg,data/raw/steel/02.라벨링데이터/3. VTST/VT_ST_02_14599976.json,True,True,True,VT,ST,1280,720,defect,porosity,14,True
14599980,VT_ST_02_14599980,data/raw/steel/01.원천데이터/3. VTST/VT_ST_02_14599980.jpg,data/raw/steel/02.라벨링데이터/3. VTST/VT_ST_02_14599980.json,True,True,True,VT,ST,1280,720,defect,porosity,1,True
14599982,VT_ST_02_14599982,data/raw/steel/01.원천데이터/3. VTST/VT_ST_02_14599982.jpg,data/raw/steel/02.라벨링데이터/3. VTST/VT_ST_02_14599982.json,True,True,True,VT,ST,1280,720,defect,porosity,14,True
14599988,VT_ST_02_14599988,data/raw/steel/01.원천데이터/3. VTST/VT_ST_02_14599988.jpg,data/raw/steel/02.라벨링데이터/3. VTST/VT_ST_02_14599988.json,True,True,True,VT,ST,1280,720,defect,porosity,4,True
14599996,VT_ST_02_14599996,data/raw/steel/01.원천데이터/3. VTST/VT_ST_02_14599996.jpg,data/raw/steel/02.라벨링데이터/3. VTST/VT_ST_02_14599996.json,True,True,True,VT,ST,1280,720,defect,porosity,14,True
14599997,VT_ST_02_14599997,data/raw/steel/01.원천데이터/3. VTST/VT_ST_02_14599997.jpg,data/raw/steel/02.라벨링데이터/3. VTST/VT_ST_02_14599997.json,True,True,True,VT,ST,1280,720,defect,porosity,13,True
14600009,VT_ST_02_14600009,data/raw/steel/01.원천데이터/3. VTST/VT_ST_02_14600009.jpg,data/raw/steel/02.라벨링데이터/3. VTST/VT_ST_02_14600009.json,True,True,True,VT,ST,1280,720,defect,porosity,6,True
14600016,VT_ST_02_14600016,data/raw/steel/01.원천데이터/3. VTST/VT_ST_02_14600016.jpg,data/raw/steel/02.라벨링데이터/3. VTST/VT_ST_02_14600016.json,True,True,True,VT,ST,1280,720,defect,porosity,17,True
14600022,VT_ST_02_14600022,data/raw/steel/01.원천데이터/3. VTST/VT_ST_02_14600022.jpg,data/raw/steel/02.라벨링데이터/3. VTST/VT_ST_02_14600022.json,True,True,True,VT,ST,1280,720,defect,porosity,15,True
14600048,VT_ST_02_14600048,data/raw/steel/01.원천데이터/3. VTST/VT_ST_02_14600048.jpg,data/raw/steel/02.라벨링데이터/3. VTST/VT_ST_02_14600048.json,True,True,True,VT,ST,1280,720,defect,porosity,27,True
14600049,VT_ST_02_14600049,data/raw/steel/01.원천데이터/3. VTST/VT_ST_02_14600049.jpg,data/raw/steel/02.라벨링데이터/3. VTST/VT_ST_02_14600049.json,True,True,True,VT,ST,1280,720,defect,porosity,6,True
14600050,VT_ST_02_14600050,data/raw/steel/01.원천데이터/3. VTST/VT_ST_02_14600050.jpg,data/raw/steel/02.라벨링데이터/3. VTST/VT_ST_02_14600050.json,True,True,True,VT,ST,1280,720,defect,porosity,12,True
14600054,VT_ST_02_14600054,data/raw/steel/01.원천데이터/3. VTST/VT_ST_02_14600054.jpg,data/raw/steel/02.라벨링데이터/3. VTST/VT_ST_02_14600054.json,True,True,True,VT,ST,1280,720,defect,porosity,10,True
14600059,VT_ST_02_14600059,data/raw/steel/01.원천데이터/3. VTST/VT_ST_02_14600059.jpg,data/raw/steel/02.라벨링데이터/3. VTST/VT_ST_02_14600059.json,True,True,True,VT,ST,1280,720,defect,porosity,1,True
14600065,VT_ST_02_14600065,data/raw/steel/01.원천데이터/3. VTST/VT_ST_02_14600065.jpg,data/raw/steel/02.라벨링데이터/3. VTST/VT_ST_02_14600065.json,True,True,True,VT,ST,1280,720,defect,porosity,3,True
14600069,VT_ST_02_14600069,data/raw/steel/01.원천데이터/3. VTST/VT_ST_02_14600069.jpg,data/raw/steel/02.라벨링데이터/3. VTST/VT_ST_02_14600069.json,True,True,True,VT,ST,1280,720,defect,porosity,18,True
14600073,VT_ST_02_14600073,data/raw/steel/01.원천데이터/3. VTST/VT_ST_02_14600073.jpg,data/raw/steel/02.라벨링데이터/3. VTST/VT_ST_02_14600073.json,True,True,True,VT,ST,1280,720,defect,porosity,3,True
14600074,VT_ST_02_14600074,data/raw/steel/01.원천데이터/3. VTST/VT_ST_02_14600074.jpg,data/raw/steel/02.라벨링데이터/3. VTST/VT_ST_02_14600074.json,True,True,True,VT,ST,1280,720,defect,porosity,33,True
14600086,VT_ST_02_14600086,data/raw/steel/01.원천데이터/3. VTST/VT_ST_02_14600086.jpg,data/raw/steel/02.라벨링데이터/3. VTST/VT_ST_02_14600086.json,True,True,True,VT,ST,1280,720,defect,porosity,15,True
14600091,VT_ST_02_14600091,data/raw/steel/01.원천데이터/3. VTST/VT_ST_02_14600091.jpg,data/raw/steel/02.라벨링데이터/3. VTST/VT_ST_02_14600091.json,True,True,True,VT,ST,1280,720,defect,porosity,4,True
14600093,VT_ST_02_14600093,data/raw/steel/01.원천데이터/3. VTST/VT_ST_02_14600093.jpg,data/raw/steel/02.라벨링데이터/3. VTST/VT_ST_02_14600093.json,True,True,True,VT,ST,1280,720,defect,porosity,1,True
14600107,VT_ST_02_14600107,data/raw/steel/01.원천데이터/3. VTST/VT_ST_02_14600107.jpg,data/raw/steel/02.라벨링데이터/3. VTST/VT_ST_02_14600107.json,True,True,True,VT,ST,1280,720,defect,porosity,36,True
14600108,VT_ST_02_14600108,data/raw/steel/01.원천데이터/3. VTST/VT_ST_02_14600108.jpg,data/raw/steel/02.라벨링데이터/3. VTST/VT_ST_02_14600108.json,True,True,True,VT,ST,1280,720,defect,porosity,38,True
14600122,VT_ST_02_14600122,data/raw/steel/01.원천데이터/3. VTST/VT_ST_02_14600122.jpg,data/raw/steel/02.라벨링데이터/3. VTST/VT_ST_02_14600122.json,True,True,True,VT,ST,1280,720,defect,porosity,4,True
14600126,VT_ST_02_14600126,data/raw/steel/01.원천데이터/3. VTST/VT_ST_02_14600126.jpg,data/raw/steel/02.라벨링데이터/3. VTST/VT_ST_02_14600126.json,True,True,True,VT,ST,1280,720,defect,porosity,14,True
14600129,VT_ST_02_14600129,data/raw/steel/01.원천데이터/3. VTST/VT_ST_02_14600129.jpg,data/raw/steel/02.라벨링데이터/3. VTST/VT_ST_02_14600129.json,True,True,True,VT,ST,1280,720,defect,porosity,7,True
14600131,VT_ST_02_14600131,data/raw/steel/01.원천데이터/3. VTST/VT_ST_02_14600131.jpg,data/raw/steel/02.라벨링데이터/3. VTST/VT_ST_02_14600131.json,True,True,True,VT,ST,1280,720,defect,porosity,1,True
14600132,VT_ST_02_14600132,data/raw/steel/01.원천데이터/3. VTST/VT_ST_02_14600132.jpg,data/raw/steel/02.라벨링데이터/3. VTST/VT_ST_02_14600132.json,True,True,True,VT,ST,1280,720,defect,porosity,14,True
14600141,VT_ST_02_14600141,data/raw/steel/01.원천데이터/3. VTST/VT_ST_02_14600141.jpg,data/raw/steel/02.라벨링데이터/3. VTST/VT_ST_02_14600141.json,True,True,True,VT,ST,1280,720,defect,porosity,39,True
14600146,VT_ST_02_14600146,data/raw/steel/01.원천데이터/3. VTST/VT_ST_02_14600146.jpg,data/raw/steel/02.라벨링데이터/3. VTST/VT_ST_02_14600146.json,True,True,True,VT,ST,1280,720,defect,porosity,8,True
14600149,VT_ST_02_14600149,data/raw/steel/01.원천데이터/3. VTST/VT_ST_02_14600149.jpg,data/raw/steel/02.라벨링데이터/3. VTST/VT_ST_02_14600149.json,True,True,True,VT,ST,1280,720,defect,porosity,62,True
14600151,VT_ST_02_14600151,data/raw/steel/01.원천데이터/3. VTST/VT_ST_02_14600151.jpg,data/raw/steel/02.라벨링데이터/3. VTST/VT_ST_02_14600151.json,True,True,True,VT,ST,1280,720,defect,porosity,22,True
14600152,VT_ST_02_14600152,data/raw/steel/01.원천데이터/3. VTST/VT_ST_02_14600152.jpg,data/raw/steel/02.라벨링데이터/3. VTST/VT_ST_02_14600152.json,True,True,True,VT,ST,1280,720,defect,porosity,8,True
14600156,VT_ST_02_14600156,data/raw/steel/01.원천데이터/3. VTST/VT_ST_02_14600156.jpg,data/raw/steel/02.라벨링데이터/3. VTST/VT_ST_02_14600156.json,True,True,True,VT,ST,1280,720,defect,porosity,2,True
14600157,VT_ST_02_14600157,data/raw/steel/01.원천데이터/3. VTST/VT_ST_02_14600157.jpg,data/raw/steel/02.라벨링데이터/3. VTST/VT_ST_02_14600157.json,True,True,True,VT,ST,1280,720,defect,porosity,5,True
14600160,VT_ST_02_14600160,data/raw/steel/01.원천데이터/3. VTST/VT_ST_02_14600160.jpg,data/raw/steel/02.라벨링데이터/3. VTST/VT_ST_02_14600160.json,True,True,True,VT,ST,1280,720,defect,porosity,4,True
14600172,VT_ST_02_14600172,data/raw/steel/01.원천데이터/3. VTST/VT_ST_02_14600172.jpg,data/raw/steel/02.라벨링데이터/3. VTST/VT_ST_02_14600172.json,True,True,True,VT,ST,1280,720,defect,porosity,17,True
14600181,VT_ST_02_14600181,data/raw/steel/01.원천데이터/3. VTST/VT_ST_02_14600181.jpg,data/raw/steel/02.라벨링데이터/3. VTST/VT_ST_02_14600181.json,True,True,True,VT,ST,1280,720,defect,porosity,43,True
14600182,VT_ST_02_14600182,data/raw/steel/01.원천데이터/3. VTST/VT_ST_02_14600182.jpg,data/raw/steel/02.라벨링데이터/3. VTST/VT_ST_02_14600182.json,True,True,True,VT,ST,1280,720,defect,porosity,10,True
14600197,VT_ST_02_14600197,data/raw/steel/01.원천데이터/3. VTST/VT_ST_02_14600197.jpg,data/raw/steel/02.라벨링데이터/3. VTST/VT_ST_02_14600197.json,True,True,True,VT,ST,1280,720,defect,porosity,18,True
14600199,VT_ST_02_14600199,data/raw/steel/01.원천데이터/3. VTST/VT_ST_02_14600199.jpg,data/raw/steel/02.라벨링데이터/3. VTST/VT_ST_02_14600199.json,True,True,True,VT,ST,1280,720,defect,porosity,20,True
14600203,VT_ST_02_14600203,data/raw/steel/01.원천데이터/3. VTST/VT_ST_02_14600203.jpg,data/raw/steel/02.라벨링데이터/3. VTST/VT_ST_02_14600203.json,True,True,True,VT,ST,1280,720,defect,porosity,8,True
14600208,VT_ST_02_14600208,data/raw/steel/01.원천데이터/3. VTST/VT_ST_02_14600208.jpg,data/raw/steel/02.라벨링데이터/3. VTST/VT_ST_02_14600208.json,True,True,True,VT,ST,1280,720,defect,porosity,21,True
14600209,VT_ST_02_14600209,data/raw/steel/01.원천데이터/3. VTST/VT_ST_02_14600209.jpg,data/raw/steel/02.라벨링데이터/3. VTST/VT_ST_02_14600209.json,True,True,True,VT,ST,1280,720,defect,porosity,10,True
14600216,VT_ST_02_14600216,data/raw/steel/01.원천데이터/3. VTST/VT_ST_02_14600216.jpg,data/raw/steel/02.라벨링데이터/3. VTST/VT_ST_02_14600216.json,True,True,True,VT,ST,1280,720,defect,porosity,2,True
14600218,VT_ST_02_14600218,data/raw/steel/01.원천데이터/3. VTST/VT_ST_02_14600218.jpg,data/raw/steel/02.라벨링데이터/3. VTST/VT_ST_02_14600218.json,True,True,True,VT,ST,1280,720,defect,porosity,8,True
14600224,VT_ST_02_14600224,data/raw/steel/01.원천데이터/3. VTST/VT_ST_02_14600224.jpg,data/raw/steel/02.라벨링데이터/3. VTST/VT_ST_02_14600224.json,True,True,True,VT,ST,1280,720,defect,porosity,1,True
14600226,VT_ST_02_14600226,data/raw/steel/01.원천데이터/3. VTST/VT_ST_02_14600226.jpg,data/raw/steel/02.라벨링데이터/3. VTST/VT_ST_02_14600226.json,True,True,True,VT,ST,1280,720,defect,porosity,3,True
14600227,VT_ST_02_14600227,data/raw/steel/01.원천데이터/3. VTST/VT_ST_02_14600227.jpg,data/raw/steel/02.라벨링데이터/3. VTST/VT_ST_02_14600227.json,True,True,True,VT,ST,1280,720,defect,porosity,2,True
14600229,VT_ST_02_14600229,data/raw/steel/01.원천데이터/3. VTST/VT_ST_02_14600229.jpg,data/raw/steel/02.라벨링데이터/3. VTST/VT_ST_02_14600229.json,True,True,True,VT,ST,1280,720,defect,porosity,24,True
14600233,VT_ST_02_14600233,data/raw/steel/01.원천데이터/3. VTST/VT_ST_02_14600233.jpg,data/raw/steel/02.라벨링데이터/3. VTST/VT_ST_02_14600233.json,True,True,True,VT,ST,1280,720,defect,porosity,4,True
14600236,VT_ST_02_14600236,data/raw/steel/01.원천데이터/3. VTST/VT_ST_02_14600236.jpg,data/raw/steel/02.라벨링데이터/3. VTST/VT_ST_02_14600236.json,True,True,True,VT,ST,1280,720,defect,porosity,7,True
14600238,VT_ST_02_14600238,data/raw/steel/01.원천데이터/3. VTST/VT_ST_02_14600238.jpg,data/raw/steel/02.라벨링데이터/3. VTST/VT_ST_02_14600238.json,True,True,True,VT,ST,1280,720,defect,porosity,30,True
14600246,VT_ST_02_14600246,data/raw/steel/01.원천데이터/3. VTST/VT_ST_02_14600246.jpg,data/raw/steel/02.라벨링데이터/3. VTST/VT_ST_02_14600246.json,True,True,True,VT,ST,1280,720,defect,porosity,4,True
14600248,VT_ST_02_14600248,data/raw/steel/01.원천데이터/3. VTST/VT_ST_02_14600248.jpg,data/raw/steel/02.라벨링데이터/3. VTST/VT_ST_02_14600248.json,True,True,True,VT,ST,1280,720,defect,porosity,24,True
14600256,VT_ST_02_14600256,data/raw/steel/01.원천데이터/3. VTST/VT_ST_02_14600256.jpg,data/raw/steel/02.라벨링데이터/3. VTST/VT_ST_02_14600256.json,True,True,True,VT,ST,1280,720,defect,porosity,8,True
14600260,VT_ST_02_14600260,data/raw/steel/01.원천데이터/3. VTST/VT_ST_02_14600260.jpg,data/raw/steel/02.라벨링데이터/3. VTST/VT_ST_02_14600260.json,True,True,True,VT,ST,1280,720,defect,porosity,4,True
14600261,VT_ST_02_14600261,data/raw/steel/01.원천데이터/3. VTST/VT_ST_02_14600261.jpg,data/raw/steel/02.라벨링데이터/3. VTST/VT_ST_02_14600261.json,True,True,True,VT,ST,1280,720,defect,porosity,2,True
14600268,VT_ST_02_14600268,data/raw/steel/01.원천데이터/3. VTST/VT_ST_02_14600268.jpg,data/raw/steel/02.라벨링데이터/3. VTST/VT_ST_02_14600268.json,True,True,True,VT,ST,1280,720,defect,porosity,6,True
14600273,VT_ST_02_14600273,data/raw/steel/01.원천데이터/3. VTST/VT_ST_02_14600273.jpg,data/raw/steel/02.라벨링데이터/3. VTST/VT_ST_02_14600273.json,True,True,True,VT,ST,1280,720,defect,porosity,22,True
14600274,VT_ST_02_14600274,data/raw/steel/01.원천데이터/3. VTST/VT_ST_02_14600274.jpg,data/raw/steel/02.라벨링데이터/3. VTST/VT_ST_02_14600274.json,True,True,True,VT,ST,1280,720,defect,porosity,21,True
14600277,VT_ST_02_14600277,data/raw/steel/01.원천데이터/3. VTST/VT_ST_02_14600277.jpg,data/raw/steel/02.라벨링데이터/3. VTST/VT_ST_02_14600277.json,True,True,True,VT,ST,1280,720,defect,porosity,4,True
14600284,VT_ST_02_14600284,data/raw/steel/01.원천데이터/3. VTST/VT_ST_02_14600284.jpg,data/raw/steel/02.라벨링데이터/3. VTST/VT_ST_02_14600284.json,True,True,True,VT,ST,1280,720,defect,porosity,14,True
14600285,VT_ST_02_14600285,data/raw/steel/01.원천데이터/3. VTST/VT_ST_02_14600285.jpg,data/raw/steel/02.라벨링데이터/3. VTST/VT_ST_02_14600285.json,True,True,True,VT,ST,1280,720,defect,porosity,7,True
14600287,VT_ST_02_14600287,data/raw/steel/01.원천데이터/3. VTST/VT_ST_02_14600287.jpg,data/raw/steel/02.라벨링데이터/3. VTST/VT_ST_02_14600287.json,True,True,True,VT,ST,1280,720,defect,porosity,11,True
14600290,VT_ST_02_14600290,data/raw/steel/01.원천데이터/3. VTST/VT_ST_02_14600290.jpg,data/raw/steel/02.라벨링데이터/3. VTST/VT_ST_02_14600290.json,True,True,True,VT,ST,1280,720,defect,porosity,40,True
14600295,VT_ST_02_14600295,data/raw/steel/01.원천데이터/3. VTST/VT_ST_02_14600295.jpg,data/raw/steel/02.라벨링데이터/3. VTST/VT_ST_02_14600295.json,True,True,True,VT,ST,1280,720,defect,porosity,10,True
14600296,VT_ST_02_14600296,data/raw/steel/01.원천데이터/3. VTST/VT_ST_02_14600296.jpg,data/raw/steel/02.라벨링데이터/3. VTST/VT_ST_02_14600296.json,True,True,True,VT,ST,1280,720,defect,porosity,9,True
14600303,VT_ST_02_14600303,data/raw/steel/01.원천데이터/3. VTST/VT_ST_02_14600303.jpg,data/raw/steel/02.라벨링데이터/3. VTST/VT_ST_02_14600303.json,True,True,True,VT,ST,1280,720,defect,porosity,18,True
14600308,VT_ST_02_14600308,data/raw/steel/01.원천데이터/3. VTST/VT_ST_02_14600308.jpg,data/raw/steel/02.라벨링데이터/3. VTST/VT_ST_02_14600308.json,True,True,True,VT,ST,1280,720,defect,porosity,19,True
14600312,VT_ST_02_14600312,data/raw/steel/01.원천데이터/3. VTST/VT_ST_02_14600312.jpg,data/raw/steel/02.라벨링데이터/3. VTST/VT_ST_02_14600312.json,True,True,True,VT,ST,1280,720,defect,porosity,6,True
14600314,VT_ST_02_14600314,data/raw/steel/01.원천데이터/3. VTST/VT_ST_02_14600314.jpg,data/raw/steel/02.라벨링데이터/3. VTST/VT_ST_02_14600314.json,True,True,True,VT,ST,1280,720,defect,porosity,20,True
14600315,VT_ST_02_14600315,data/raw/steel/01.원천데이터/3. VTST/VT_ST_02_14600315.jpg,data/raw/steel/02.라벨링데이터/3. VTST/VT_ST_02_14600315.json,True,True,True,VT,ST,1280,720,defect,porosity,15,True
14600321,VT_ST_02_14600321,data/raw/steel/01.원천데이터/3. VTST/VT_ST_02_14600321.jpg,data/raw/steel/02.라벨링데이터/3. VTST/VT_ST_02_14600321.json,True,True,True,VT,ST,1280,720,defect,porosity,3,True
14600327,VT_ST_02_14600327,data/raw/steel/01.원천데이터/3. VTST/VT_ST_02_14600327.jpg,data/raw/steel/02.라벨링데이터/3. VTST/VT_ST_02_14600327.json,True,True,True,VT,ST,1280,720,defect,porosity,4,True
14600329,VT_ST_02_14600329,data/raw/steel/01.원천데이터/3. VTST/VT_ST_02_14600329.jpg,data/raw/steel/02.라벨링데이터/3. VTST/VT_ST_02_14600329.json,True,True,True,VT,ST,1280,720,defect,porosity,22,True
14600334,VT_ST_02_14600334,data/raw/steel/01.원천데이터/3. VTST/VT_ST_02_14600334.jpg,data/raw/steel/02.라벨링데이터/3. VTST/VT_ST_02_14600334.json,True,True,True,VT,ST,1280,720,defect,porosity,41,True
14600340,VT_ST_02_14600340,data/raw/steel/01.원천데이터/3. VTST/VT_ST_02_14600340.jpg,data/raw/steel/02.라벨링데이터/3. VTST/VT_ST_02_14600340.json,True,True,True,VT,ST,1280,720,defect,porosity,10,True
14600343,VT_ST_02_14600343,data/raw/steel/01.원천데이터/3. VTST/VT_ST_02_14600343.jpg,data/raw/steel/02.라벨링데이터/3. VTST/VT_ST_02_14600343.json,True,True,True,VT,ST,1280,720,defect,porosity,53,True
14600347,VT_ST_02_14600347,data/raw/steel/01.원천데이터/3. VTST/VT_ST_02_14600347.jpg,data/raw/steel/02.라벨링데이터/3. VTST/VT_ST_02_14600347.json,True,True,True,VT,ST,1280,720,defect,porosity,1,True
14600348,VT_ST_02_14600348,data/raw/steel/01.원천데이터/3. VTST/VT_ST_02_14600348.jpg,data/raw/steel/02.라벨링데이터/3. VTST/VT_ST_02_14600348.json,True,True,True,VT,ST,1280,720,defect,porosity,8,True
14600349,VT_ST_02_14600349,data/raw/steel/01.원천데이터/3. VTST/VT_ST_02_14600349.jpg,data/raw/steel/02.라벨링데이터/3. VTST/VT_ST_02_14600349.json,True,True,True,VT,ST,1280,720,defect,porosity,9,True
14600355,VT_ST_02_14600355,data/raw/steel/01.원천데이터/3. VTST/VT_ST_02_14600355.jpg,data/raw/steel/02.라벨링데이터/3. VTST/VT_ST_02_14600355.json,True,True,True,VT,ST,1280,720,defect,porosity,15,True
14600358,VT_ST_02_14600358,data/raw/steel/01.원천데이터/3. VTST/VT_ST_02_14600358.jpg,data/raw/steel/02.라벨링데이터/3. VTST/VT_ST_02_14600358.json,True,True,True,VT,ST,1280,720,defect,porosity,9,True
14600370,VT_ST_02_14600370,data/raw/steel/01.원천데이터/3. VTST/VT_ST_02_14600370.jpg,data/raw/steel/02.라벨링데이터/3. VTST/VT_ST_02_14600370.json,True,True,True,VT,ST,1280,720,defect,porosity,34,True
14600381,VT_ST_02_14600381,data/raw/steel/01.원천데이터/3. VTST/VT_ST_02_14600381.jpg,data/raw/steel/02.라벨링데이터/3. VTST/VT_ST_02_14600381.json,True,True,True,VT,ST,1280,720,defect,porosity,2,True
14600382,VT_ST_02_14600382,data/raw/steel/01.원천데이터/3. VTST/VT_ST_02_14600382.jpg,data/raw/steel/02.라벨링데이터/3. VTST/VT_ST_02_14600382.json,True,True,True,VT,ST,1280,720,defect,porosity,8,True
14600384,VT_ST_02_14600384,data/raw/steel/01.원천데이터/3. VTST/VT_ST_02_14600384.jpg,data/raw/steel/02.라벨링데이터/3. VTST/VT_ST_02_14600384.json,True,True,True,VT,ST,1280,720,defect,porosity,11,True
14600386,VT_ST_02_14600386,data/raw/steel/01.원천데이터/3. VTST/VT_ST_02_14600386.jpg,data/raw/steel/02.라벨링데이터/3. VTST/VT_ST_02_14600386.json,True,True,True,VT,ST,1280,720,defect,porosity,15,True
14600389,VT_ST_02_14600389,data/raw/steel/01.원천데이터/3. VTST/VT_ST_02_14600389.jpg,data/raw/steel/02.라벨링데이터/3. VTST/VT_ST_02_14600389.json,True,True,True,VT,ST,1280,720,defect,porosity,43,True
14600390,VT_ST_02_14600390,data/raw/steel/01.원천데이터/3. VTST/VT_ST_02_14600390.jpg,data/raw/steel/02.라벨링데이터/3. VTST/VT_ST_02_14600390.json,True,True,True,VT,ST,1280,720,defect,porosity,10,True
14600392,VT_ST_02_14600392,data/raw/steel/01.원천데이터/3. VTST/VT_ST_02_14600392.jpg,data/raw/steel/02.라벨링데이터/3. VTST/VT_ST_02_14600392.json,True,True,True,VT,ST,1280,720,defect,porosity,40,True
14600396,VT_ST_02_14600396,data/raw/steel/01.원천데이터/3. VTST/VT_ST_02_14600396.jpg,data/raw/steel/02.라벨링데이터/3. VTST/VT_ST_02_14600396.json,True,True,True,VT,ST,1280,720,defect,porosity,32,True
14600400,VT_ST_02_14600400,data/raw/steel/01.원천데이터/3. VTST/VT_ST_02_14600400.jpg,data/raw/steel/02.라벨링데이터/3. VTST/VT_ST_02_14600400.json,True,True,True,VT,ST,1280,720,defect,porosity,63,True
14600403,VT_ST_02_14600403,data/raw/steel/01.원천데이터/3. VTST/VT_ST_02_14600403.jpg,data/raw/steel/02.라벨링데이터/3. VTST/VT_ST_02_14600403.json,True,True,True,VT,ST,1280,720,defect,porosity,21,True
14600408,VT_ST_02_14600408,data/raw/steel/01.원천데이터/3. VTST/VT_ST_02_14600408.jpg,data/raw/steel/02.라벨링데이터/3. VTST/VT_ST_02_14600408.json,True,True,True,VT,ST,1280,720,defect,porosity,62,True
14600419,VT_ST_02_14600419,data/raw/steel/01.원천데이터/3. VTST/VT_ST_02_14600419.jpg,data/raw/steel/02.라벨링데이터/3. VTST/VT_ST_02_14600419.json,True,True,True,VT,ST,1280,720,defect,porosity,21,True
14600424,VT_ST_02_14600424,data/raw/steel/01.원천데이터/3. VTST/VT_ST_02_14600424.jpg,data/raw/steel/02.라벨링데이터/3. VTST/VT_ST_02_14600424.json,True,True,True,VT,ST,1280,720,defect,porosity,61,True
14600435,VT_ST_02_14600435,data/raw/steel/01.원천데이터/3. VTST/VT_ST_02_14600435.jpg,data/raw/steel/02.라벨링데이터/3. VTST/VT_ST_02_14600435.json,True,True,True,VT,ST,1280,720,defect,porosity,61,True
14600437,VT_ST_02_14600437,data/raw/steel/01.원천데이터/3. VTST/VT_ST_02_14600437.jpg,data/raw/steel/02.라벨링데이터/3. VTST/VT_ST_02_14600437.json,True,True,True,VT,ST,1280,720,defect,porosity,48,True
14600450,VT_ST_02_14600450,data/raw/steel/01.원천데이터/3. VTST/VT_ST_02_14600450.jpg,data/raw/steel/02.라벨링데이터/3. VTST/VT_ST_02_14600450.json,True,True,True,VT,ST,1280,720,defect,porosity,33,True
14600452,VT_ST_02_14600452,data/raw/steel/01.원천데이터/3. VTST/VT_ST_02_14600452.jpg,data/raw/steel/02.라벨링데이터/3. VTST/VT_ST_02_14600452.json,True,True,True,VT,ST,1280,720,defect,porosity,36,True
14600462,VT_ST_02_14600462,data/raw/steel/01.원천데이터/3. VTST/VT_ST_02_14600462.jpg,data/raw/steel/02.라벨링데이터/3. VTST/VT_ST_02_14600462.json,True,True,True,VT,ST,1280,720,defect,porosity,29,True
14600474,VT_ST_02_14600474,data/raw/steel/01.원천데이터/3. VTST/VT_ST_02_14600474.jpg,data/raw/steel/02.라벨링데이터/3. VTST/VT_ST_02_14600474.json,True,True,True,VT,ST,1280,720,defect,porosity,38,True
14600480,VT_ST_02_14600480,data/raw/steel/01.원천데이터/3. VTST/VT_ST_02_14600480.jpg,data/raw/steel/02.라벨링데이터/3. VTST/VT_ST_02_14600480.json,True,True,True,VT,ST,1280,720,defect,porosity,52,True
14600485,VT_ST_02_14600485,data/raw/steel/01.원천데이터/3. VTST/VT_ST_02_14600485.jpg,data/raw/steel/02.라벨링데이터/3. VTST/VT_ST_02_14600485.json,True,True,True,VT,ST,1280,720,defect,porosity,46,True
14600486,VT_ST_02_14600486,data/raw/steel/01.원천데이터/3. VTST/VT_ST_02_14600486.jpg,data/raw/steel/02.라벨링데이터/3. VTST/VT_ST_02_14600486.json,True,True,True,VT,ST,1280,720,defect,porosity,72,True
14600494,VT_ST_02_14600494,data/raw/steel/01.원천데이터/3. VTST/VT_ST_02_14600494.jpg,data/raw/steel/02.라벨링데이터/3. VTST/VT_ST_02_14600494.json,True,True,True,VT,ST,1280,720,defect,porosity,62,True
14600498,VT_ST_02_14600498,data/raw/steel/01.원천데이터/3. VTST/VT_ST_02_14600498.jpg,data/raw/steel/02.라벨링데이터/3. VTST/VT_ST_02_14600498.json,True,True,True,VT,ST,1280,720,defect,porosity,98,True
14600500,VT_ST_02_14600500,data/raw/steel/01.원천데이터/3. VTST/VT_ST_02_14600500.jpg,data/raw/steel/02.라벨링데이터/3. VTST/VT_ST_02_14600500.json,True,True,True,VT,ST,1280,720,defect,porosity,46,True
14600501,VT_ST_02_14600501,data/raw/steel/01.원천데이터/3. VTST/VT_ST_02_14600501.jpg,data/raw/steel/02.라벨링데이터/3. VTST/VT_ST_02_14600501.json,True,True,True,VT,ST,1280,720,defect,porosity,37,True
14600503,VT_ST_02_14600503,data/raw/steel/01.원천데이터/3. VTST/VT_ST_02_14600503.jpg,data/raw/steel/02.라벨링데이터/3. VTST/VT_ST_02_14600503.json,True,True,True,VT,ST,1280,720,defect,porosity,14,True
14600506,VT_ST_02_14600506,data/raw/steel/01.원천데이터/3. VTST/VT_ST_02_14600506.jpg,data/raw/steel/02.라벨링데이터/3. VTST/VT_ST_02_14600506.json,True,True,True,VT,ST,1280,720,defect,porosity,61,True
14600513,VT_ST_02_14600513,data/raw/steel/01.원천데이터/3. VTST/VT_ST_02_14600513.jpg,data/raw/steel/02.라벨링데이터/3. VTST/VT_ST_02_14600513.json,True,True,True,VT,ST,1280,720,defect,porosity,24,True
14600517,VT_ST_02_14600517,data/raw/steel/01.원천데이터/3. VTST/VT_ST_02_14600517.jpg,data/raw/steel/02.라벨링데이터/3. VTST/VT_ST_02_14600517.json,True,True,True,VT,ST,1280,720,defect,porosity,46,True
14600529,VT_ST_02_14600529,data/raw/steel/01.원천데이터/3. VTST/VT_ST_02_14600529.jpg,data/raw/steel/02.라벨링데이터/3. VTST/VT_ST_02_14600529.json,True,True,True,VT,ST,1280,720,defect,porosity,57,True
14600562,VT_ST_02_14600562,data/raw/steel/01.원천데이터/3. VTST/VT_ST_02_14600562.jpg,data/raw/steel/02.라벨링데이터/3. VTST/VT_ST_02_14600562.json,True,True,True,VT,ST,1280,720,defect,porosity,34,True
14600564,VT_ST_02_14600564,data/raw/steel/01.원천데이터/3. VTST/VT_ST_02_14600564.jpg,data/raw/steel/02.라벨링데이터/3. VTST/VT_ST_02_14600564.json,True,True,True,VT,ST,1280,720,defect,porosity,45,True
14600565,VT_ST_02_14600565,data/raw/steel/01.원천데이터/3. VTST/VT_ST_02_14600565.jpg,data/raw/steel/02.라벨링데이터/3. VTST/VT_ST_02_14600565.json,True,True,True,VT,ST,1280,720,defect,porosity,45,True
14600572,VT_ST_02_14600572,data/raw/steel/01.원천데이터/3. VTST/VT_ST_02_14600572.jpg,data/raw/steel/02.라벨링데이터/3. VTST/VT_ST_02_14600572.json,True,True,True,VT,ST,1280,720,defect,porosity,24,True
14600576,VT_ST_02_14600576,data/raw/steel/01.원천데이터/3. VTST/VT_ST_02_14600576.jpg,data/raw/steel/02.라벨링데이터/3. VTST/VT_ST_02_14600576.json,True,True,True,VT,ST,1280,720,defect,porosity,28,True
14600580,VT_ST_02_14600580,data/raw/steel/01.원천데이터/3. VTST/VT_ST_02_14600580.jpg,data/raw/steel/02.라벨링데이터/3. VTST/VT_ST_02_14600580.json,True,True,True,VT,ST,1280,720,defect,porosity,33,True
14600586,VT_ST_02_14600586,data/raw/steel/01.원천데이터/3. VTST/VT_ST_02_14600586.jpg,data/raw/steel/02.라벨링데이터/3. VTST/VT_ST_02_14600586.json,True,True,True,VT,ST,1280,720,defect,porosity,54,True
14600589,VT_ST_02_14600589,data/raw/steel/01.원천데이터/3. VTST/VT_ST_02_14600589.jpg,data/raw/steel/02.라벨링데이터/3. VTST/VT_ST_02_14600589.json,True,True,True,VT,ST,1280,720,defect,porosity,21,True
14600594,VT_ST_02_14600594,data/raw/steel/01.원천데이터/3. VTST/VT_ST_02_14600594.jpg,data/raw/steel/02.라벨링데이터/3. VTST/VT_ST_02_14600594.json,True,True,True,VT,ST,1280,720,defect,porosity,14,True
14600595,VT_ST_02_14600595,data/raw/steel/01.원천데이터/3. VTST/VT_ST_02_14600595.jpg,data/raw/steel/02.라벨링데이터/3. VTST/VT_ST_02_14600595.json,True,True,True,VT,ST,1280,720,defect,porosity,53,True
14600600,VT_ST_02_14600600,data/raw/steel/01.원천데이터/3. VTST/VT_ST_02_14600600.jpg,data/raw/steel/02.라벨링데이터/3. VTST/VT_ST_02_14600600.json,True,True,True,VT,ST,1280,720,defect,porosity,49,True
14600609,VT_ST_02_14600609,data/raw/steel/01.원천데이터/3. VTST/VT_ST_02_14600609.jpg,data/raw/steel/02.라벨링데이터/3. VTST/VT_ST_02_14600609.json,True,True,True,VT,ST,1280,720,defect,porosity,35,True
14600611,VT_ST_02_14600611,data/raw/steel/01.원천데이터/3. VTST/VT_ST_02_14600611.jpg,data/raw/steel/02.라벨링데이터/3. VTST/VT_ST_02_14600611.json,True,True,True,VT,ST,1280,720,defect,porosity,41,True
14600613,VT_ST_02_14600613,data/raw/steel/01.원천데이터/3. VTST/VT_ST_02_14600613.jpg,data/raw/steel/02.라벨링데이터/3. VTST/VT_ST_02_14600613.json,True,True,True,VT,ST,1280,720,defect,porosity,27,True
14600616,VT_ST_02_14600616,data/raw/steel/01.원천데이터/3. VTST/VT_ST_02_14600616.jpg,data/raw/steel/02.라벨링데이터/3. VTST/VT_ST_02_14600616.json,True,True,True,VT,ST,1280,720,defect,porosity,58,True
14600624,VT_ST_02_14600624,data/raw/steel/01.원천데이터/3. VTST/VT_ST_02_14600624.jpg,data/raw/steel/02.라벨링데이터/3. VTST/VT_ST_02_14600624.json,True,True,True,VT,ST,1280,720,defect,porosity,20,True
14600626,VT_ST_02_14600626,data/raw/steel/01.원천데이터/3. VTST/VT_ST_02_14600626.jpg,data/raw/steel/02.라벨링데이터/3. VTST/VT_ST_02_14600626.json,True,True,True,VT,ST,1280,720,defect,porosity,19,True
14600627,VT_ST_02_14600627,data/raw/steel/01.원천데이터/3. VTST/VT_ST_02_14600627.jpg,data/raw/steel/02.라벨링데이터/3. VTST/VT_ST_02_14600627.json,True,True,True,VT,ST,1280,720,defect,porosity,43,True
14600649,VT_ST_02_14600649,data/raw/steel/01.원천데이터/3. VTST/VT_ST_02_14600649.jpg,data/raw/steel/02.라벨링데이터/3. VTST/VT_ST_02_14600649.json,True,True,True,VT,ST,1280,720,defect,porosity,55,True
14600651,VT_ST_02_14600651,data/raw/steel/01.원천데이터/3. VTST/VT_ST_02_14600651.jpg,data/raw/steel/02.라벨링데이터/3. VTST/VT_ST_02_14600651.json,True,True,True,VT,ST,1280,720,defect,porosity,29,True
14600655,VT_ST_02_14600655,data/raw/steel/01.원천데이터/3. VTST/VT_ST_02_14600655.jpg,data/raw/steel/02.라벨링데이터/3. VTST/VT_ST_02_14600655.json,True,True,True,VT,ST,1280,720,defect,porosity,29,True
14600662,VT_ST_02_14600662,data/raw/steel/01.원천데이터/3. VTST/VT_ST_02_14600662.jpg,data/raw/steel/02.라벨링데이터/3. VTST/VT_ST_02_14600662.json,True,True,True,VT,ST,1280,720,defect,porosity,61,True
14600666,VT_ST_02_14600666,data/raw/steel/01.원천데이터/3. VTST/VT_ST_02_14600666.jpg,data/raw/steel/02.라벨링데이터/3. VTST/VT_ST_02_14600666.json,True,True,True,VT,ST,1280,720,defect,porosity,53,True
14600679,VT_ST_02_14600679,data/raw/steel/01.원천데이터/3. VTST/VT_ST_02_14600679.jpg,data/raw/steel/02.라벨링데이터/3. VTST/VT_ST_02_14600679.json,True,True,True,VT,ST,1280,720,defect,porosity,21,True
14600686,VT_ST_02_14600686,data/raw/steel/01.원천데이터/3. VTST/VT_ST_02_14600686.jpg,data/raw/steel/02.라벨링데이터/3. VTST/VT_ST_02_14600686.json,True,True,True,VT,ST,1280,720,defect,porosity,40,True
14600689,VT_ST_02_14600689,data/raw/steel/01.원천데이터/3. VTST/VT_ST_02_14600689.jpg,data/raw/steel/02.라벨링데이터/3. VTST/VT_ST_02_14600689.json,True,True,True,VT,ST,1280,720,defect,porosity,19,True
14600691,VT_ST_02_14600691,data/raw/steel/01.원천데이터/3. VTST/VT_ST_02_14600691.jpg,data/raw/steel/02.라벨링데이터/3. VTST/VT_ST_02_14600691.json,True,True,True,VT,ST,1280,720,defect,porosity,53,True
14601311,VT_ST_03_14601311,data/raw/steel/01.원천데이터/3. VTST/VT_ST_03_14601311.jpg,data/raw/steel/02.라벨링데이터/3. VTST/VT_ST_03_14601311.json,True,True,True,VT,ST,1280,720,defect,incomplete penetration,2,True
14601322,VT_ST_03_14601322,data/raw/steel/01.원천데이터/3. VTST/VT_ST_03_14601322.jpg,data/raw/steel/02.라벨링데이터/3. VTST/VT_ST_03_14601322.json,True,True,True,VT,ST,1280,720,defect,incomplete penetration,1,True
14601331,VT_ST_03_14601331,data/raw/steel/01.원천데이터/3. VTST/VT_ST_03_14601331.jpg,data/raw/steel/02.라벨링데이터/3. VTST/VT_ST_03_14601331.json,True,True,True,VT,ST,1280,720,defect,incomplete penetration,2,True
14601341,VT_ST_03_14601341,data/raw/steel/01.원천데이터/3. VTST/VT_ST_03_14601341.jpg,data/raw/steel/02.라벨링데이터/3. VTST/VT_ST_03_14601341.json,True,True,True,VT,ST,1280,720,defect,incomplete penetration,2,True
14601354,VT_ST_03_14601354,data/raw/steel/01.원천데이터/3. VTST/VT_ST_03_14601354.jpg,data/raw/steel/02.라벨링데이터/3. VTST/VT_ST_03_14601354.json,True,True,True,VT,ST,1280,720,defect,incomplete penetration,1,True
14601367,VT_ST_03_14601367,data/raw/steel/01.원천데이터/3. VTST/VT_ST_03_14601367.jpg,data/raw/steel/02.라벨링데이터/3. VTST/VT_ST_03_14601367.json,True,True,True,VT,ST,1280,720,defect,incomplete penetration,1,True
14601375,VT_ST_03_14601375,data/raw/steel/01.원천데이터/3. VTST/VT_ST_03_14601375.jpg,data/raw/steel/02.라벨링데이터/3. VTST/VT_ST_03_14601375.json,True,True,True,VT,ST,1280,720,defect,incomplete penetration,2,True
14601397,VT_ST_03_14601397,data/raw/steel/01.원천데이터/3. VTST/VT_ST_03_14601397.jpg,data/raw/steel/02.라벨링데이터/3. VTST/VT_ST_03_14601397.json,True,True,True,VT,ST,1280,720,defect,incomplete penetration,2,True
14601401,VT_ST_03_14601401,data/raw/steel/01.원천데이터/3. VTST/VT_ST_03_14601401.jpg,data/raw/steel/02.라벨링데이터/3. VTST/VT_ST_03_14601401.json,True,True,True,VT,ST,1280,720,defect,incomplete penetration,1,True
14601422,VT_ST_03_14601422,data/raw/steel/01.원천데이터/3. VTST/VT_ST_03_14601422.jpg,data/raw/steel/02.라벨링데이터/3. VTST/VT_ST_03_14601422.json,True,True,True,VT,ST,1280,720,defect,incomplete penetration,1,True
14601426,VT_ST_03_14601426,data/raw/steel/01.원천데이터/3. VTST/VT_ST_03_14601426.jpg,data/raw/steel/02.라벨링데이터/3. VTST/VT_ST_03_14601426.json,True,True,True,VT,ST,1280,720,defect,incomplete penetration,1,True
14601432,VT_ST_03_14601432,data/raw/steel/01.원천데이터/3. VTST/VT_ST_03_14601432.jpg,data/raw/steel/02.라벨링데이터/3. VTST/VT_ST_03_14601432.json,True,True,True,VT,ST,1280,720,defect,incomplete penetration,2,True
14601456,VT_ST_03_14601456,data/raw/steel/01.원천데이터/3. VTST/VT_ST_03_14601456.jpg,data/raw/steel/02.라벨링데이터/3. VTST/VT_ST_03_14601456.json,True,True,True,VT,ST,1280,720,defect,incomplete penetration,1,True
14601468,VT_ST_03_14601468,data/raw/steel/01.원천데이터/3. VTST/VT_ST_03_14601468.jpg,data/raw/steel/02.라벨링데이터/3. VTST/VT_ST_03_14601468.json,True,True,True,VT,ST,1280,720,defect,incomplete penetration,2,True
14601472,VT_ST_03_14601472,data/raw/steel/01.원천데이터/3. VTST/VT_ST_03_14601472.jpg,data/raw/steel/02.라벨링데이터/3. VTST/VT_ST_03_14601472.json,True,True,True,VT,ST,1280,720,defect,incomplete penetration,1,True
14601478,VT_ST_03_14601478,data/raw/steel/01.원천데이터/3. VTST/VT_ST_03_14601478.jpg,data/raw/steel/02.라벨링데이터/3. VTST/VT_ST_03_14601478.json,True,True,True,VT,ST,1280,720,defect,incomplete penetration,1,True
14601491,VT_ST_03_14601491,data/raw/steel/01.원천데이터/3. VTST/VT_ST_03_14601491.jpg,data/raw/steel/02.라벨링데이터/3. VTST/VT_ST_03_14601491.json,True,True,True,VT,ST,1280,720,defect,incomplete penetration,1,True
14601501,VT_ST_03_14601501,data/raw/steel/01.원천데이터/3. VTST/VT_ST_03_14601501.jpg,data/raw/steel/02.라벨링데이터/3. VTST/VT_ST_03_14601501.json,True,True,True,VT,ST,1280,720,defect,incomplete penetration,1,True
14601502,VT_ST_03_14601502,data/raw/steel/01.원천데이터/3. VTST/VT_ST_03_14601502.jpg,data/raw/steel/02.라벨링데이터/3. VTST/VT_ST_03_14601502.json,True,True,True,VT,ST,1280,720,defect,incomplete penetration,1,True
14601512,VT_ST_03_14601512,data/raw/steel/01.원천데이터/3. VTST/VT_ST_03_14601512.jpg,data/raw/steel/02.라벨링데이터/3. VTST/VT_ST_03_14601512.json,True,True,True,VT,ST,1280,720,defect,incomplete penetration,2,True
14601514,VT_ST_03_14601514,data/raw/steel/01.원천데이터/3. VTST/VT_ST_03_14601514.jpg,data/raw/steel/02.라벨링데이터/3. VTST/VT_ST_03_14601514.json,True,True,True,VT,ST,1280,720,defect,incomplete penetration,1,True
14601517,VT_ST_03_14601517,data/raw/steel/01.원천데이터/3. VTST/VT_ST_03_14601517.jpg,data/raw/steel/02.라벨링데이터/3. VTST/VT_ST_03_14601517.json,True,True,True,VT,ST,1280,720,defect,incomplete penetration,1,True
14601519,VT_ST_03_14601519,data/raw/steel/01.원천데이터/3. VTST/VT_ST_03_14601519.jpg,data/raw/steel/02.라벨링데이터/3. VTST/VT_ST_03_14601519.json,True,True,True,VT,ST,1280,720,defect,incomplete penetration,2,True
14601529,VT_ST_03_14601529,data/raw/steel/01.원천데이터/3. VTST/VT_ST_03_14601529.jpg,data/raw/steel/02.라벨링데이터/3. VTST/VT_ST_03_14601529.json,True,True,True,VT,ST,1280,720,defect,incomplete penetration,2,True
14601543,VT_ST_03_14601543,data/raw/steel/01.원천데이터/3. VTST/VT_ST_03_14601543.jpg,data/raw/steel/02.라벨링데이터/3. VTST/VT_ST_03_14601543.json,True,True,True,VT,ST,1280,720,defect,incomplete penetration,1,True
14601548,VT_ST_03_14601548,data/raw/steel/01.원천데이터/3. VTST/VT_ST_03_14601548.jpg,data/raw/steel/02.라벨링데이터/3. VTST/VT_ST_03_14601548.json,True,True,True,VT,ST,1280,720,defect,incomplete penetration,1,True
14601549,VT_ST_03_14601549,data/raw/steel/01.원천데이터/3. VTST/VT_ST_03_14601549.jpg,data/raw/steel/02.라벨링데이터/3. VTST/VT_ST_03_14601549.json,True,True,True,VT,ST,1280,720,defect,incomplete penetration,1,True
14601554,VT_ST_03_14601554,data/raw/steel/01.원천데이터/3. VTST/VT_ST_03_14601554.jpg,data/raw/steel/02.라벨링데이터/3. VTST/VT_ST_03_14601554.json,True,True,True,VT,ST,1280,720,defect,incomplete penetration,1,True
14601592,VT_ST_03_14601592,data/raw/steel/01.원천데이터/3. VTST/VT_ST_03_14601592.jpg,data/raw/steel/02.라벨링데이터/3. VTST/VT_ST_03_14601592.json,True,True,True,VT,ST,1280,720,defect,incomplete penetration,2,True
14601593,VT_ST_03_14601593,data/raw/steel/01.원천데이터/3. VTST/VT_ST_03_14601593.jpg,data/raw/steel/02.라벨링데이터/3. VTST/VT_ST_03_14601593.json,True,True,True,VT,ST,1280,720,defect,incomplete penetration,2,True
14601594,VT_ST_03_14601594,data/raw/steel/01.원천데이터/3. VTST/VT_ST_03_14601594.jpg,data/raw/steel/02.라벨링데이터/3. VTST/VT_ST_03_14601594.json,True,True,True,VT,ST,1280,720,defect,incomplete penetration,2,True
14601601,VT_ST_03_14601601,data/raw/steel/01.원천데이터/3. VTST/VT_ST_03_14601601.jpg,data/raw/steel/02.라벨링데이터/3. VTST/VT_ST_03_14601601.json,True,True,True,VT,ST,1280,720,defect,incomplete penetration,2,True
14601617,VT_ST_03_14601617,data/raw/steel/01.원천데이터/3. VTST/VT_ST_03_14601617.jpg,data/raw/steel/02.라벨링데이터/3. VTST/VT_ST_03_14601617.json,True,True,True,VT,ST,1280,720,defect,incomplete penetration,1,True
14601628,VT_ST_03_14601628,data/raw/steel/01.원천데이터/3. VTST/VT_ST_03_14601628.jpg,data/raw/steel/02.라벨링데이터/3. VTST/VT_ST_03_14601628.json,True,True,True,VT,ST,1280,720,defect,incomplete penetration,1,True
14601640,VT_ST_03_14601640,data/raw/steel/01.원천데이터/3. VTST/VT_ST_03_14601640.jpg,data/raw/steel/02.라벨링데이터/3. VTST/VT_ST_03_14601640.json,True,True,True,VT,ST,1280,720,defect,incomplete penetration,2,True
14601654,VT_ST_03_14601654,data/raw/steel/01.원천데이터/3. VTST/VT_ST_03_14601654.jpg,data/raw/steel/02.라벨링데이터/3. VTST/VT_ST_03_14601654.json,True,True,True,VT,ST,1280,720,defect,incomplete penetration,1,True
14601656,VT_ST_03_14601656,data/raw/steel/01.원천데이터/3. VTST/VT_ST_03_14601656.jpg,data/raw/steel/02.라벨링데이터/3. VTST/VT_ST_03_14601656.json,True,True,True,VT,ST,1280,720,defect,incomplete penetration,2,True
14601677,VT_ST_03_14601677,data/raw/steel/01.원천데이터/3. VTST/VT_ST_03_14601677.jpg,data/raw/steel/02.라벨링데이터/3. VTST/VT_ST_03_14601677.json,True,True,True,VT,ST,1280,720,defect,incomplete penetration,2,True
14601681,VT_ST_03_14601681,data/raw/steel/01.원천데이터/3. VTST/VT_ST_03_14601681.jpg,data/raw/steel/02.라벨링데이터/3. VTST/VT_ST_03_14601681.json,True,True,True,VT,ST,1280,720,defect,incomplete penetration,2,True
14601693,VT_ST_03_14601693,data/raw/steel/01.원천데이터/3. VTST/VT_ST_03_14601693.jpg,data/raw/steel/02.라벨링데이터/3. VTST/VT_ST_03_14601693.json,True,True,True,VT,ST,1280,720,defect,incomplete penetration,3,True
14601694,VT_ST_03_14601694,data/raw/steel/01.원천데이터/3. VTST/VT_ST_03_14601694.jpg,data/raw/steel/02.라벨링데이터/3. VTST/VT_ST_03_14601694.json,True,True,True,VT,ST,1280,720,defect,incomplete penetration,2,True
14601712,VT_ST_03_14601712,data/raw/steel/01.원천데이터/3. VTST/VT_ST_03_14601712.jpg,data/raw/steel/02.라벨링데이터/3. VTST/VT_ST_03_14601712.json,True,True,True,VT,ST,1280,720,defect,incomplete penetration,1,True
14601720,VT_ST_03_14601720,data/raw/steel/01.원천데이터/3. VTST/VT_ST_03_14601720.jpg,data/raw/steel/02.라벨링데이터/3. VTST/VT_ST_03_14601720.json,True,True,True,VT,ST,1280,720,defect,incomplete penetration,1,True
14601744,VT_ST_03_14601744,data/raw/steel/01.원천데이터/3. VTST/VT_ST_03_14601744.jpg,data/raw/steel/02.라벨링데이터/3. VTST/VT_ST_03_14601744.json,True,True,True,VT,ST,1280,720,defect,incomplete penetration,1,True
14601748,VT_ST_03_14601748,data/raw/steel/01.원천데이터/3. VTST/VT_ST_03_14601748.jpg,data/raw/steel/02.라벨링데이터/3. VTST/VT_ST_03_14601748.json,True,True,True,VT,ST,1280,720,defect,incomplete penetration,1,True
14601755,VT_ST_03_14601755,data/raw/steel/01.원천데이터/3. VTST/VT_ST_03_14601755.jpg,data/raw/steel/02.라벨링데이터/3. VTST/VT_ST_03_14601755.json,True,True,True,VT,ST,1280,720,defect,incomplete penetration,2,True
14601765,VT_ST_03_14601765,data/raw/steel/01.원천데이터/3. VTST/VT_ST_03_14601765.jpg,data/raw/steel/02.라벨링데이터/3. VTST/VT_ST_03_14601765.json,True,True,True,VT,ST,1280,720,defect,incomplete penetration,2,True
14601791,VT_ST_03_14601791,data/raw/steel/01.원천데이터/3. VTST/VT_ST_03_14601791.jpg,data/raw/steel/02.라벨링데이터/3. VTST/VT_ST_03_14601791.json,True,True,True,VT,ST,1280,720,defect,incomplete penetration,1,True
14601802,VT_ST_03_14601802,data/raw/steel/01.원천데이터/3. VTST/VT_ST_03_14601802.jpg,data/raw/steel/02.라벨링데이터/3. VTST/VT_ST_03_14601802.json,True,True,True,VT,ST,1280,720,defect,incomplete penetration,2,True
14601810,VT_ST_03_14601810,data/raw/steel/01.원천데이터/3. VTST/VT_ST_03_14601810.jpg,data/raw/steel/02.라벨링데이터/3. VTST/VT_ST_03_14601810.json,True,True,True,VT,ST,1280,720,defect,incomplete penetration,2,True
14601824,VT_ST_03_14601824,data/raw/steel/01.원천데이터/3. VTST/VT_ST_03_14601824.jpg,data/raw/steel/02.라벨링데이터/3. VTST/VT_ST_03_14601824.json,True,True,True,VT,ST,1280,720,defect,incomplete penetration,1,True
14601830,VT_ST_03_14601830,data/raw/steel/01.원천데이터/3. VTST/VT_ST_03_14601830.jpg,data/raw/steel/02.라벨링데이터/3. VTST/VT_ST_03_14601830.json,True,True,True,VT,ST,1280,720,defect,incomplete penetration,1,True
14601833,VT_ST_03_14601833,data/raw/steel/01.원천데이터/3. VTST/VT_ST_03_14601833.jpg,data/raw/steel/02.라벨링데이터/3. VTST/VT_ST_03_14601833.json,True,True,True,VT,ST,1280,720,defect,incomplete penetration,2,True
14601846,VT_ST_03_14601846,data/raw/steel/01.원천데이터/3. VTST/VT_ST_03_14601846.jpg,data/raw/steel/02.라벨링데이터/3. VTST/VT_ST_03_14601846.json,True,True,True,VT,ST,1280,720,defect,incomplete penetration,1,True
14601850,VT_ST_03_14601850,data/raw/steel/01.원천데이터/3. VTST/VT_ST_03_14601850.jpg,data/raw/steel/02.라벨링데이터/3. VTST/VT_ST_03_14601850.json,True,True,True,VT,ST,1280,720,defect,incomplete penetration,1,True
14601867,VT_ST_03_14601867,data/raw/steel/01.원천데이터/3. VTST/VT_ST_03_14601867.jpg,data/raw/steel/02.라벨링데이터/3. VTST/VT_ST_03_14601867.json,True,True,True,VT,ST,1280,720,defect,incomplete penetration,1,True
14601868,VT_ST_03_14601868,data/raw/steel/01.원천데이터/3. VTST/VT_ST_03_14601868.jpg,data/raw/steel/02.라벨링데이터/3. VTST/VT_ST_03_14601868.json,True,True,True,VT,ST,1280,720,defect,incomplete penetration,2,True
14601883,VT_ST_03_14601883,data/raw/steel/01.원천데이터/3. VTST/VT_ST_03_14601883.jpg,data/raw/steel/02.라벨링데이터/3. VTST/VT_ST_03_14601883.json,True,True,True,VT,ST,1280,720,defect,incomplete penetration,1,True
14601884,VT_ST_03_14601884,data/raw/steel/01.원천데이터/3. VTST/VT_ST_03_14601884.jpg,data/raw/steel/02.라벨링데이터/3. VTST/VT_ST_03_14601884.json,True,True,True,VT,ST,1280,720,defect,incomplete penetration,2,True
14601908,VT_ST_03_14601908,data/raw/steel/01.원천데이터/3. VTST/VT_ST_03_14601908.jpg,data/raw/steel/02.라벨링데이터/3. VTST/VT_ST_03_14601908.json,True,True,True,VT,ST,1280,720,defect,incomplete penetration,2,True
14601911,VT_ST_03_14601911,data/raw/steel/01.원천데이터/3. VTST/VT_ST_03_14601911.jpg,data/raw/steel/02.라벨링데이터/3. VTST/VT_ST_03_14601911.json,True,True,True,VT,ST,1280,720,defect,incomplete penetration,2,True
14601912,VT_ST_03_14601912,data/raw/steel/01.원천데이터/3. VTST/VT_ST_03_14601912.jpg,data/raw/steel/02.라벨링데이터/3. VTST/VT_ST_03_14601912.json,True,True,True,VT,ST,1280,720,defect,incomplete penetration,2,True
14601915,VT_ST_03_14601915,data/raw/steel/01.원천데이터/3. VTST/VT_ST_03_14601915.jpg,data/raw/steel/02.라벨링데이터/3. VTST/VT_ST_03_14601915.json,True,True,True,VT,ST,1280,720,defect,incomplete penetration,1,True
14601916,VT_ST_03_14601916,data/raw/steel/01.원천데이터/3. VTST/VT_ST_03_14601916.jpg,data/raw/steel/02.라벨링데이터/3. VTST/VT_ST_03_14601916.json,True,True,True,VT,ST,1280,720,defect,incomplete penetration,1,True
14601929,VT_ST_03_14601929,data/raw/steel/01.원천데이터/3. VTST/VT_ST_03_14601929.jpg,data/raw/steel/02.라벨링데이터/3. VTST/VT_ST_03_14601929.json,True,True,True,VT,ST,1280,720,defect,incomplete penetration,2,True
14601933,VT_ST_03_14601933,data/raw/steel/01.원천데이터/3. VTST/VT_ST_03_14601933.jpg,data/raw/steel/02.라벨링데이터/3. VTST/VT_ST_03_14601933.json,True,True,True,VT,ST,1280,720,defect,incomplete penetration,1,True
14601939,VT_ST_03_14601939,data/raw/steel/01.원천데이터/3. VTST/VT_ST_03_14601939.jpg,data/raw/steel/02.라벨링데이터/3. VTST/VT_ST_03_14601939.json,True,True,True,VT,ST,1280,720,defect,incomplete penetration,1,True
14601947,VT_ST_03_14601947,data/raw/steel/01.원천데이터/3. VTST/VT_ST_03_14601947.jpg,data/raw/steel/02.라벨링데이터/3. VTST/VT_ST_03_14601947.json,True,True,True,VT,ST,1280,720,defect,incomplete penetration,2,True
14601950,VT_ST_03_14601950,data/raw/steel/01.원천데이터/3. VTST/VT_ST_03_14601950.jpg,data/raw/steel/02.라벨링데이터/3. VTST/VT_ST_03_14601950.json,True,True,True,VT,ST,1280,720,defect,incomplete penetration,2,True
14601951,VT_ST_03_14601951,data/raw/steel/01.원천데이터/3. VTST/VT_ST_03_14601951.jpg,data/raw/steel/02.라벨링데이터/3. VTST/VT_ST_03_14601951.json,True,True,True,VT,ST,1280,720,defect,incomplete penetration,1,True
14601953,VT_ST_03_14601953,data/raw/steel/01.원천데이터/3. VTST/VT_ST_03_14601953.jpg,data/raw/steel/02.라벨링데이터/3. VTST/VT_ST_03_14601953.json,True,True,True,VT,ST,1280,720,defect,incomplete penetration,1,True
14601979,VT_ST_03_14601979,data/raw/steel/01.원천데이터/3. VTST/VT_ST_03_14601979.jpg,data/raw/steel/02.라벨링데이터/3. VTST/VT_ST_03_14601979.json,True,True,True,VT,ST,1280,720,defect,incomplete penetration,2,True
14601983,VT_ST_03_14601983,data/raw/steel/01.원천데이터/3. VTST/VT_ST_03_14601983.jpg,data/raw/steel/02.라벨링데이터/3. VTST/VT_ST_03_14601983.json,True,True,True,VT,ST,1280,720,defect,incomplete penetration,2,True
14601993,VT_ST_03_14601993,data/raw/steel/01.원천데이터/3. VTST/VT_ST_03_14601993.jpg,data/raw/steel/02.라벨링데이터/3. VTST/VT_ST_03_14601993.json,True,True,True,VT,ST,1280,720,defect,incomplete penetration,1,True
14601998,VT_ST_03_14601998,data/raw/steel/01.원천데이터/3. VTST/VT_ST_03_14601998.jpg,data/raw/steel/02.라벨링데이터/3. VTST/VT_ST_03_14601998.json,True,True,True,VT,ST,1280,720,defect,incomplete penetration,2,True
14601999,VT_ST_03_14601999,data/raw/steel/01.원천데이터/3. VTST/VT_ST_03_14601999.jpg,data/raw/steel/02.라벨링데이터/3. VTST/VT_ST_03_14601999.json,True,True,True,VT,ST,1280,720,defect,incomplete penetration,1,True
14602003,VT_ST_03_14602003,data/raw/steel/01.원천데이터/3. VTST/VT_ST_03_14602003.jpg,data/raw/steel/02.라벨링데이터/3. VTST/VT_ST_03_14602003.json,True,True,True,VT,ST,1280,720,defect,incomplete penetration,2,True
14602011,VT_ST_03_14602011,data/raw/steel/01.원천데이터/3. VTST/VT_ST_03_14602011.jpg,data/raw/steel/02.라벨링데이터/3. VTST/VT_ST_03_14602011.json,True,True,True,VT,ST,1280,720,defect,incomplete penetration,2,True
14602035,VT_ST_03_14602035,data/raw/steel/01.원천데이터/3. VTST/VT_ST_03_14602035.jpg,data/raw/steel/02.라벨링데이터/3. VTST/VT_ST_03_14602035.json,True,True,True,VT,ST,1280,720,defect,incomplete penetration,2,True
14602043,VT_ST_03_14602043,data/raw/steel/01.원천데이터/3. VTST/VT_ST_03_14602043.jpg,data/raw/steel/02.라벨링데이터/3. VTST/VT_ST_03_14602043.json,True,True,True,VT,ST,1280,720,defect,incomplete penetration,2,True
14602048,VT_ST_03_14602048,data/raw/steel/01.원천데이터/3. VTST/VT_ST_03_14602048.jpg,data/raw/steel/02.라벨링데이터/3. VTST/VT_ST_03_14602048.json,True,True,True,VT,ST,1280,720,defect,incomplete penetration,2,True
14602075,VT_ST_03_14602075,data/raw/steel/01.원천데이터/3. VTST/VT_ST_03_14602075.jpg,data/raw/steel/02.라벨링데이터/3. VTST/VT_ST_03_14602075.json,True,True,True,VT,ST,1280,720,defect,incomplete penetration,2,True
14602088,VT_ST_03_14602088,data/raw/steel/01.원천데이터/3. VTST/VT_ST_03_14602088.jpg,data/raw/steel/02.라벨링데이터/3. VTST/VT_ST_03_14602088.json,True,True,True,VT,ST,1280,720,defect,incomplete penetration,1,True
14602089,VT_ST_03_14602089,data/raw/steel/01.원천데이터/3. VTST/VT_ST_03_14602089.jpg,data/raw/steel/02.라벨링데이터/3. VTST/VT_ST_03_14602089.json,True,True,True,VT,ST,1280,720,defect,incomplete penetration,2,True
14602096,VT_ST_03_14602096,data/raw/steel/01.원천데이터/3. VTST/VT_ST_03_14602096.jpg,data/raw/steel/02.라벨링데이터/3. VTST/VT_ST_03_14602096.json,True,True,True,VT,ST,1280,720,defect,incomplete penetration,2,True
14602120,VT_ST_03_14602120,data/raw/steel/01.원천데이터/3. VTST/VT_ST_03_14602120.jpg,data/raw/steel/02.라벨링데이터/3. VTST/VT_ST_03_14602120.json,True,True,True,VT,ST,1280,720,defect,incomplete penetration,1,True
14602129,VT_ST_03_14602129,data/raw/steel/01.원천데이터/3. VTST/VT_ST_03_14602129.jpg,data/raw/steel/02.라벨링데이터/3. VTST/VT_ST_03_14602129.json,True,True,True,VT,ST,1280,720,defect,incomplete penetration,1,True
14602131,VT_ST_03_14602131,data/raw/steel/01.원천데이터/3. VTST/VT_ST_03_14602131.jpg,data/raw/steel/02.라벨링데이터/3. VTST/VT_ST_03_14602131.json,True,True,True,VT,ST,1280,720,defect,incomplete penetration,2,True
14602146,VT_ST_03_14602146,data/raw/steel/01.원천데이터/3. VTST/VT_ST_03_14602146.jpg,data/raw/steel/02.라벨링데이터/3. VTST/VT_ST_03_14602146.json,True,True,True,VT,ST,1280,720,defect,incomplete penetration,2,True
14602150,VT_ST_03_14602150,data/raw/steel/01.원천데이터/3. VTST/VT_ST_03_14602150.jpg,data/raw/steel/02.라벨링데이터/3. VTST/VT_ST_03_14602150.json,True,True,True,VT,ST,1280,720,defect,incomplete penetration,2,True
14602152,VT_ST_03_14602152,data/raw/steel/01.원천데이터/3. VTST/VT_ST_03_14602152.jpg,data/raw/steel/02.라벨링데이터/3. VTST/VT_ST_03_14602152.json,True,True,True,VT,ST,1280,720,defect,incomplete penetration,2,True
14602162,VT_ST_03_14602162,data/raw/steel/01.원천데이터/3. VTST/VT_ST_03_14602162.jpg,data/raw/steel/02.라벨링데이터/3. VTST/VT_ST_03_14602162.json,True,True,True,VT,ST,1280,720,defect,incomplete penetration,2,True
14602169,VT_ST_03_14602169,data/raw/steel/01.원천데이터/3. VTST/VT_ST_03_14602169.jpg,data/raw/steel/02.라벨링데이터/3. VTST/VT_ST_03_14602169.json,True,True,True,VT,ST,1280,720,defect,incomplete penetration,1,True
14602170,VT_ST_03_14602170,data/raw/steel/01.원천데이터/3. VTST/VT_ST_03_14602170.jpg,data/raw/steel/02.라벨링데이터/3. VTST/VT_ST_03_14602170.json,True,True,True,VT,ST,1280,720,defect,incomplete penetration,1,True
14602191,VT_ST_03_14602191,data/raw/steel/01.원천데이터/3. VTST/VT_ST_03_14602191.jpg,data/raw/steel/02.라벨링데이터/3. VTST/VT_ST_03_14602191.json,True,True,True,VT,ST,1280,720,defect,incomplete penetration,2,True
14602211,VT_ST_03_14602211,data/raw/steel/01.원천데이터/3. VTST/VT_ST_03_14602211.jpg,data/raw/steel/02.라벨링데이터/3. VTST/VT_ST_03_14602211.json,True,True,True,VT,ST,1280,720,defect,incomplete penetration,1,True
14602214,VT_ST_03_14602214,data/raw/steel/01.원천데이터/3. VTST/VT_ST_03_14602214.jpg,data/raw/steel/02.라벨링데이터/3. VTST/VT_ST_03_14602214.json,True,True,True,VT,ST,1280,720,defect,incomplete penetration,2,True
14602244,VT_ST_03_14602244,data/raw/steel/01.원천데이터/3. VTST/VT_ST_03_14602244.jpg,data/raw/steel/02.라벨링데이터/3. VTST/VT_ST_03_14602244.json,True,True,True,VT,ST,1280,720,defect,incomplete penetration,1,True
14602249,VT_ST_03_14602249,data/raw/steel/01.원천데이터/3. VTST/VT_ST_03_14602249.jpg,data/raw/steel/02.라벨링데이터/3. VTST/VT_ST_03_14602249.json,True,True,True,VT,ST,1280,720,defect,incomplete penetration,2,True
14602251,VT_ST_03_14602251,data/raw/steel/01.원천데이터/3. VTST/VT_ST_03_14602251.jpg,data/raw/steel/02.라벨링데이터/3. VTST/VT_ST_03_14602251.json,True,True,True,VT,ST,1280,720,defect,incomplete penetration,1,True
14602253,VT_ST_03_14602253,data/raw/steel/01.원천데이터/3. VTST/VT_ST_03_14602253.jpg,data/raw/steel/02.라벨링데이터/3. VTST/VT_ST_03_14602253.json,True,True,True,VT,ST,1280,720,defect,incomplete penetration,2,True
14602255,VT_ST_03_14602255,data/raw/steel/01.원천데이터/3. VTST/VT_ST_03_14602255.jpg,data/raw/steel/02.라벨링데이터/3. VTST/VT_ST_03_14602255.json,True,True,True,VT,ST,1280,720,defect,incomplete penetration,1,True
14602259,VT_ST_03_14602259,data/raw/steel/01.원천데이터/3. VTST/VT_ST_03_14602259.jpg,data/raw/steel/02.라벨링데이터/3. VTST/VT_ST_03_14602259.json,True,True,True,VT,ST,1280,720,defect,incomplete penetration,1,True
14602270,VT_ST_03_14602270,data/raw/steel/01.원천데이터/3. VTST/VT_ST_03_14602270.jpg,data/raw/steel/02.라벨링데이터/3. VTST/VT_ST_03_14602270.json,True,True,True,VT,ST,1280,720,defect,incomplete penetration,1,True
14602272,VT_ST_03_14602272,data/raw/steel/01.원천데이터/3. VTST/VT_ST_03_14602272.jpg,data/raw/steel/02.라벨링데이터/3. VTST/VT_ST_03_14602272.json,True,True,True,VT,ST,1280,720,defect,incomplete penetration,1,True
14602289,VT_ST_03_14602289,data/raw/steel/01.원천데이터/3. VTST/VT_ST_03_14602289.jpg,data/raw/steel/02.라벨링데이터/3. VTST/VT_ST_03_14602289.json,True,True,True,VT,ST,1280,720,defect,incomplete penetration,2,True
14602317,VT_ST_03_14602317,data/raw/steel/01.원천데이터/3. VTST/VT_ST_03_14602317.jpg,data/raw/steel/02.라벨링데이터/3. VTST/VT_ST_03_14602317.json,True,True,True,VT,ST,1280,720,defect,incomplete penetration,1,True
14602331,VT_ST_03_14602331,data/raw/steel/01.원천데이터/3. VTST/VT_ST_03_14602331.jpg,data/raw/steel/02.라벨링데이터/3. VTST/VT_ST_03_14602331.json,True,True,True,VT,ST,1280,720,defect,incomplete penetration,1,True
14602342,VT_ST_03_14602342,data/raw/steel/01.원천데이터/3. VTST/VT_ST_03_14602342.jpg,data/raw/steel/02.라벨링데이터/3. VTST/VT_ST_03_14602342.json,True,True,True,VT,ST,1280,720,defect,incomplete penetration,1,True
14602354,VT_ST_03_14602354,data/raw/steel/01.원천데이터/3. VTST/VT_ST_03_14602354.jpg,data/raw/steel/02.라벨링데이터/3. VTST/VT_ST_03_14602354.json,True,True,True,VT,ST,1280,720,defect,incomplete penetration,2,True
14602370,VT_ST_03_14602370,data/raw/steel/01.원천데이터/3. VTST/VT_ST_03_14602370.jpg,data/raw/steel/02.라벨링데이터/3. VTST/VT_ST_03_14602370.json,True,True,True,VT,ST,1280,720,defect,incomplete penetration,2,True
14602373,VT_ST_03_14602373,data/raw/steel/01.원천데이터/3. VTST/VT_ST_03_14602373.jpg,data/raw/steel/02.라벨링데이터/3. VTST/VT_ST_03_14602373.json,True,True,True,VT,ST,1280,720,defect,incomplete penetration,2,True
14602374,VT_ST_03_14602374,data/raw/steel/01.원천데이터/3. VTST/VT_ST_03_14602374.jpg,data/raw/steel/02.라벨링데이터/3. VTST/VT_ST_03_14602374.json,True,True,True,VT,ST,1280,720,defect,incomplete penetration,2,True
14602395,VT_ST_03_14602395,data/raw/steel/01.원천데이터/3. VTST/VT_ST_03_14602395.jpg,data/raw/steel/02.라벨링데이터/3. VTST/VT_ST_03_14602395.json,True,True,True,VT,ST,1280,720,defect,incomplete penetration,2,True
14602397,VT_ST_03_14602397,data/raw/steel/01.원천데이터/3. VTST/VT_ST_03_14602397.jpg,data/raw/steel/02.라벨링데이터/3. VTST/VT_ST_03_14602397.json,True,True,True,VT,ST,1280,720,defect,incomplete penetration,2,True
14602427,VT_ST_03_14602427,data/raw/steel/01.원천데이터/3. VTST/VT_ST_03_14602427.jpg,data/raw/steel/02.라벨링데이터/3. VTST/VT_ST_03_14602427.json,True,True,True,VT,ST,1280,720,defect,incomplete penetration,2,True
14602435,VT_ST_03_14602435,data/raw/steel/01.원천데이터/3. VTST/VT_ST_03_14602435.jpg,data/raw/steel/02.라벨링데이터/3. VTST/VT_ST_03_14602435.json,True,True,True,VT,ST,1280,720,defect,incomplete penetration,1,True
14602456,VT_ST_03_14602456,data/raw/steel/01.원천데이터/3. VTST/VT_ST_03_14602456.jpg,data/raw/steel/02.라벨링데이터/3. VTST/VT_ST_03_14602456.json,True,True,True,VT,ST,1280,720,defect,incomplete penetration,1,True
14602469,VT_ST_03_14602469,data/raw/steel/01.원천데이터/3. VTST/VT_ST_03_14602469.jpg,data/raw/steel/02.라벨링데이터/3. VTST/VT_ST_03_14602469.json,True,True,True,VT,ST,1280,720,defect,incomplete penetration,2,True
14602482,VT_ST_03_14602482,data/raw/steel/01.원천데이터/3. VTST/VT_ST_03_14602482.jpg,data/raw/steel/02.라벨링데이터/3. VTST/VT_ST_03_14602482.json,True,True,True,VT,ST,1280,720,defect,incomplete penetration,2,True
14602483,VT_ST_03_14602483,data/raw/steel/01.원천데이터/3. VTST/VT_ST_03_14602483.jpg,data/raw/steel/02.라벨링데이터/3. VTST/VT_ST_03_14602483.json,True,True,True,VT,ST,1280,720,defect,incomplete penetration,2,True
14602489,VT_ST_03_14602489,data/raw/steel/01.원천데이터/3. VTST/VT_ST_03_14602489.jpg,data/raw/steel/02.라벨링데이터/3. VTST/VT_ST_03_14602489.json,True,True,True,VT,ST,1280,720,defect,incomplete penetration,2,True
14602496,VT_ST_03_14602496,data/raw/steel/01.원천데이터/3. VTST/VT_ST_03_14602496.jpg,data/raw/steel/02.라벨링데이터/3. VTST/VT_ST_03_14602496.json,True,True,True,VT,ST,1280,720,defect,incomplete penetration,1,True
14602498,VT_ST_03_14602498,data/raw/steel/01.원천데이터/3. VTST/VT_ST_03_14602498.jpg,data/raw/steel/02.라벨링데이터/3. VTST/VT_ST_03_14602498.json,True,True,True,VT,ST,1280,720,defect,incomplete penetration,1,True
14602499,VT_ST_03_14602499,data/raw/steel/01.원천데이터/3. VTST/VT_ST_03_14602499.jpg,data/raw/steel/02.라벨링데이터/3. VTST/VT_ST_03_14602499.json,True,True,True,VT,ST,1280,720,defect,incomplete penetration,2,True
14602505,VT_ST_03_14602505,data/raw/steel/01.원천데이터/3. VTST/VT_ST_03_14602505.jpg,data/raw/steel/02.라벨링데이터/3. VTST/VT_ST_03_14602505.json,True,True,True,VT,ST,1280,720,defect,incomplete penetration,1,True
14602515,VT_ST_03_14602515,data/raw/steel/01.원천데이터/3. VTST/VT_ST_03_14602515.jpg,data/raw/steel/02.라벨링데이터/3. VTST/VT_ST_03_14602515.json,True,True,True,VT,ST,1280,720,defect,incomplete penetration,2,True
14602523,VT_ST_03_14602523,data/raw/steel/01.원천데이터/3. VTST/VT_ST_03_14602523.jpg,data/raw/steel/02.라벨링데이터/3. VTST/VT_ST_03_14602523.json,True,True,True,VT,ST,1280,720,defect,incomplete penetration,1,True
14602526,VT_ST_03_14602526,data/raw/steel/01.원천데이터/3. VTST/VT_ST_03_14602526.jpg,data/raw/steel/02.라벨링데이터/3. VTST/VT_ST_03_14602526.json,True,True,True,VT,ST,1280,720,defect,incomplete penetration,2,True
14602528,VT_ST_03_14602528,data/raw/steel/01.원천데이터/3. VTST/VT_ST_03_14602528.jpg,data/raw/steel/02.라벨링데이터/3. VTST/VT_ST_03_14602528.json,True,True,True,VT,ST,1280,720,defect,incomplete penetration,2,True
14602533,VT_ST_03_14602533,data/raw/steel/01.원천데이터/3. VTST/VT_ST_03_14602533.jpg,data/raw/steel/02.라벨링데이터/3. VTST/VT_ST_03_14602533.json,True,True,True,VT,ST,1280,720,defect,incomplete penetration,2,True
14602534,VT_ST_03_14602534,data/raw/steel/01.원천데이터/3. VTST/VT_ST_03_14602534.jpg,data/raw/steel/02.라벨링데이터/3. VTST/VT_ST_03_14602534.json,True,True,True,VT,ST,1280,720,defect,incomplete penetration,1,True
14602547,VT_ST_03_14602547,data/raw/steel/01.원천데이터/3. VTST/VT_ST_03_14602547.jpg,data/raw/steel/02.라벨링데이터/3. VTST/VT_ST_03_14602547.json,True,True,True,VT,ST,1280,720,defect,incomplete penetration,1,True
14602549,VT_ST_03_14602549,data/raw/steel/01.원천데이터/3. VTST/VT_ST_03_14602549.jpg,data/raw/steel/02.라벨링데이터/3. VTST/VT_ST_03_14602549.json,True,True,True,VT,ST,1280,720,defect,incomplete penetration,2,True
14602567,VT_ST_03_14602567,data/raw/steel/01.원천데이터/3. VTST/VT_ST_03_14602567.jpg,data/raw/steel/02.라벨링데이터/3. VTST/VT_ST_03_14602567.json,True,True,True,VT,ST,1280,720,defect,incomplete penetration,2,True
14602628,VT_ST_03_14602628,data/raw/steel/01.원천데이터/3. VTST/VT_ST_03_14602628.jpg,data/raw/steel/02.라벨링데이터/3. VTST/VT_ST_03_14602628.json,True,True,True,VT,ST,1280,720,defect,incomplete penetration,1,True
14602631,VT_ST_03_14602631,data/raw/steel/01.원천데이터/3. VTST/VT_ST_03_14602631.jpg,data/raw/steel/02.라벨링데이터/3. VTST/VT_ST_03_14602631.json,True,True,True,VT,ST,1280,720,defect,incomplete penetration,1,True
14602635,VT_ST_03_14602635,data/raw/steel/01.원천데이터/3. VTST/VT_ST_03_14602635.jpg,data/raw/steel/02.라벨링데이터/3. VTST/VT_ST_03_14602635.json,True,True,True,VT,ST,1280,720,defect,incomplete penetration,1,True
14602643,VT_ST_03_14602643,data/raw/steel/01.원천데이터/3. VTST/VT_ST_03_14602643.jpg,data/raw/steel/02.라벨링데이터/3. VTST/VT_ST_03_14602643.json,True,True,True,VT,ST,1280,720,defect,incomplete penetration,1,True
14602657,VT_ST_03_14602657,data/raw/steel/01.원천데이터/3. VTST/VT_ST_03_14602657.jpg,data/raw/steel/02.라벨링데이터/3. VTST/VT_ST_03_14602657.json,True,True,True,VT,ST,1280,720,defect,incomplete penetration,1,True
14602662,VT_ST_03_14602662,data/raw/steel/01.원천데이터/3. VTST/VT_ST_03_14602662.jpg,data/raw/steel/02.라벨링데이터/3. VTST/VT_ST_03_14602662.json,True,True,True,VT,ST,1280,720,defect,incomplete penetration,1,True
14602679,VT_ST_03_14602679,data/raw/steel/01.원천데이터/3. VTST/VT_ST_03_14602679.jpg,data/raw/steel/02.라벨링데이터/3. VTST/VT_ST_03_14602679.json,True,True,True,VT,ST,1280,720,defect,incomplete penetration,2,True
14602690,VT_ST_03_14602690,data/raw/steel/01.원천데이터/3. VTST/VT_ST_03_14602690.jpg,data/raw/steel/02.라벨링데이터/3. VTST/VT_ST_03_14602690.json,True,True,True,VT,ST,1280,720,defect,incomplete penetration,1,True
14602708,VT_ST_03_14602708,data/raw/steel/01.원천데이터/3. VTST/VT_ST_03_14602708.jpg,data/raw/steel/02.라벨링데이터/3. VTST/VT_ST_03_14602708.json,True,True,True,VT,ST,1280,720,defect,incomplete penetration,2,True
14602710,VT_ST_03_14602710,data/raw/steel/01.원천데이터/3. VTST/VT_ST_03_14602710.jpg,data/raw/steel/02.라벨링데이터/3. VTST/VT_ST_03_14602710.json,True,True,True,VT,ST,1280,720,defect,incomplete penetration,2,True
14602729,VT_ST_03_14602729,data/raw/steel/01.원천데이터/3. VTST/VT_ST_03_14602729.jpg,data/raw/steel/02.라벨링데이터/3. VTST/VT_ST_03_14602729.json,True,True,True,VT,ST,1280,720,defect,incomplete penetration,1,True
14602731,VT_ST_03_14602731,data/raw/steel/01.원천데이터/3. VTST/VT_ST_03_14602731.jpg,data/raw/steel/02.라벨링데이터/3. VTST/VT_ST_03_14602731.json,True,True,True,VT,ST,1280,720,defect,incomplete penetration,2,True
14602781,VT_ST_03_14602781,data/raw/steel/01.원천데이터/3. VTST/VT_ST_03_14602781.jpg,data/raw/steel/02.라벨링데이터/3. VTST/VT_ST_03_14602781.json,True,True,True,VT,ST,1280,720,defect,incomplete penetration,1,True
14602789,VT_ST_03_14602789,data/raw/steel/01.원천데이터/3. VTST/VT_ST_03_14602789.jpg,data/raw/steel/02.라벨링데이터/3. VTST/VT_ST_03_14602789.json,True,True,True,VT,ST,1280,720,defect,incomplete penetration,1,True
14602801,VT_ST_03_14602801,data/raw/steel/01.원천데이터/3. VTST/VT_ST_03_14602801.jpg,data/raw/steel/02.라벨링데이터/3. VTST/VT_ST_03_14602801.json,True,True,True,VT,ST,1280,720,defect,incomplete penetration,2,True
14602802,VT_ST_03_14602802,data/raw/steel/01.원천데이터/3. VTST/VT_ST_03_14602802.jpg,data/raw/steel/02.라벨링데이터/3. VTST/VT_ST_03_14602802.json,True,True,True,VT,ST,1280,720,defect,incomplete penetration,2,True
14602808,VT_ST_03_14602808,data/raw/steel/01.원천데이터/3. VTST/VT_ST_03_14602808.jpg,data/raw/steel/02.라벨링데이터/3. VTST/VT_ST_03_14602808.json,True,True,True,VT,ST,1280,720,defect,incomplete penetration,1,True
14602814,VT_ST_03_14602814,data/raw/steel/01.원천데이터/3. VTST/VT_ST_03_14602814.jpg,data/raw/steel/02.라벨링데이터/3. VTST/VT_ST_03_14602814.json,True,True,True,VT,ST,1280,720,defect,incomplete penetration,2,True
14602819,VT_ST_03_14602819,data/raw/steel/01.원천데이터/3. VTST/VT_ST_03_14602819.jpg,data/raw/steel/02.라벨링데이터/3. VTST/VT_ST_03_14602819.json,True,True,True,VT,ST,1280,720,defect,incomplete penetration,1,True
14602833,VT_ST_03_14602833,data/raw/steel/01.원천데이터/3. VTST/VT_ST_03_14602833.jpg,data/raw/steel/02.라벨링데이터/3. VTST/VT_ST_03_14602833.json,True,True,True,VT,ST,1280,720,defect,incomplete penetration,1,True
14602834,VT_ST_03_14602834,data/raw/steel/01.원천데이터/3. VTST/VT_ST_03_14602834.jpg,data/raw/steel/02.라벨링데이터/3. VTST/VT_ST_03_14602834.json,True,True,True,VT,ST,1280,720,defect,incomplete penetration,1,True
14602845,VT_ST_03_14602845,data/raw/steel/01.원천데이터/3. VTST/VT_ST_03_14602845.jpg,data/raw/steel/02.라벨링데이터/3. VTST/VT_ST_03_14602845.json,True,True,True,VT,ST,1280,720,defect,incomplete penetration,1,True
14602847,VT_ST_03_14602847,data/raw/steel/01.원천데이터/3. VTST/VT_ST_03_14602847.jpg,data/raw/steel/02.라벨링데이터/3. VTST/VT_ST_03_14602847.json,True,True,True,VT,ST,1280,720,defect,incomplete penetration,1,True
14602849,VT_ST_03_14602849,data/raw/steel/01.원천데이터/3. VTST/VT_ST_03_14602849.jpg,data/raw/steel/02.라벨링데이터/3. VTST/VT_ST_03_14602849.json,True,True,True,VT,ST,1280,720,defect,incomplete penetration,1,True
14602858,VT_ST_03_14602858,data/raw/steel/01.원천데이터/3. VTST/VT_ST_03_14602858.jpg,data/raw/steel/02.라벨링데이터/3. VTST/VT_ST_03_14602858.json,True,True,True,VT,ST,1280,720,defect,incomplete penetration,1,True
14602871,VT_ST_03_14602871,data/raw/steel/01.원천데이터/3. VTST/VT_ST_03_14602871.jpg,data/raw/steel/02.라벨링데이터/3. VTST/VT_ST_03_14602871.json,True,True,True,VT,ST,1280,720,defect,incomplete penetration,2,True
14602907,VT_ST_03_14602907,data/raw/steel/01.원천데이터/3. VTST/VT_ST_03_14602907.jpg,data/raw/steel/02.라벨링데이터/3. VTST/VT_ST_03_14602907.json,True,True,True,VT,ST,1280,720,defect,incomplete penetration,1,True
14602932,VT_ST_03_14602932,data/raw/steel/01.원천데이터/3. VTST/VT_ST_03_14602932.jpg,data/raw/steel/02.라벨링데이터/3. VTST/VT_ST_03_14602932.json,True,True,True,VT,ST,1280,720,defect,incomplete penetration,1,True
14602942,VT_ST_03_14602942,data/raw/steel/01.원천데이터/3. VTST/VT_ST_03_14602942.jpg,data/raw/steel/02.라벨링데이터/3. VTST/VT_ST_03_14602942.json,True,True,True,VT,ST,1280,720,defect,incomplete penetration,1,True
14602947,VT_ST_03_14602947,data/raw/steel/01.원천데이터/3. VTST/VT_ST_03_14602947.jpg,data/raw/steel/02.라벨링데이터/3. VTST/VT_ST_03_14602947.json,True,True,True,VT,ST,1280,720,defect,incomplete penetration,2,True
14602960,VT_ST_03_14602960,data/raw/steel/01.원천데이터/3. VTST/VT_ST_03_14602960.jpg,data/raw/steel/02.라벨링데이터/3. VTST/VT_ST_03_14602960.json,True,True,True,VT,ST,1280,720,defect,incomplete penetration,2,True
14602961,VT_ST_03_14602961,data/raw/steel/01.원천데이터/3. VTST/VT_ST_03_14602961.jpg,data/raw/steel/02.라벨링데이터/3. VTST/VT_ST_03_14602961.json,True,True,True,VT,ST,1280,720,defect,incomplete penetration,1,True
14602971,VT_ST_03_14602971,data/raw/steel/01.원천데이터/3. VTST/VT_ST_03_14602971.jpg,data/raw/steel/02.라벨링데이터/3. VTST/VT_ST_03_14602971.json,True,True,True,VT,ST,1280,720,defect,incomplete penetration,1,True
14602974,VT_ST_03_14602974,data/raw/steel/01.원천데이터/3. VTST/VT_ST_03_14602974.jpg,data/raw/steel/02.라벨링데이터/3. VTST/VT_ST_03_14602974.json,True,True,True,VT,ST,1280,720,defect,incomplete penetration,1,True
14602982,VT_ST_03_14602982,data/raw/steel/01.원천데이터/3. VTST/VT_ST_03_14602982.jpg,data/raw/steel/02.라벨링데이터/3. VTST/VT_ST_03_14602982.json,True,True,True,VT,ST,1280,720,defect,incomplete penetration,1,True
14602990,VT_ST_03_14602990,data/raw/steel/01.원천데이터/3. VTST/VT_ST_03_14602990.jpg,data/raw/steel/02.라벨링데이터/3. VTST/VT_ST_03_14602990.json,True,True,True,VT,ST,1280,720,defect,incomplete penetration,2,True
14602994,VT_ST_03_14602994,data/raw/steel/01.원천데이터/3. VTST/VT_ST_03_14602994.jpg,data/raw/steel/02.라벨링데이터/3. VTST/VT_ST_03_14602994.json,True,True,True,VT,ST,1280,720,defect,incomplete penetration,1,True
14602996,VT_ST_03_14602996,data/raw/steel/01.원천데이터/3. VTST/VT_ST_03_14602996.jpg,data/raw/steel/02.라벨링데이터/3. VTST/VT_ST_03_14602996.json,True,True,True,VT,ST,1280,720,defect,incomplete penetration,2,True
14603007,VT_ST_03_14603007,data/raw/steel/01.원천데이터/3. VTST/VT_ST_03_14603007.jpg,data/raw/steel/02.라벨링데이터/3. VTST/VT_ST_03_14603007.json,True,True,True,VT,ST,1280,720,defect,incomplete penetration,1,True
14603010,VT_ST_03_14603010,data/raw/steel/01.원천데이터/3. VTST/VT_ST_03_14603010.jpg,data/raw/steel/02.라벨링데이터/3. VTST/VT_ST_03_14603010.json,True,True,True,VT,ST,1280,720,defect,incomplete penetration,2,True
14603033,VT_ST_03_14603033,data/raw/steel/01.원천데이터/3. VTST/VT_ST_03_14603033.jpg,data/raw/steel/02.라벨링데이터/3. VTST/VT_ST_03_14603033.json,True,True,True,VT,ST,1280,720,defect,incomplete penetration,1,True
14603050,VT_ST_03_14603050,data/raw/steel/01.원천데이터/3. VTST/VT_ST_03_14603050.jpg,data/raw/steel/02.라벨링데이터/3. VTST/VT_ST_03_14603050.json,True,True,True,VT,ST,1280,720,defect,incomplete penetration,2,True
14603066,VT_ST_03_14603066,data/raw/steel/01.원천데이터/3. VTST/VT_ST_03_14603066.jpg,data/raw/steel/02.라벨링데이터/3. VTST/VT_ST_03_14603066.json,True,True,True,VT,ST,1280,720,defect,incomplete penetration,1,True
14603072,VT_ST_03_14603072,data/raw/steel/01.원천데이터/3. VTST/VT_ST_03_14603072.jpg,data/raw/steel/02.라벨링데이터/3. VTST/VT_ST_03_14603072.json,True,True,True,VT,ST,1280,720,defect,incomplete penetration,1,True
14603073,VT_ST_03_14603073,data/raw/steel/01.원천데이터/3. VTST/VT_ST_03_14603073.jpg,data/raw/steel/02.라벨링데이터/3. VTST/VT_ST_03_14603073.json,True,True,True,VT,ST,1280,720,defect,incomplete penetration,2,True
14603078,VT_ST_03_14603078,data/raw/steel/01.원천데이터/3. VTST/VT_ST_03_14603078.jpg,data/raw/steel/02.라벨링데이터/3. VTST/VT_ST_03_14603078.json,True,True,True,VT,ST,1280,720,defect,incomplete penetration,1,True
14603079,VT_ST_03_14603079,data/raw/steel/01.원천데이터/3. VTST/VT_ST_03_14603079.jpg,data/raw/steel/02.라벨링데이터/3. VTST/VT_ST_03_14603079.json,True,True,True,VT,ST,1280,720,defect,incomplete penetration,1,True
14603139,VT_ST_03_14603139,data/raw/steel/01.원천데이터/3. VTST/VT_ST_03_14603139.jpg,data/raw/steel/02.라벨링데이터/3. VTST/VT_ST_03_14603139.json,True,True,True,VT,ST,1280,720,defect,incomplete penetration,1,True
14603157,VT_ST_03_14603157,data/raw/steel/01.원천데이터/3. VTST/VT_ST_03_14603157.jpg,data/raw/steel/02.라벨링데이터/3. VTST/VT_ST_03_14603157.json,True,True,True,VT,ST,1280,720,defect,incomplete penetration,1,True
14603165,VT_ST_03_14603165,data/raw/steel/01.원천데이터/3. VTST/VT_ST_03_14603165.jpg,data/raw/steel/02.라벨링데이터/3. VTST/VT_ST_03_14603165.json,True,True,True,VT,ST,1280,720,defect,incomplete penetration,1,True
14603167,VT_ST_03_14603167,data/raw/steel/01.원천데이터/3. VTST/VT_ST_03_14603167.jpg,data/raw/steel/02.라벨링데이터/3. VTST/VT_ST_03_14603167.json,True,True,True,VT,ST,1280,720,defect,incomplete penetration,1,True
14603184,VT_ST_03_14603184,data/raw/steel/01.원천데이터/3. VTST/VT_ST_03_14603184.jpg,data/raw/steel/02.라벨링데이터/3. VTST/VT_ST_03_14603184.json,True,True,True,VT,ST,1280,720,defect,incomplete penetration,2,True
14603194,VT_ST_03_14603194,data/raw/steel/01.원천데이터/3. VTST/VT_ST_03_14603194.jpg,data/raw/steel/02.라벨링데이터/3. VTST/VT_ST_03_14603194.json,True,True,True,VT,ST,1280,720,defect,incomplete penetration,2,True
14603205,VT_ST_03_14603205,data/raw/steel/01.원천데이터/3. VTST/VT_ST_03_14603205.jpg,data/raw/steel/02.라벨링데이터/3. VTST/VT_ST_03_14603205.json,True,True,True,VT,ST,1280,720,defect,incomplete penetration,2,True
14603211,VT_ST_03_14603211,data/raw/steel/01.원천데이터/3. VTST/VT_ST_03_14603211.jpg,data/raw/steel/02.라벨링데이터/3. VTST/VT_ST_03_14603211.json,True,True,True,VT,ST,1280,720,defect,incomplete penetration,1,True
14603230,VT_ST_03_14603230,data/raw/steel/01.원천데이터/3. VTST/VT_ST_03_14603230.jpg,data/raw/steel/02.라벨링데이터/3. VTST/VT_ST_03_14603230.json,True,True,True,VT,ST,1280,720,defect,incomplete penetration,1,True
14603235,VT_ST_03_14603235,data/raw/steel/01.원천데이터/3. VTST/VT_ST_03_14603235.jpg,data/raw/steel/02.라벨링데이터/3. VTST/VT_ST_03_14603235.json,True,True,True,VT,ST,1280,720,defect,incomplete penetration,1,True
14603254,VT_ST_03_14603254,data/raw/steel/01.원천데이터/3. VTST/VT_ST_03_14603254.jpg,data/raw/steel/02.라벨링데이터/3. VTST/VT_ST_03_14603254.json,True,True,True,VT,ST,1280,720,defect,incomplete penetration,1,True
14603255,VT_ST_03_14603255,data/raw/steel/01.원천데이터/3. VTST/VT_ST_03_14603255.jpg,data/raw/steel/02.라벨링데이터/3. VTST/VT_ST_03_14603255.json,True,True,True,VT,ST,1280,720,defect,incomplete penetration,1,True
14603259,VT_ST_03_14603259,data/raw/steel/01.원천데이터/3. VTST/VT_ST_03_14603259.jpg,data/raw/steel/02.라벨링데이터/3. VTST/VT_ST_03_14603259.json,True,True,True,VT,ST,1280,720,defect,incomplete penetration,1,True
14603263,VT_ST_03_14603263,data/raw/steel/01.원천데이터/3. VTST/VT_ST_03_14603263.jpg,data/raw/steel/02.라벨링데이터/3. VTST/VT_ST_03_14603263.json,True,True,True,VT,ST,1280,720,defect,incomplete penetration,2,True
14603281,VT_ST_03_14603281,data/raw/steel/01.원천데이터/3. VTST/VT_ST_03_14603281.jpg,data/raw/steel/02.라벨링데이터/3. VTST/VT_ST_03_14603281.json,True,True,True,VT,ST,1280,720,defect,incomplete penetration,1,True
14603287,VT_ST_03_14603287,data/raw/steel/01.원천데이터/3. VTST/VT_ST_03_14603287.jpg,data/raw/steel/02.라벨링데이터/3. VTST/VT_ST_03_14603287.json,True,True,True,VT,ST,1280,720,defect,incomplete penetration,1,True
14603304,VT_ST_03_14603304,data/raw/steel/01.원천데이터/3. VTST/VT_ST_03_14603304.jpg,data/raw/steel/02.라벨링데이터/3. VTST/VT_ST_03_14603304.json,True,True,True,VT,ST,1280,720,defect,incomplete penetration,1,True
14603326,VT_ST_03_14603326,data/raw/steel/01.원천데이터/3. VTST/VT_ST_03_14603326.jpg,data/raw/steel/02.라벨링데이터/3. VTST/VT_ST_03_14603326.json,True,True,True,VT,ST,1280,720,defect,incomplete penetration,1,True
14603328,VT_ST_03_14603328,data/raw/steel/01.원천데이터/3. VTST/VT_ST_03_14603328.jpg,data/raw/steel/02.라벨링데이터/3. VTST/VT_ST_03_14603328.json,True,True,True,VT,ST,1280,720,defect,incomplete penetration,2,True
14603341,VT_ST_03_14603341,data/raw/steel/01.원천데이터/3. VTST/VT_ST_03_14603341.jpg,data/raw/steel/02.라벨링데이터/3. VTST/VT_ST_03_14603341.json,True,True,True,VT,ST,1280,720,defect,incomplete penetration,1,True
14603352,VT_ST_03_14603352,data/raw/steel/01.원천데이터/3. VTST/VT_ST_03_14603352.jpg,data/raw/steel/02.라벨링데이터/3. VTST/VT_ST_03_14603352.json,True,True,True,VT,ST,1280,720,defect,incomplete penetration,1,True
14603358,VT_ST_03_14603358,data/raw/steel/01.원천데이터/3. VTST/VT_ST_03_14603358.jpg,data/raw/steel/02.라벨링데이터/3. VTST/VT_ST_03_14603358.json,True,True,True,VT,ST,1280,720,defect,incomplete penetration,2,True
14603402,VT_ST_03_14603402,data/raw/steel/01.원천데이터/3. VTST/VT_ST_03_14603402.jpg,data/raw/steel/02.라벨링데이터/3. VTST/VT_ST_03_14603402.json,True,True,True,VT,ST,1280,720,defect,incomplete penetration,2,True
14603406,VT_ST_03_14603406,data/raw/steel/01.원천데이터/3. VTST/VT_ST_03_14603406.jpg,data/raw/steel/02.라벨링데이터/3. VTST/VT_ST_03_14603406.json,True,True,True,VT,ST,1280,720,defect,incomplete penetration,1,True
14603414,VT_ST_03_14603414,data/raw/steel/01.원천데이터/3. VTST/VT_ST_03_14603414.jpg,data/raw/steel/02.라벨링데이터/3. VTST/VT_ST_03_14603414.json,True,True,True,VT,ST,1280,720,defect,incomplete penetration,2,True
14603416,VT_ST_03_14603416,data/raw/steel/01.원천데이터/3. VTST/VT_ST_03_14603416.jpg,data/raw/steel/02.라벨링데이터/3. VTST/VT_ST_03_14603416.json,True,True,True,VT,ST,1280,720,defect,incomplete penetration,1,True
14603421,VT_ST_03_14603421,data/raw/steel/01.원천데이터/3. VTST/VT_ST_03_14603421.jpg,data/raw/steel/02.라벨링데이터/3. VTST/VT_ST_03_14603421.json,True,True,True,VT,ST,1280,720,defect,incomplete penetration,1,True
14603425,VT_ST_03_14603425,data/raw/steel/01.원천데이터/3. VTST/VT_ST_03_14603425.jpg,data/raw/steel/02.라벨링데이터/3. VTST/VT_ST_03_14603425.json,True,True,True,VT,ST,1280,720,defect,incomplete penetration,1,True
14603447,VT_ST_03_14603447,data/raw/steel/01.원천데이터/3. VTST/VT_ST_03_14603447.jpg,data/raw/steel/02.라벨링데이터/3. VTST/VT_ST_03_14603447.json,True,True,True,VT,ST,1280,720,defect,incomplete penetration,1,True
14603462,VT_ST_03_14603462,data/raw/steel/01.원천데이터/3. VTST/VT_ST_03_14603462.jpg,data/raw/steel/02.라벨링데이터/3. VTST/VT_ST_03_14603462.json,True,True,True,VT,ST,1280,720,defect,incomplete penetration,1,True
14603463,VT_ST_03_14603463,data/raw/steel/01.원천데이터/3. VTST/VT_ST_03_14603463.jpg,data/raw/steel/02.라벨링데이터/3. VTST/VT_ST_03_14603463.json,True,True,True,VT,ST,1280,720,defect,incomplete penetration,1,True
14603475,VT_ST_03_14603475,data/raw/steel/01.원천데이터/3. VTST/VT_ST_03_14603475.jpg,data/raw/steel/02.라벨링데이터/3. VTST/VT_ST_03_14603475.json,True,True,True,VT,ST,1280,720,defect,incomplete penetration,1,True
14603482,VT_ST_03_14603482,data/raw/steel/01.원천데이터/3. VTST/VT_ST_03_14603482.jpg,data/raw/steel/02.라벨링데이터/3. VTST/VT_ST_03_14603482.json,True,True,True,VT,ST,1280,720,defect,incomplete penetration,1,True
14603512,VT_ST_03_14603512,data/raw/steel/01.원천데이터/3. VTST/VT_ST_03_14603512.jpg,data/raw/steel/02.라벨링데이터/3. VTST/VT_ST_03_14603512.json,True,True,True,VT,ST,1280,720,defect,incomplete penetration,2,True
14603533,VT_ST_03_14603533,data/raw/steel/01.원천데이터/3. VTST/VT_ST_03_14603533.jpg,data/raw/steel/02.라벨링데이터/3. VTST/VT_ST_03_14603533.json,True,True,True,VT,ST,1280,720,defect,incomplete penetration,1,True
14603535,VT_ST_03_14603535,data/raw/steel/01.원천데이터/3. VTST/VT_ST_03_14603535.jpg,data/raw/steel/02.라벨링데이터/3. VTST/VT_ST_03_14603535.json,True,True,True,VT,ST,1280,720,defect,incomplete penetration,1,True
14603541,VT_ST_03_14603541,data/raw/steel/01.원천데이터/3. VTST/VT_ST_03_14603541.jpg,data/raw/steel/02.라벨링데이터/3. VTST/VT_ST_03_14603541.json,True,True,True,VT,ST,1280,720,defect,incomplete penetration,1,True
14603551,VT_ST_03_14603551,data/raw/steel/01.원천데이터/3. VTST/VT_ST_03_14603551.jpg,data/raw/steel/02.라벨링데이터/3. VTST/VT_ST_03_14603551.json,True,True,True,VT,ST,1280,720,defect,incomplete penetration,1,True
14603563,VT_ST_03_14603563,data/raw/steel/01.원천데이터/3. VTST/VT_ST_03_14603563.jpg,data/raw/steel/02.라벨링데이터/3. VTST/VT_ST_03_14603563.json,True,True,True,VT,ST,1280,720,defect,incomplete penetration,1,True
14603564,VT_ST_03_14603564,data/raw/steel/01.원천데이터/3. VTST/VT_ST_03_14603564.jpg,data/raw/steel/02.라벨링데이터/3. VTST/VT_ST_03_14603564.json,True,True,True,VT,ST,1280,720,defect,incomplete penetration,1,True
14603568,VT_ST_03_14603568,data/raw/steel/01.원천데이터/3. VTST/VT_ST_03_14603568.jpg,data/raw/steel/02.라벨링데이터/3. VTST/VT_ST_03_14603568.json,True,True,True,VT,ST,1280,720,defect,incomplete penetration,1,True
14603577,VT_ST_03_14603577,data/raw/steel/01.원천데이터/3. VTST/VT_ST_03_14603577.jpg,data/raw/steel/02.라벨링데이터/3. VTST/VT_ST_03_14603577.json,True,True,True,VT,ST,1280,720,defect,incomplete penetration,2,True
14603582,VT_ST_03_14603582,data/raw/steel/01.원천데이터/3. VTST/VT_ST_03_14603582.jpg,data/raw/steel/02.라벨링데이터/3. VTST/VT_ST_03_14603582.json,True,True,True,VT,ST,1280,720,defect,incomplete penetration,2,True
14617442,VT_ST_04_14617442,data/raw/steel/01.원천데이터/3. VTST/VT_ST_04_14617442.jpg,data/raw/steel/02.라벨링데이터/3. VTST/VT_ST_04_14617442.json,True,True,True,VT,ST,1800,720,defect,lack of fusion,7,True
14617448,VT_ST_04_14617448,data/raw/steel/01.원천데이터/3. VTST/VT_ST_04_14617448.jpg,data/raw/steel/02.라벨링데이터/3. VTST/VT_ST_04_14617448.json,True,True,True,VT,ST,1800,720,defect,lack of fusion,6,True
14617466,VT_ST_04_14617466,data/raw/steel/01.원천데이터/3. VTST/VT_ST_04_14617466.jpg,data/raw/steel/02.라벨링데이터/3. VTST/VT_ST_04_14617466.json,True,True,True,VT,ST,1800,720,defect,lack of fusion,5,True
14617470,VT_ST_04_14617470,data/raw/steel/01.원천데이터/3. VTST/VT_ST_04_14617470.jpg,data/raw/steel/02.라벨링데이터/3. VTST/VT_ST_04_14617470.json,True,True,True,VT,ST,1800,720,defect,lack of fusion,4,True
14617471,VT_ST_04_14617471,data/raw/steel/01.원천데이터/3. VTST/VT_ST_04_14617471.jpg,data/raw/steel/02.라벨링데이터/3. VTST/VT_ST_04_14617471.json,True,True,True,VT,ST,1800,720,defect,lack of fusion,4,True
14617490,VT_ST_04_14617490,data/raw/steel/01.원천데이터/3. VTST/VT_ST_04_14617490.jpg,data/raw/steel/02.라벨링데이터/3. VTST/VT_ST_04_14617490.json,True,True,True,VT,ST,1800,720,defect,lack of fusion,6,True
14617500,VT_ST_04_14617500,data/raw/steel/01.원천데이터/3. VTST/VT_ST_04_14617500.jpg,data/raw/steel/02.라벨링데이터/3. VTST/VT_ST_04_14617500.json,True,True,True,VT,ST,1800,720,defect,lack of fusion,4,True
14617521,VT_ST_04_14617521,data/raw/steel/01.원천데이터/3. VTST/VT_ST_04_14617521.jpg,data/raw/steel/02.라벨링데이터/3. VTST/VT_ST_04_14617521.json,True,True,True,VT,ST,1800,720,defect,lack of fusion,1,True
14617538,VT_ST_04_14617538,data/raw/steel/01.원천데이터/3. VTST/VT_ST_04_14617538.jpg,data/raw/steel/02.라벨링데이터/3. VTST/VT_ST_04_14617538.json,True,True,True,VT,ST,1800,720,defect,lack of fusion,6,True
14617539,VT_ST_04_14617539,data/raw/steel/01.원천데이터/3. VTST/VT_ST_04_14617539.jpg,data/raw/steel/02.라벨링데이터/3. VTST/VT_ST_04_14617539.json,True,True,True,VT,ST,1800,720,defect,lack of fusion,4,True
14617543,VT_ST_04_14617543,data/raw/steel/01.원천데이터/3. VTST/VT_ST_04_14617543.jpg,data/raw/steel/02.라벨링데이터/3. VTST/VT_ST_04_14617543.json,True,True,True,VT,ST,1800,720,defect,lack of fusion,4,True
14617544,VT_ST_04_14617544,data/raw/steel/01.원천데이터/3. VTST/VT_ST_04_14617544.jpg,data/raw/steel/02.라벨링데이터/3. VTST/VT_ST_04_14617544.json,True,True,True,VT,ST,1800,720,defect,lack of fusion,1,True
14617571,VT_ST_04_14617571,data/raw/steel/01.원천데이터/3. VTST/VT_ST_04_14617571.jpg,data/raw/steel/02.라벨링데이터/3. VTST/VT_ST_04_14617571.json,True,True,True,VT,ST,1800,720,defect,lack of fusion,2,True
14617574,VT_ST_04_14617574,data/raw/steel/01.원천데이터/3. VTST/VT_ST_04_14617574.jpg,data/raw/steel/02.라벨링데이터/3. VTST/VT_ST_04_14617574.json,True,True,True,VT,ST,1800,720,defect,lack of fusion,1,True
14617578,VT_ST_04_14617578,data/raw/steel/01.원천데이터/3. VTST/VT_ST_04_14617578.jpg,data/raw/steel/02.라벨링데이터/3. VTST/VT_ST_04_14617578.json,True,True,True,VT,ST,1800,720,defect,lack of fusion,2,True
14617589,VT_ST_04_14617589,data/raw/steel/01.원천데이터/3. VTST/VT_ST_04_14617589.jpg,data/raw/steel/02.라벨링데이터/3. VTST/VT_ST_04_14617589.json,True,True,True,VT,ST,1800,720,defect,lack of fusion,2,True
14617598,VT_ST_04_14617598,data/raw/steel/01.원천데이터/3. VTST/VT_ST_04_14617598.jpg,data/raw/steel/02.라벨링데이터/3. VTST/VT_ST_04_14617598.json,True,True,True,VT,ST,1800,720,defect,lack of fusion,3,True
14617602,VT_ST_04_14617602,data/raw/steel/01.원천데이터/3. VTST/VT_ST_04_14617602.jpg,data/raw/steel/02.라벨링데이터/3. VTST/VT_ST_04_14617602.json,True,True,True,VT,ST,1800,720,defect,lack of fusion,1,True
14617617,VT_ST_04_14617617,data/raw/steel/01.원천데이터/3. VTST/VT_ST_04_14617617.jpg,data/raw/steel/02.라벨링데이터/3. VTST/VT_ST_04_14617617.json,True,True,True,VT,ST,1800,720,defect,lack of fusion,4,True
14617623,VT_ST_04_14617623,data/raw/steel/01.원천데이터/3. VTST/VT_ST_04_14617623.jpg,data/raw/steel/02.라벨링데이터/3. VTST/VT_ST_04_14617623.json,True,True,True,VT,ST,1800,720,defect,lack of fusion,3,True
14617649,VT_ST_04_14617649,data/raw/steel/01.원천데이터/3. VTST/VT_ST_04_14617649.jpg,data/raw/steel/02.라벨링데이터/3. VTST/VT_ST_04_14617649.json,True,True,True,VT,ST,1280,720,defect,lack of fusion,1,True
14617652,VT_ST_04_14617652,data/raw/steel/01.원천데이터/3. VTST/VT_ST_04_14617652.jpg,data/raw/steel/02.라벨링데이터/3. VTST/VT_ST_04_14617652.json,True,True,True,VT,ST,1280,720,defect,lack of fusion,2,True
14617686,VT_ST_04_14617686,data/raw/steel/01.원천데이터/3. VTST/VT_ST_04_14617686.jpg,data/raw/steel/02.라벨링데이터/3. VTST/VT_ST_04_14617686.json,True,True,True,VT,ST,1280,720,defect,lack of fusion,1,True
14617699,VT_ST_04_14617699,data/raw/steel/01.원천데이터/3. VTST/VT_ST_04_14617699.jpg,data/raw/steel/02.라벨링데이터/3. VTST/VT_ST_04_14617699.json,True,True,True,VT,ST,1280,720,defect,lack of fusion,2,True
14617701,VT_ST_04_14617701,data/raw/steel/01.원천데이터/3. VTST/VT_ST_04_14617701.jpg,data/raw/steel/02.라벨링데이터/3. VTST/VT_ST_04_14617701.json,True,True,True,VT,ST,1280,720,defect,lack of fusion,1,True
14617712,VT_ST_04_14617712,data/raw/steel/01.원천데이터/3. VTST/VT_ST_04_14617712.jpg,data/raw/steel/02.라벨링데이터/3. VTST/VT_ST_04_14617712.json,True,True,True,VT,ST,1280,720,defect,lack of fusion,1,True
14617728,VT_ST_04_14617728,data/raw/steel/01.원천데이터/3. VTST/VT_ST_04_14617728.jpg,data/raw/steel/02.라벨링데이터/3. VTST/VT_ST_04_14617728.json,True,True,True,VT,ST,1280,720,defect,lack of fusion,1,True
14617730,VT_ST_04_14617730,data/raw/steel/01.원천데이터/3. VTST/VT_ST_04_14617730.jpg,data/raw/steel/02.라벨링데이터/3. VTST/VT_ST_04_14617730.json,True,True,True,VT,ST,1280,720,defect,lack of fusion,1,True
14617757,VT_ST_04_14617757,data/raw/steel/01.원천데이터/3. VTST/VT_ST_04_14617757.jpg,data/raw/steel/02.라벨링데이터/3. VTST/VT_ST_04_14617757.json,True,True,True,VT,ST,1280,720,defect,lack of fusion,1,True
14617764,VT_ST_04_14617764,data/raw/steel/01.원천데이터/3. VTST/VT_ST_04_14617764.jpg,data/raw/steel/02.라벨링데이터/3. VTST/VT_ST_04_14617764.json,True,True,True,VT,ST,1280,720,defect,lack of fusion,1,True
14617768,VT_ST_04_14617768,data/raw/steel/01.원천데이터/3. VTST/VT_ST_04_14617768.jpg,data/raw/steel/02.라벨링데이터/3. VTST/VT_ST_04_14617768.json,True,True,True,VT,ST,1280,720,defect,lack of fusion,1,True
14617792,VT_ST_04_14617792,data/raw/steel/01.원천데이터/3. VTST/VT_ST_04_14617792.jpg,data/raw/steel/02.라벨링데이터/3. VTST/VT_ST_04_14617792.json,True,True,True,VT,ST,1280,720,defect,lack of fusion,1,True
14617801,VT_ST_04_14617801,data/raw/steel/01.원천데이터/3. VTST/VT_ST_04_14617801.jpg,data/raw/steel/02.라벨링데이터/3. VTST/VT_ST_04_14617801.json,True,True,True,VT,ST,1280,720,defect,lack of fusion,1,True
14617803,VT_ST_04_14617803,data/raw/steel/01.원천데이터/3. VTST/VT_ST_04_14617803.jpg,data/raw/steel/02.라벨링데이터/3. VTST/VT_ST_04_14617803.json,True,True,True,VT,ST,1280,720,defect,lack of fusion,1,True
14617806,VT_ST_04_14617806,data/raw/steel/01.원천데이터/3. VTST/VT_ST_04_14617806.jpg,data/raw/steel/02.라벨링데이터/3. VTST/VT_ST_04_14617806.json,True,True,True,VT,ST,1280,720,defect,lack of fusion,1,True
14617808,VT_ST_04_14617808,data/raw/steel/01.원천데이터/3. VTST/VT_ST_04_14617808.jpg,data/raw/steel/02.라벨링데이터/3. VTST/VT_ST_04_14617808.json,True,True,True,VT,ST,1280,720,defect,lack of fusion,1,True
14617822,VT_ST_04_14617822,data/raw/steel/01.원천데이터/3. VTST/VT_ST_04_14617822.jpg,data/raw/steel/02.라벨링데이터/3. VTST/VT_ST_04_14617822.json,True,True,True,VT,ST,1280,720,defect,lack of fusion,1,True
14617823,VT_ST_04_14617823,data/raw/steel/01.원천데이터/3. VTST/VT_ST_04_14617823.jpg,data/raw/steel/02.라벨링데이터/3. VTST/VT_ST_04_14617823.json,True,True,True,VT,ST,1280,720,defect,lack of fusion,1,True
14617831,VT_ST_04_14617831,data/raw/steel/01.원천데이터/3. VTST/VT_ST_04_14617831.jpg,data/raw/steel/02.라벨링데이터/3. VTST/VT_ST_04_14617831.json,True,True,True,VT,ST,1280,720,defect,lack of fusion,1,True
14617838,VT_ST_04_14617838,data/raw/steel/01.원천데이터/3. VTST/VT_ST_04_14617838.jpg,data/raw/steel/02.라벨링데이터/3. VTST/VT_ST_04_14617838.json,True,True,True,VT,ST,1280,720,defect,lack of fusion,1,True
14617846,VT_ST_04_14617846,data/raw/steel/01.원천데이터/3. VTST/VT_ST_04_14617846.jpg,data/raw/steel/02.라벨링데이터/3. VTST/VT_ST_04_14617846.json,True,True,True,VT,ST,1280,720,defect,lack of fusion,1,True
14617857,VT_ST_04_14617857,data/raw/steel/01.원천데이터/3. VTST/VT_ST_04_14617857.jpg,data/raw/steel/02.라벨링데이터/3. VTST/VT_ST_04_14617857.json,True,True,True,VT,ST,1280,720,defect,lack of fusion,2,True
14617863,VT_ST_04_14617863,data/raw/steel/01.원천데이터/3. VTST/VT_ST_04_14617863.jpg,data/raw/steel/02.라벨링데이터/3. VTST/VT_ST_04_14617863.json,True,True,True,VT,ST,1280,720,defect,lack of fusion,1,True
14617891,VT_ST_04_14617891,data/raw/steel/01.원천데이터/3. VTST/VT_ST_04_14617891.jpg,data/raw/steel/02.라벨링데이터/3. VTST/VT_ST_04_14617891.json,True,True,True,VT,ST,1280,720,defect,lack of fusion,3,True
14617903,VT_ST_04_14617903,data/raw/steel/01.원천데이터/3. VTST/VT_ST_04_14617903.jpg,data/raw/steel/02.라벨링데이터/3. VTST/VT_ST_04_14617903.json,True,True,True,VT,ST,1280,720,defect,lack of fusion,2,True
14617904,VT_ST_04_14617904,data/raw/steel/01.원천데이터/3. VTST/VT_ST_04_14617904.jpg,data/raw/steel/02.라벨링데이터/3. VTST/VT_ST_04_14617904.json,True,True,True,VT,ST,1280,720,defect,lack of fusion,3,True
14617908,VT_ST_04_14617908,data/raw/steel/01.원천데이터/3. VTST/VT_ST_04_14617908.jpg,data/raw/steel/02.라벨링데이터/3. VTST/VT_ST_04_14617908.json,True,True,True,VT,ST,1280,720,defect,lack of fusion,2,True
14617914,VT_ST_04_14617914,data/raw/steel/01.원천데이터/3. VTST/VT_ST_04_14617914.jpg,data/raw/steel/02.라벨링데이터/3. VTST/VT_ST_04_14617914.json,True,True,True,VT,ST,1280,720,defect,lack of fusion,2,True
14617923,VT_ST_04_14617923,data/raw/steel/01.원천데이터/3. VTST/VT_ST_04_14617923.jpg,data/raw/steel/02.라벨링데이터/3. VTST/VT_ST_04_14617923.json,True,True,True,VT,ST,1280,720,defect,lack of fusion,2,True
14617927,VT_ST_04_14617927,data/raw/steel/01.원천데이터/3. VTST/VT_ST_04_14617927.jpg,data/raw/steel/02.라벨링데이터/3. VTST/VT_ST_04_14617927.json,True,True,True,VT,ST,1280,720,defect,lack of fusion,2,True
14617943,VT_ST_04_14617943,data/raw/steel/01.원천데이터/3. VTST/VT_ST_04_14617943.jpg,data/raw/steel/02.라벨링데이터/3. VTST/VT_ST_04_14617943.json,True,True,True,VT,ST,1280,720,defect,lack of fusion,1,True
14617948,VT_ST_04_14617948,data/raw/steel/01.원천데이터/3. VTST/VT_ST_04_14617948.jpg,data/raw/steel/02.라벨링데이터/3. VTST/VT_ST_04_14617948.json,True,True,True,VT,ST,1280,720,defect,lack of fusion,3,True
14617956,VT_ST_04_14617956,data/raw/steel/01.원천데이터/3. VTST/VT_ST_04_14617956.jpg,data/raw/steel/02.라벨링데이터/3. VTST/VT_ST_04_14617956.json,True,True,True,VT,ST,1280,720,defect,lack of fusion,2,True
14617971,VT_ST_04_14617971,data/raw/steel/01.원천데이터/3. VTST/VT_ST_04_14617971.jpg,data/raw/steel/02.라벨링데이터/3. VTST/VT_ST_04_14617971.json,True,True,True,VT,ST,1280,720,defect,lack of fusion,2,True
14617976,VT_ST_04_14617976,data/raw/steel/01.원천데이터/3. VTST/VT_ST_04_14617976.jpg,data/raw/steel/02.라벨링데이터/3. VTST/VT_ST_04_14617976.json,True,True,True,VT,ST,1280,720,defect,lack of fusion,1,True
14617981,VT_ST_04_14617981,data/raw/steel/01.원천데이터/3. VTST/VT_ST_04_14617981.jpg,data/raw/steel/02.라벨링데이터/3. VTST/VT_ST_04_14617981.json,True,True,True,VT,ST,1280,720,defect,lack of fusion,3,True
14617991,VT_ST_04_14617991,data/raw/steel/01.원천데이터/3. VTST/VT_ST_04_14617991.jpg,data/raw/steel/02.라벨링데이터/3. VTST/VT_ST_04_14617991.json,True,True,True,VT,ST,1280,720,defect,lack of fusion,1,True
14617998,VT_ST_04_14617998,data/raw/steel/01.원천데이터/3. VTST/VT_ST_04_14617998.jpg,data/raw/steel/02.라벨링데이터/3. VTST/VT_ST_04_14617998.json,True,True,True,VT,ST,1280,720,defect,lack of fusion,2,True
14618028,VT_ST_04_14618028,data/raw/steel/01.원천데이터/3. VTST/VT_ST_04_14618028.jpg,data/raw/steel/02.라벨링데이터/3. VTST/VT_ST_04_14618028.json,True,True,True,VT,ST,1280,720,defect,lack of fusion,2,True
14618033,VT_ST_04_14618033,data/raw/steel/01.원천데이터/3. VTST/VT_ST_04_14618033.jpg,data/raw/steel/02.라벨링데이터/3. VTST/VT_ST_04_14618033.json,True,True,True,VT,ST,1280,720,defect,lack of fusion,2,True
14618035,VT_ST_04_14618035,data/raw/steel/01.원천데이터/3. VTST/VT_ST_04_14618035.jpg,data/raw/steel/02.라벨링데이터/3. VTST/VT_ST_04_14618035.json,True,True,True,VT,ST,1280,720,defect,lack of fusion,2,True
14618039,VT_ST_04_14618039,data/raw/steel/01.원천데이터/3. VTST/VT_ST_04_14618039.jpg,data/raw/steel/02.라벨링데이터/3. VTST/VT_ST_04_14618039.json,True,True,True,VT,ST,1280,720,defect,lack of fusion,4,True
14618041,VT_ST_04_14618041,data/raw/steel/01.원천데이터/3. VTST/VT_ST_04_14618041.jpg,data/raw/steel/02.라벨링데이터/3. VTST/VT_ST_04_14618041.json,True,True,True,VT,ST,1280,720,defect,lack of fusion,1,True
14618045,VT_ST_04_14618045,data/raw/steel/01.원천데이터/3. VTST/VT_ST_04_14618045.jpg,data/raw/steel/02.라벨링데이터/3. VTST/VT_ST_04_14618045.json,True,True,True,VT,ST,1280,720,defect,lack of fusion,3,True
14618046,VT_ST_04_14618046,data/raw/steel/01.원천데이터/3. VTST/VT_ST_04_14618046.jpg,data/raw/steel/02.라벨링데이터/3. VTST/VT_ST_04_14618046.json,True,True,True,VT,ST,1280,720,defect,lack of fusion,3,True
14618047,VT_ST_04_14618047,data/raw/steel/01.원천데이터/3. VTST/VT_ST_04_14618047.jpg,data/raw/steel/02.라벨링데이터/3. VTST/VT_ST_04_14618047.json,True,True,True,VT,ST,1280,720,defect,lack of fusion,2,True
14618075,VT_ST_04_14618075,data/raw/steel/01.원천데이터/3. VTST/VT_ST_04_14618075.jpg,data/raw/steel/02.라벨링데이터/3. VTST/VT_ST_04_14618075.json,True,True,True,VT,ST,1280,720,defect,lack of fusion,3,True
14618086,VT_ST_04_14618086,data/raw/steel/01.원천데이터/3. VTST/VT_ST_04_14618086.jpg,data/raw/steel/02.라벨링데이터/3. VTST/VT_ST_04_14618086.json,True,True,True,VT,ST,1280,720,defect,lack of fusion,3,True
14618088,VT_ST_04_14618088,data/raw/steel/01.원천데이터/3. VTST/VT_ST_04_14618088.jpg,data/raw/steel/02.라벨링데이터/3. VTST/VT_ST_04_14618088.json,True,True,True,VT,ST,1280,720,defect,lack of fusion,1,True
14618095,VT_ST_04_14618095,data/raw/steel/01.원천데이터/3. VTST/VT_ST_04_14618095.jpg,data/raw/steel/02.라벨링데이터/3. VTST/VT_ST_04_14618095.json,True,True,True,VT,ST,1280,720,defect,lack of fusion,3,True
14618098,VT_ST_04_14618098,data/raw/steel/01.원천데이터/3. VTST/VT_ST_04_14618098.jpg,data/raw/steel/02.라벨링데이터/3. VTST/VT_ST_04_14618098.json,True,True,True,VT,ST,1280,720,defect,lack of fusion,2,True
14618105,VT_ST_04_14618105,data/raw/steel/01.원천데이터/3. VTST/VT_ST_04_14618105.jpg,data/raw/steel/02.라벨링데이터/3. VTST/VT_ST_04_14618105.json,True,True,True,VT,ST,1280,720,defect,lack of fusion,3,True
14618106,VT_ST_04_14618106,data/raw/steel/01.원천데이터/3. VTST/VT_ST_04_14618106.jpg,data/raw/steel/02.라벨링데이터/3. VTST/VT_ST_04_14618106.json,True,True,True,VT,ST,1280,720,defect,lack of fusion,1,True
14618120,VT_ST_04_14618120,data/raw/steel/01.원천데이터/3. VTST/VT_ST_04_14618120.jpg,data/raw/steel/02.라벨링데이터/3. VTST/VT_ST_04_14618120.json,True,True,True,VT,ST,1280,720,defect,lack of fusion,2,True
14618132,VT_ST_04_14618132,data/raw/steel/01.원천데이터/3. VTST/VT_ST_04_14618132.jpg,data/raw/steel/02.라벨링데이터/3. VTST/VT_ST_04_14618132.json,True,True,True,VT,ST,1280,720,defect,lack of fusion,1,True
14618135,VT_ST_04_14618135,data/raw/steel/01.원천데이터/3. VTST/VT_ST_04_14618135.jpg,data/raw/steel/02.라벨링데이터/3. VTST/VT_ST_04_14618135.json,True,True,True,VT,ST,1280,720,defect,lack of fusion,1,True
14618138,VT_ST_04_14618138,data/raw/steel/01.원천데이터/3. VTST/VT_ST_04_14618138.jpg,data/raw/steel/02.라벨링데이터/3. VTST/VT_ST_04_14618138.json,True,True,True,VT,ST,1280,720,defect,lack of fusion,2,True
14618146,VT_ST_04_14618146,data/raw/steel/01.원천데이터/3. VTST/VT_ST_04_14618146.jpg,data/raw/steel/02.라벨링데이터/3. VTST/VT_ST_04_14618146.json,True,True,True,VT,ST,1280,720,defect,lack of fusion,1,True
14618158,VT_ST_04_14618158,data/raw/steel/01.원천데이터/3. VTST/VT_ST_04_14618158.jpg,data/raw/steel/02.라벨링데이터/3. VTST/VT_ST_04_14618158.json,True,True,True,VT,ST,1280,720,defect,lack of fusion,2,True
14618160,VT_ST_04_14618160,data/raw/steel/01.원천데이터/3. VTST/VT_ST_04_14618160.jpg,data/raw/steel/02.라벨링데이터/3. VTST/VT_ST_04_14618160.json,True,True,True,VT,ST,1280,720,defect,lack of fusion,1,True
14618164,VT_ST_04_14618164,data/raw/steel/01.원천데이터/3. VTST/VT_ST_04_14618164.jpg,data/raw/steel/02.라벨링데이터/3. VTST/VT_ST_04_14618164.json,True,True,True,VT,ST,1280,720,defect,lack of fusion,2,True
14618170,VT_ST_04_14618170,data/raw/steel/01.원천데이터/3. VTST/VT_ST_04_14618170.jpg,data/raw/steel/02.라벨링데이터/3. VTST/VT_ST_04_14618170.json,True,True,True,VT,ST,1280,720,defect,lack of fusion,1,True
14618179,VT_ST_04_14618179,data/raw/steel/01.원천데이터/3. VTST/VT_ST_04_14618179.jpg,data/raw/steel/02.라벨링데이터/3. VTST/VT_ST_04_14618179.json,True,True,True,VT,ST,1280,720,defect,lack of fusion,2,True
14618185,VT_ST_04_14618185,data/raw/steel/01.원천데이터/3. VTST/VT_ST_04_14618185.jpg,data/raw/steel/02.라벨링데이터/3. VTST/VT_ST_04_14618185.json,True,True,True,VT,ST,1280,720,defect,lack of fusion,1,True
14618196,VT_ST_04_14618196,data/raw/steel/01.원천데이터/3. VTST/VT_ST_04_14618196.jpg,data/raw/steel/02.라벨링데이터/3. VTST/VT_ST_04_14618196.json,True,True,True,VT,ST,1280,720,defect,lack of fusion,1,True
14618200,VT_ST_04_14618200,data/raw/steel/01.원천데이터/3. VTST/VT_ST_04_14618200.jpg,data/raw/steel/02.라벨링데이터/3. VTST/VT_ST_04_14618200.json,True,True,True,VT,ST,1280,720,defect,lack of fusion,1,True
14618225,VT_ST_04_14618225,data/raw/steel/01.원천데이터/3. VTST/VT_ST_04_14618225.jpg,data/raw/steel/02.라벨링데이터/3. VTST/VT_ST_04_14618225.json,True,True,True,VT,ST,1280,720,defect,lack of fusion,1,True
14618240,VT_ST_04_14618240,data/raw/steel/01.원천데이터/3. VTST/VT_ST_04_14618240.jpg,data/raw/steel/02.라벨링데이터/3. VTST/VT_ST_04_14618240.json,True,True,True,VT,ST,1280,720,defect,lack of fusion,1,True
14618244,VT_ST_04_14618244,data/raw/steel/01.원천데이터/3. VTST/VT_ST_04_14618244.jpg,data/raw/steel/02.라벨링데이터/3. VTST/VT_ST_04_14618244.json,True,True,True,VT,ST,1280,720,defect,lack of fusion,1,True
14618249,VT_ST_04_14618249,data/raw/steel/01.원천데이터/3. VTST/VT_ST_04_14618249.jpg,data/raw/steel/02.라벨링데이터/3. VTST/VT_ST_04_14618249.json,True,True,True,VT,ST,1280,720,defect,lack of fusion,1,True
14618251,VT_ST_04_14618251,data/raw/steel/01.원천데이터/3. VTST/VT_ST_04_14618251.jpg,data/raw/steel/02.라벨링데이터/3. VTST/VT_ST_04_14618251.json,True,True,True,VT,ST,1280,720,defect,lack of fusion,1,True
14618252,VT_ST_04_14618252,data/raw/steel/01.원천데이터/3. VTST/VT_ST_04_14618252.jpg,data/raw/steel/02.라벨링데이터/3. VTST/VT_ST_04_14618252.json,True,True,True,VT,ST,1280,720,defect,lack of fusion,2,True
14618254,VT_ST_04_14618254,data/raw/steel/01.원천데이터/3. VTST/VT_ST_04_14618254.jpg,data/raw/steel/02.라벨링데이터/3. VTST/VT_ST_04_14618254.json,True,True,True,VT,ST,1280,720,defect,lack of fusion,1,True
14618312,VT_ST_04_14618312,data/raw/steel/01.원천데이터/3. VTST/VT_ST_04_14618312.jpg,data/raw/steel/02.라벨링데이터/3. VTST/VT_ST_04_14618312.json,True,True,True,VT,ST,1280,720,defect,lack of fusion,2,True
14618325,VT_ST_04_14618325,data/raw/steel/01.원천데이터/3. VTST/VT_ST_04_14618325.jpg,data/raw/steel/02.라벨링데이터/3. VTST/VT_ST_04_14618325.json,True,True,True,VT,ST,1280,720,defect,lack of fusion,1,True
14618339,VT_ST_04_14618339,data/raw/steel/01.원천데이터/3. VTST/VT_ST_04_14618339.jpg,data/raw/steel/02.라벨링데이터/3. VTST/VT_ST_04_14618339.json,True,True,True,VT,ST,1280,720,defect,lack of fusion,1,True
14618355,VT_ST_04_14618355,data/raw/steel/01.원천데이터/3. VTST/VT_ST_04_14618355.jpg,data/raw/steel/02.라벨링데이터/3. VTST/VT_ST_04_14618355.json,True,True,True,VT,ST,1280,720,defect,lack of fusion,2,True
14618359,VT_ST_04_14618359,data/raw/steel/01.원천데이터/3. VTST/VT_ST_04_14618359.jpg,data/raw/steel/02.라벨링데이터/3. VTST/VT_ST_04_14618359.json,True,True,True,VT,ST,1280,720,defect,lack of fusion,1,True
14618368,VT_ST_04_14618368,data/raw/steel/01.원천데이터/3. VTST/VT_ST_04_14618368.jpg,data/raw/steel/02.라벨링데이터/3. VTST/VT_ST_04_14618368.json,True,True,True,VT,ST,1280,720,defect,lack of fusion,1,True
14618371,VT_ST_04_14618371,data/raw/steel/01.원천데이터/3. VTST/VT_ST_04_14618371.jpg,data/raw/steel/02.라벨링데이터/3. VTST/VT_ST_04_14618371.json,True,True,True,VT,ST,1280,720,defect,lack of fusion,1,True
14618385,VT_ST_04_14618385,data/raw/steel/01.원천데이터/3. VTST/VT_ST_04_14618385.jpg,data/raw/steel/02.라벨링데이터/3. VTST/VT_ST_04_14618385.json,True,True,True,VT,ST,1280,720,defect,lack of fusion,2,True
14618391,VT_ST_04_14618391,data/raw/steel/01.원천데이터/3. VTST/VT_ST_04_14618391.jpg,data/raw/steel/02.라벨링데이터/3. VTST/VT_ST_04_14618391.json,True,True,True,VT,ST,1280,720,defect,lack of fusion,2,True
14618392,VT_ST_04_14618392,data/raw/steel/01.원천데이터/3. VTST/VT_ST_04_14618392.jpg,data/raw/steel/02.라벨링데이터/3. VTST/VT_ST_04_14618392.json,True,True,True,VT,ST,1280,720,defect,lack of fusion,2,True
14618413,VT_ST_04_14618413,data/raw/steel/01.원천데이터/3. VTST/VT_ST_04_14618413.jpg,data/raw/steel/02.라벨링데이터/3. VTST/VT_ST_04_14618413.json,True,True,True,VT,ST,1280,720,defect,lack of fusion,1,True
14618422,VT_ST_04_14618422,data/raw/steel/01.원천데이터/3. VTST/VT_ST_04_14618422.jpg,data/raw/steel/02.라벨링데이터/3. VTST/VT_ST_04_14618422.json,True,True,True,VT,ST,1280,720,defect,lack of fusion,1,True
14618491,VT_ST_04_14618491,data/raw/steel/01.원천데이터/3. VTST/VT_ST_04_14618491.jpg,data/raw/steel/02.라벨링데이터/3. VTST/VT_ST_04_14618491.json,True,True,True,VT,ST,1280,720,defect,lack of fusion,1,True
14618515,VT_ST_04_14618515,data/raw/steel/01.원천데이터/3. VTST/VT_ST_04_14618515.jpg,data/raw/steel/02.라벨링데이터/3. VTST/VT_ST_04_14618515.json,True,True,True,VT,ST,1280,720,defect,lack of fusion,2,True
14618549,VT_ST_04_14618549,data/raw/steel/01.원천데이터/3. VTST/VT_ST_04_14618549.jpg,data/raw/steel/02.라벨링데이터/3. VTST/VT_ST_04_14618549.json,True,True,True,VT,ST,1280,720,defect,lack of fusion,1,True
14618551,VT_ST_04_14618551,data/raw/steel/01.원천데이터/3. VTST/VT_ST_04_14618551.jpg,data/raw/steel/02.라벨링데이터/3. VTST/VT_ST_04_14618551.json,True,True,True,VT,ST,1280,720,defect,lack of fusion,1,True
14618552,VT_ST_04_14618552,data/raw/steel/01.원천데이터/3. VTST/VT_ST_04_14618552.jpg,data/raw/steel/02.라벨링데이터/3. VTST/VT_ST_04_14618552.json,True,True,True,VT,ST,1280,720,defect,lack of fusion,1,True
14618553,VT_ST_04_14618553,data/raw/steel/01.원천데이터/3. VTST/VT_ST_04_14618553.jpg,data/raw/steel/02.라벨링데이터/3. VTST/VT_ST_04_14618553.json,True,True,True,VT,ST,1280,720,defect,lack of fusion,1,True
14618574,VT_ST_04_14618574,data/raw/steel/01.원천데이터/3. VTST/VT_ST_04_14618574.jpg,data/raw/steel/02.라벨링데이터/3. VTST/VT_ST_04_14618574.json,True,True,True,VT,ST,1280,720,defect,lack of fusion,1,True
14618582,VT_ST_04_14618582,data/raw/steel/01.원천데이터/3. VTST/VT_ST_04_14618582.jpg,data/raw/steel/02.라벨링데이터/3. VTST/VT_ST_04_14618582.json,True,True,True,VT,ST,1280,720,defect,lack of fusion,1,True
14618587,VT_ST_04_14618587,data/raw/steel/01.원천데이터/3. VTST/VT_ST_04_14618587.jpg,data/raw/steel/02.라벨링데이터/3. VTST/VT_ST_04_14618587.json,True,True,True,VT,ST,1280,720,defect,lack of fusion,1,True
14618588,VT_ST_04_14618588,data/raw/steel/01.원천데이터/3. VTST/VT_ST_04_14618588.jpg,data/raw/steel/02.라벨링데이터/3. VTST/VT_ST_04_14618588.json,True,True,True,VT,ST,1280,720,defect,lack of fusion,1,True
14618596,VT_ST_04_14618596,data/raw/steel/01.원천데이터/3. VTST/VT_ST_04_14618596.jpg,data/raw/steel/02.라벨링데이터/3. VTST/VT_ST_04_14618596.json,True,True,True,VT,ST,1280,720,defect,lack of fusion,1,True
14618601,VT_ST_04_14618601,data/raw/steel/01.원천데이터/3. VTST/VT_ST_04_14618601.jpg,data/raw/steel/02.라벨링데이터/3. VTST/VT_ST_04_14618601.json,True,True,True,VT,ST,1280,720,defect,lack of fusion,1,True
14618603,VT_ST_04_14618603,data/raw/steel/01.원천데이터/3. VTST/VT_ST_04_14618603.jpg,data/raw/steel/02.라벨링데이터/3. VTST/VT_ST_04_14618603.json,True,True,True,VT,ST,1280,720,defect,lack of fusion,1,True
14618612,VT_ST_04_14618612,data/raw/steel/01.원천데이터/3. VTST/VT_ST_04_14618612.jpg,data/raw/steel/02.라벨링데이터/3. VTST/VT_ST_04_14618612.json,True,True,True,VT,ST,1280,720,defect,lack of fusion,1,True
14618620,VT_ST_04_14618620,data/raw/steel/01.원천데이터/3. VTST/VT_ST_04_14618620.jpg,data/raw/steel/02.라벨링데이터/3. VTST/VT_ST_04_14618620.json,True,True,True,VT,ST,1280,720,defect,lack of fusion,1,True
14618631,VT_ST_04_14618631,data/raw/steel/01.원천데이터/3. VTST/VT_ST_04_14618631.jpg,data/raw/steel/02.라벨링데이터/3. VTST/VT_ST_04_14618631.json,True,True,True,VT,ST,1280,720,defect,lack of fusion,2,True
14618640,VT_ST_04_14618640,data/raw/steel/01.원천데이터/3. VTST/VT_ST_04_14618640.jpg,data/raw/steel/02.라벨링데이터/3. VTST/VT_ST_04_14618640.json,True,True,True,VT,ST,1280,720,defect,lack of fusion,1,True
14618645,VT_ST_04_14618645,data/raw/steel/01.원천데이터/3. VTST/VT_ST_04_14618645.jpg,data/raw/steel/02.라벨링데이터/3. VTST/VT_ST_04_14618645.json,True,True,True,VT,ST,1280,720,defect,lack of fusion,1,True
14618666,VT_ST_04_14618666,data/raw/steel/01.원천데이터/3. VTST/VT_ST_04_14618666.jpg,data/raw/steel/02.라벨링데이터/3. VTST/VT_ST_04_14618666.json,True,True,True,VT,ST,1280,720,defect,lack of fusion,2,True
14618679,VT_ST_04_14618679,data/raw/steel/01.원천데이터/3. VTST/VT_ST_04_14618679.jpg,data/raw/steel/02.라벨링데이터/3. VTST/VT_ST_04_14618679.json,True,True,True,VT,ST,1280,720,defect,lack of fusion,2,True
14618692,VT_ST_04_14618692,data/raw/steel/01.원천데이터/3. VTST/VT_ST_04_14618692.jpg,data/raw/steel/02.라벨링데이터/3. VTST/VT_ST_04_14618692.json,True,True,True,VT,ST,1280,720,defect,lack of fusion,2,True
14618697,VT_ST_04_14618697,data/raw/steel/01.원천데이터/3. VTST/VT_ST_04_14618697.jpg,data/raw/steel/02.라벨링데이터/3. VTST/VT_ST_04_14618697.json,True,True,True,VT,ST,1280,720,defect,lack of fusion,1,True
14618701,VT_ST_04_14618701,data/raw/steel/01.원천데이터/3. VTST/VT_ST_04_14618701.jpg,data/raw/steel/02.라벨링데이터/3. VTST/VT_ST_04_14618701.json,True,True,True,VT,ST,1280,720,defect,lack of fusion,2,True
14618716,VT_ST_04_14618716,data/raw/steel/01.원천데이터/3. VTST/VT_ST_04_14618716.jpg,data/raw/steel/02.라벨링데이터/3. VTST/VT_ST_04_14618716.json,True,True,True,VT,ST,1280,720,defect,lack of fusion,1,True
14618731,VT_ST_04_14618731,data/raw/steel/01.원천데이터/3. VTST/VT_ST_04_14618731.jpg,data/raw/steel/02.라벨링데이터/3. VTST/VT_ST_04_14618731.json,True,True,True,VT,ST,1280,720,defect,lack of fusion,1,True
14618748,VT_ST_04_14618748,data/raw/steel/01.원천데이터/3. VTST/VT_ST_04_14618748.jpg,data/raw/steel/02.라벨링데이터/3. VTST/VT_ST_04_14618748.json,True,True,True,VT,ST,1280,720,defect,lack of fusion,1,True
14618752,VT_ST_04_14618752,data/raw/steel/01.원천데이터/3. VTST/VT_ST_04_14618752.jpg,data/raw/steel/02.라벨링데이터/3. VTST/VT_ST_04_14618752.json,True,True,True,VT,ST,1280,720,defect,lack of fusion,1,True
14618790,VT_ST_04_14618790,data/raw/steel/01.원천데이터/3. VTST/VT_ST_04_14618790.jpg,data/raw/steel/02.라벨링데이터/3. VTST/VT_ST_04_14618790.json,True,True,True,VT,ST,1280,720,defect,lack of fusion,2,True
14618793,VT_ST_04_14618793,data/raw/steel/01.원천데이터/3. VTST/VT_ST_04_14618793.jpg,data/raw/steel/02.라벨링데이터/3. VTST/VT_ST_04_14618793.json,True,True,True,VT,ST,1280,720,defect,lack of fusion,1,True
14618805,VT_ST_04_14618805,data/raw/steel/01.원천데이터/3. VTST/VT_ST_04_14618805.jpg,data/raw/steel/02.라벨링데이터/3. VTST/VT_ST_04_14618805.json,True,True,True,VT,ST,1280,720,defect,lack of fusion,2,True
14618817,VT_ST_04_14618817,data/raw/steel/01.원천데이터/3. VTST/VT_ST_04_14618817.jpg,data/raw/steel/02.라벨링데이터/3. VTST/VT_ST_04_14618817.json,True,True,True,VT,ST,1280,720,defect,lack of fusion,2,True
14618830,VT_ST_04_14618830,data/raw/steel/01.원천데이터/3. VTST/VT_ST_04_14618830.jpg,data/raw/steel/02.라벨링데이터/3. VTST/VT_ST_04_14618830.json,True,True,True,VT,ST,1280,720,defect,lack of fusion,1,True
14618854,VT_ST_04_14618854,data/raw/steel/01.원천데이터/3. VTST/VT_ST_04_14618854.jpg,data/raw/steel/02.라벨링데이터/3. VTST/VT_ST_04_14618854.json,True,True,True,VT,ST,1280,720,defect,lack of fusion,2,True
14618857,VT_ST_04_14618857,data/raw/steel/01.원천데이터/3. VTST/VT_ST_04_14618857.jpg,data/raw/steel/02.라벨링데이터/3. VTST/VT_ST_04_14618857.json,True,True,True,VT,ST,1280,720,defect,lack of fusion,1,True
14618858,VT_ST_04_14618858,data/raw/steel/01.원천데이터/3. VTST/VT_ST_04_14618858.jpg,data/raw/steel/02.라벨링데이터/3. VTST/VT_ST_04_14618858.json,True,True,True,VT,ST,1280,720,defect,lack of fusion,1,True
14618867,VT_ST_04_14618867,data/raw/steel/01.원천데이터/3. VTST/VT_ST_04_14618867.jpg,data/raw/steel/02.라벨링데이터/3. VTST/VT_ST_04_14618867.json,True,True,True,VT,ST,1280,720,defect,lack of fusion,1,True
14618892,VT_ST_04_14618892,data/raw/steel/01.원천데이터/3. VTST/VT_ST_04_14618892.jpg,data/raw/steel/02.라벨링데이터/3. VTST/VT_ST_04_14618892.json,True,True,True,VT,ST,1280,720,defect,lack of fusion,1,True
14618897,VT_ST_04_14618897,data/raw/steel/01.원천데이터/3. VTST/VT_ST_04_14618897.jpg,data/raw/steel/02.라벨링데이터/3. VTST/VT_ST_04_14618897.json,True,True,True,VT,ST,1280,720,defect,lack of fusion,1,True
14618898,VT_ST_04_14618898,data/raw/steel/01.원천데이터/3. VTST/VT_ST_04_14618898.jpg,data/raw/steel/02.라벨링데이터/3. VTST/VT_ST_04_14618898.json,True,True,True,VT,ST,1280,720,defect,lack of fusion,1,True
14618906,VT_ST_04_14618906,data/raw/steel/01.원천데이터/3. VTST/VT_ST_04_14618906.jpg,data/raw/steel/02.라벨링데이터/3. VTST/VT_ST_04_14618906.json,True,True,True,VT,ST,1280,720,defect,lack of fusion,2,True
14618912,VT_ST_04_14618912,data/raw/steel/01.원천데이터/3. VTST/VT_ST_04_14618912.jpg,data/raw/steel/02.라벨링데이터/3. VTST/VT_ST_04_14618912.json,True,True,True,VT,ST,1280,720,defect,lack of fusion,2,True
14618919,VT_ST_04_14618919,data/raw/steel/01.원천데이터/3. VTST/VT_ST_04_14618919.jpg,data/raw/steel/02.라벨링데이터/3. VTST/VT_ST_04_14618919.json,True,True,True,VT,ST,1280,720,defect,lack of fusion,1,True
14618921,VT_ST_04_14618921,data/raw/steel/01.원천데이터/3. VTST/VT_ST_04_14618921.jpg,data/raw/steel/02.라벨링데이터/3. VTST/VT_ST_04_14618921.json,True,True,True,VT,ST,1280,720,defect,lack of fusion,1,True
14618922,VT_ST_04_14618922,data/raw/steel/01.원천데이터/3. VTST/VT_ST_04_14618922.jpg,data/raw/steel/02.라벨링데이터/3. VTST/VT_ST_04_14618922.json,True,True,True,VT,ST,1280,720,defect,lack of fusion,1,True
14618926,VT_ST_04_14618926,data/raw/steel/01.원천데이터/3. VTST/VT_ST_04_14618926.jpg,data/raw/steel/02.라벨링데이터/3. VTST/VT_ST_04_14618926.json,True,True,True,VT,ST,1280,720,defect,lack of fusion,1,True
14618930,VT_ST_04_14618930,data/raw/steel/01.원천데이터/3. VTST/VT_ST_04_14618930.jpg,data/raw/steel/02.라벨링데이터/3. VTST/VT_ST_04_14618930.json,True,True,True,VT,ST,1280,720,defect,lack of fusion,2,True
14618940,VT_ST_04_14618940,data/raw/steel/01.원천데이터/3. VTST/VT_ST_04_14618940.jpg,data/raw/steel/02.라벨링데이터/3. VTST/VT_ST_04_14618940.json,True,True,True,VT,ST,1280,720,defect,lack of fusion,2,True
14618945,VT_ST_04_14618945,data/raw/steel/01.원천데이터/3. VTST/VT_ST_04_14618945.jpg,data/raw/steel/02.라벨링데이터/3. VTST/VT_ST_04_14618945.json,True,True,True,VT,ST,1280,720,defect,lack of fusion,1,True
14618949,VT_ST_04_14618949,data/raw/steel/01.원천데이터/3. VTST/VT_ST_04_14618949.jpg,data/raw/steel/02.라벨링데이터/3. VTST/VT_ST_04_14618949.json,True,True,True,VT,ST,1280,720,defect,lack of fusion,1,True
14618950,VT_ST_04_14618950,data/raw/steel/01.원천데이터/3. VTST/VT_ST_04_14618950.jpg,data/raw/steel/02.라벨링데이터/3. VTST/VT_ST_04_14618950.json,True,True,True,VT,ST,1280,720,defect,lack of fusion,1,True
14618975,VT_ST_04_14618975,data/raw/steel/01.원천데이터/3. VTST/VT_ST_04_14618975.jpg,data/raw/steel/02.라벨링데이터/3. VTST/VT_ST_04_14618975.json,True,True,True,VT,ST,1280,720,defect,lack of fusion,2,True
14618978,VT_ST_04_14618978,data/raw/steel/01.원천데이터/3. VTST/VT_ST_04_14618978.jpg,data/raw/steel/02.라벨링데이터/3. VTST/VT_ST_04_14618978.json,True,True,True,VT,ST,1280,720,defect,lack of fusion,2,True
14619008,VT_ST_04_14619008,data/raw/steel/01.원천데이터/3. VTST/VT_ST_04_14619008.jpg,data/raw/steel/02.라벨링데이터/3. VTST/VT_ST_04_14619008.json,True,True,True,VT,ST,1280,720,defect,lack of fusion,1,True
14619038,VT_ST_04_14619038,data/raw/steel/01.원천데이터/3. VTST/VT_ST_04_14619038.jpg,data/raw/steel/02.라벨링데이터/3. VTST/VT_ST_04_14619038.json,True,True,True,VT,ST,1280,720,defect,lack of fusion,1,True
14619039,VT_ST_04_14619039,data/raw/steel/01.원천데이터/3. VTST/VT_ST_04_14619039.jpg,data/raw/steel/02.라벨링데이터/3. VTST/VT_ST_04_14619039.json,True,True,True,VT,ST,1280,720,defect,lack of fusion,1,True
14619041,VT_ST_04_14619041,data/raw/steel/01.원천데이터/3. VTST/VT_ST_04_14619041.jpg,data/raw/steel/02.라벨링데이터/3. VTST/VT_ST_04_14619041.json,True,True,True,VT,ST,1280,720,defect,lack of fusion,1,True
14619044,VT_ST_04_14619044,data/raw/steel/01.원천데이터/3. VTST/VT_ST_04_14619044.jpg,data/raw/steel/02.라벨링데이터/3. VTST/VT_ST_04_14619044.json,True,True,True,VT,ST,1280,720,defect,lack of fusion,1,True
14619045,VT_ST_04_14619045,data/raw/steel/01.원천데이터/3. VTST/VT_ST_04_14619045.jpg,data/raw/steel/02.라벨링데이터/3. VTST/VT_ST_04_14619045.json,True,True,True,VT,ST,1280,720,defect,lack of fusion,1,True
14619046,VT_ST_04_14619046,data/raw/steel/01.원천데이터/3. VTST/VT_ST_04_14619046.jpg,data/raw/steel/02.라벨링데이터/3. VTST/VT_ST_04_14619046.json,True,True,True,VT,ST,1280,720,defect,lack of fusion,1,True
14619055,VT_ST_04_14619055,data/raw/steel/01.원천데이터/3. VTST/VT_ST_04_14619055.jpg,data/raw/steel/02.라벨링데이터/3. VTST/VT_ST_04_14619055.json,True,True,True,VT,ST,1280,720,defect,lack of fusion,1,True
14619059,VT_ST_04_14619059,data/raw/steel/01.원천데이터/3. VTST/VT_ST_04_14619059.jpg,data/raw/steel/02.라벨링데이터/3. VTST/VT_ST_04_14619059.json,True,True,True,VT,ST,1280,720,defect,lack of fusion,1,True
14619069,VT_ST_04_14619069,data/raw/steel/01.원천데이터/3. VTST/VT_ST_04_14619069.jpg,data/raw/steel/02.라벨링데이터/3. VTST/VT_ST_04_14619069.json,True,True,True,VT,ST,1280,720,defect,lack of fusion,1,True
14619091,VT_ST_04_14619091,data/raw/steel/01.원천데이터/3. VTST/VT_ST_04_14619091.jpg,data/raw/steel/02.라벨링데이터/3. VTST/VT_ST_04_14619091.json,True,True,True,VT,ST,1280,720,defect,lack of fusion,2,True
14619103,VT_ST_04_14619103,data/raw/steel/01.원천데이터/3. VTST/VT_ST_04_14619103.jpg,data/raw/steel/02.라벨링데이터/3. VTST/VT_ST_04_14619103.json,True,True,True,VT,ST,1280,720,defect,lack of fusion,2,True
14619114,VT_ST_04_14619114,data/raw/steel/01.원천데이터/3. VTST/VT_ST_04_14619114.jpg,data/raw/steel/02.라벨링데이터/3. VTST/VT_ST_04_14619114.json,True,True,True,VT,ST,1280,720,defect,lack of fusion,2,True
14619120,VT_ST_04_14619120,data/raw/steel/01.원천데이터/3. VTST/VT_ST_04_14619120.jpg,data/raw/steel/02.라벨링데이터/3. VTST/VT_ST_04_14619120.json,True,True,True,VT,ST,1280,720,defect,lack of fusion,1,True
14619137,VT_ST_04_14619137,data/raw/steel/01.원천데이터/3. VTST/VT_ST_04_14619137.jpg,data/raw/steel/02.라벨링데이터/3. VTST/VT_ST_04_14619137.json,True,True,True,VT,ST,1280,720,defect,lack of fusion,1,True
14619138,VT_ST_04_14619138,data/raw/steel/01.원천데이터/3. VTST/VT_ST_04_14619138.jpg,data/raw/steel/02.라벨링데이터/3. VTST/VT_ST_04_14619138.json,True,True,True,VT,ST,1280,720,defect,lack of fusion,2,True
14619148,VT_ST_04_14619148,data/raw/steel/01.원천데이터/3. VTST/VT_ST_04_14619148.jpg,data/raw/steel/02.라벨링데이터/3. VTST/VT_ST_04_14619148.json,True,True,True,VT,ST,1280,720,defect,lack of fusion,1,True
14619153,VT_ST_04_14619153,data/raw/steel/01.원천데이터/3. VTST/VT_ST_04_14619153.jpg,data/raw/steel/02.라벨링데이터/3. VTST/VT_ST_04_14619153.json,True,True,True,VT,ST,1280,720,defect,lack of fusion,1,True
14619155,VT_ST_04_14619155,data/raw/steel/01.원천데이터/3. VTST/VT_ST_04_14619155.jpg,data/raw/steel/02.라벨링데이터/3. VTST/VT_ST_04_14619155.json,True,True,True,VT,ST,1280,720,defect,lack of fusion,1,True
14619157,VT_ST_04_14619157,data/raw/steel/01.원천데이터/3. VTST/VT_ST_04_14619157.jpg,data/raw/steel/02.라벨링데이터/3. VTST/VT_ST_04_14619157.json,True,True,True,VT,ST,1280,720,defect,lack of fusion,1,True
14619158,VT_ST_04_14619158,data/raw/steel/01.원천데이터/3. VTST/VT_ST_04_14619158.jpg,data/raw/steel/02.라벨링데이터/3. VTST/VT_ST_04_14619158.json,True,True,True,VT,ST,1280,720,defect,lack of fusion,2,True
14619170,VT_ST_04_14619170,data/raw/steel/01.원천데이터/3. VTST/VT_ST_04_14619170.jpg,data/raw/steel/02.라벨링데이터/3. VTST/VT_ST_04_14619170.json,True,True,True,VT,ST,1280,720,defect,lack of fusion,1,True
14619173,VT_ST_04_14619173,data/raw/steel/01.원천데이터/3. VTST/VT_ST_04_14619173.jpg,data/raw/steel/02.라벨링데이터/3. VTST/VT_ST_04_14619173.json,True,True,True,VT,ST,1280,720,defect,lack of fusion,1,True
14619186,VT_ST_04_14619186,data/raw/steel/01.원천데이터/3. VTST/VT_ST_04_14619186.jpg,data/raw/steel/02.라벨링데이터/3. VTST/VT_ST_04_14619186.json,True,True,True,VT,ST,1280,720,defect,lack of fusion,2,True
14619214,VT_ST_04_14619214,data/raw/steel/01.원천데이터/3. VTST/VT_ST_04_14619214.jpg,data/raw/steel/02.라벨링데이터/3. VTST/VT_ST_04_14619214.json,True,True,True,VT,ST,1280,720,defect,lack of fusion,1,True
14619216,VT_ST_04_14619216,data/raw/steel/01.원천데이터/3. VTST/VT_ST_04_14619216.jpg,data/raw/steel/02.라벨링데이터/3. VTST/VT_ST_04_14619216.json,True,True,True,VT,ST,1280,720,defect,lack of fusion,1,True
14619218,VT_ST_04_14619218,data/raw/steel/01.원천데이터/3. VTST/VT_ST_04_14619218.jpg,data/raw/steel/02.라벨링데이터/3. VTST/VT_ST_04_14619218.json,True,True,True,VT,ST,1280,720,defect,lack of fusion,2,True
14619238,VT_ST_04_14619238,data/raw/steel/01.원천데이터/3. VTST/VT_ST_04_14619238.jpg,data/raw/steel/02.라벨링데이터/3. VTST/VT_ST_04_14619238.json,True,True,True,VT,ST,1280,720,defect,lack of fusion,1,True
14619239,VT_ST_04_14619239,data/raw/steel/01.원천데이터/3. VTST/VT_ST_04_14619239.jpg,data/raw/steel/02.라벨링데이터/3. VTST/VT_ST_04_14619239.json,True,True,True,VT,ST,1280,720,defect,lack of fusion,1,True
14619261,VT_ST_04_14619261,data/raw/steel/01.원천데이터/3. VTST/VT_ST_04_14619261.jpg,data/raw/steel/02.라벨링데이터/3. VTST/VT_ST_04_14619261.json,True,True,True,VT,ST,1280,720,defect,lack of fusion,1,True
14619269,VT_ST_04_14619269,data/raw/steel/01.원천데이터/3. VTST/VT_ST_04_14619269.jpg,data/raw/steel/02.라벨링데이터/3. VTST/VT_ST_04_14619269.json,True,True,True,VT,ST,1280,720,defect,lack of fusion,1,True
14619270,VT_ST_04_14619270,data/raw/steel/01.원천데이터/3. VTST/VT_ST_04_14619270.jpg,data/raw/steel/02.라벨링데이터/3. VTST/VT_ST_04_14619270.json,True,True,True,VT,ST,1280,720,defect,lack of fusion,1,True
14619285,VT_ST_04_14619285,data/raw/steel/01.원천데이터/3. VTST/VT_ST_04_14619285.jpg,data/raw/steel/02.라벨링데이터/3. VTST/VT_ST_04_14619285.json,True,True,True,VT,ST,1280,720,defect,lack of fusion,1,True
14619294,VT_ST_04_14619294,data/raw/steel/01.원천데이터/3. VTST/VT_ST_04_14619294.jpg,data/raw/steel/02.라벨링데이터/3. VTST/VT_ST_04_14619294.json,True,True,True,VT,ST,1280,720,defect,lack of fusion,2,True
14619295,VT_ST_04_14619295,data/raw/steel/01.원천데이터/3. VTST/VT_ST_04_14619295.jpg,data/raw/steel/02.라벨링데이터/3. VTST/VT_ST_04_14619295.json,True,True,True,VT,ST,1280,720,defect,lack of fusion,2,True
14619314,VT_ST_04_14619314,data/raw/steel/01.원천데이터/3. VTST/VT_ST_04_14619314.jpg,data/raw/steel/02.라벨링데이터/3. VTST/VT_ST_04_14619314.json,True,True,True,VT,ST,1280,720,defect,lack of fusion,1,True
14619321,VT_ST_04_14619321,data/raw/steel/01.원천데이터/3. VTST/VT_ST_04_14619321.jpg,data/raw/steel/02.라벨링데이터/3. VTST/VT_ST_04_14619321.json,True,True,True,VT,ST,1280,720,defect,lack of fusion,1,True
14619322,VT_ST_04_14619322,data/raw/steel/01.원천데이터/3. VTST/VT_ST_04_14619322.jpg,data/raw/steel/02.라벨링데이터/3. VTST/VT_ST_04_14619322.json,True,True,True,VT,ST,1280,720,defect,lack of fusion,2,True
14619325,VT_ST_04_14619325,data/raw/steel/01.원천데이터/3. VTST/VT_ST_04_14619325.jpg,data/raw/steel/02.라벨링데이터/3. VTST/VT_ST_04_14619325.json,True,True,True,VT,ST,1280,720,defect,lack of fusion,1,True
14619360,VT_ST_04_14619360,data/raw/steel/01.원천데이터/3. VTST/VT_ST_04_14619360.jpg,data/raw/steel/02.라벨링데이터/3. VTST/VT_ST_04_14619360.json,True,True,True,VT,ST,1280,720,defect,lack of fusion,1,True
14619377,VT_ST_04_14619377,data/raw/steel/01.원천데이터/3. VTST/VT_ST_04_14619377.jpg,data/raw/steel/02.라벨링데이터/3. VTST/VT_ST_04_14619377.json,True,True,True,VT,ST,1280,720,defect,lack of fusion,1,True
14619384,VT_ST_04_14619384,data/raw/steel/01.원천데이터/3. VTST/VT_ST_04_14619384.jpg,data/raw/steel/02.라벨링데이터/3. VTST/VT_ST_04_14619384.json,True,True,True,VT,ST,1280,720,defect,lack of fusion,1,True
14619395,VT_ST_04_14619395,data/raw/steel/01.원천데이터/3. VTST/VT_ST_04_14619395.jpg,data/raw/steel/02.라벨링데이터/3. VTST/VT_ST_04_14619395.json,True,True,True,VT,ST,1280,720,defect,lack of fusion,1,True
14619413,VT_ST_04_14619413,data/raw/steel/01.원천데이터/3. VTST/VT_ST_04_14619413.jpg,data/raw/steel/02.라벨링데이터/3. VTST/VT_ST_04_14619413.json,True,True,True,VT,ST,1280,720,defect,lack of fusion,2,True
14619427,VT_ST_04_14619427,data/raw/steel/01.원천데이터/3. VTST/VT_ST_04_14619427.jpg,data/raw/steel/02.라벨링데이터/3. VTST/VT_ST_04_14619427.json,True,True,True,VT,ST,1280,720,defect,lack of fusion,1,True
14619446,VT_ST_04_14619446,data/raw/steel/01.원천데이터/3. VTST/VT_ST_04_14619446.jpg,data/raw/steel/02.라벨링데이터/3. VTST/VT_ST_04_14619446.json,True,True,True,VT,ST,1280,720,defect,lack of fusion,1,True
14619460,VT_ST_04_14619460,data/raw/steel/01.원천데이터/3. VTST/VT_ST_04_14619460.jpg,data/raw/steel/02.라벨링데이터/3. VTST/VT_ST_04_14619460.json,True,True,True,VT,ST,1280,720,defect,lack of fusion,1,True
14619464,VT_ST_04_14619464,data/raw/steel/01.원천데이터/3. VTST/VT_ST_04_14619464.jpg,data/raw/steel/02.라벨링데이터/3. VTST/VT_ST_04_14619464.json,True,True,True,VT,ST,1280,720,defect,lack of fusion,1,True
14619467,VT_ST_04_14619467,data/raw/steel/01.원천데이터/3. VTST/VT_ST_04_14619467.jpg,data/raw/steel/02.라벨링데이터/3. VTST/VT_ST_04_14619467.json,True,True,True,VT,ST,1280,720,defect,lack of fusion,1,True
14619471,VT_ST_04_14619471,data/raw/steel/01.원천데이터/3. VTST/VT_ST_04_14619471.jpg,data/raw/steel/02.라벨링데이터/3. VTST/VT_ST_04_14619471.json,True,True,True,VT,ST,1280,720,defect,lack of fusion,1,True
14619476,VT_ST_04_14619476,data/raw/steel/01.원천데이터/3. VTST/VT_ST_04_14619476.jpg,data/raw/steel/02.라벨링데이터/3. VTST/VT_ST_04_14619476.json,True,True,True,VT,ST,1280,720,defect,lack of fusion,3,True
14619485,VT_ST_04_14619485,data/raw/steel/01.원천데이터/3. VTST/VT_ST_04_14619485.jpg,data/raw/steel/02.라벨링데이터/3. VTST/VT_ST_04_14619485.json,True,True,True,VT,ST,1280,720,defect,lack of fusion,1,True
14619486,VT_ST_04_14619486,data/raw/steel/01.원천데이터/3. VTST/VT_ST_04_14619486.jpg,data/raw/steel/02.라벨링데이터/3. VTST/VT_ST_04_14619486.json,True,True,True,VT,ST,1280,720,defect,lack of fusion,1,True
14619495,VT_ST_04_14619495,data/raw/steel/01.원천데이터/3. VTST/VT_ST_04_14619495.jpg,data/raw/steel/02.라벨링데이터/3. VTST/VT_ST_04_14619495.json,True,True,True,VT,ST,1280,720,defect,lack of fusion,1,True
14619501,VT_ST_04_14619501,data/raw/steel/01.원천데이터/3. VTST/VT_ST_04_14619501.jpg,data/raw/steel/02.라벨링데이터/3. VTST/VT_ST_04_14619501.json,True,True,True,VT,ST,1280,720,defect,lack of fusion,1,True
14619518,VT_ST_04_14619518,data/raw/steel/01.원천데이터/3. VTST/VT_ST_04_14619518.jpg,data/raw/steel/02.라벨링데이터/3. VTST/VT_ST_04_14619518.json,True,True,True,VT,ST,1280,720,defect,lack of fusion,1,True
14619520,VT_ST_04_14619520,data/raw/steel/01.원천데이터/3. VTST/VT_ST_04_14619520.jpg,data/raw/steel/02.라벨링데이터/3. VTST/VT_ST_04_14619520.json,True,True,True,VT,ST,1280,720,defect,lack of fusion,1,True
14619536,VT_ST_04_14619536,data/raw/steel/01.원천데이터/3. VTST/VT_ST_04_14619536.jpg,data/raw/steel/02.라벨링데이터/3. VTST/VT_ST_04_14619536.json,True,True,True,VT,ST,1280,720,defect,lack of fusion,1,True
14619546,VT_ST_04_14619546,data/raw/steel/01.원천데이터/3. VTST/VT_ST_04_14619546.jpg,data/raw/steel/02.라벨링데이터/3. VTST/VT_ST_04_14619546.json,True,True,True,VT,ST,1280,720,defect,lack of fusion,1,True
14619555,VT_ST_04_14619555,data/raw/steel/01.원천데이터/3. VTST/VT_ST_04_14619555.jpg,data/raw/steel/02.라벨링데이터/3. VTST/VT_ST_04_14619555.json,True,True,True,VT,ST,1280,720,defect,lack of fusion,1,True
14619565,VT_ST_04_14619565,data/raw/steel/01.원천데이터/3. VTST/VT_ST_04_14619565.jpg,data/raw/steel/02.라벨링데이터/3. VTST/VT_ST_04_14619565.json,True,True,True,VT,ST,1280,720,defect,lack of fusion,3,True
14619599,VT_ST_04_14619599,data/raw/steel/01.원천데이터/3. VTST/VT_ST_04_14619599.jpg,data/raw/steel/02.라벨링데이터/3. VTST/VT_ST_04_14619599.json,True,True,True,VT,ST,1280,720,defect,lack of fusion,1,True
14619603,VT_ST_04_14619603,data/raw/steel/01.원천데이터/3. VTST/VT_ST_04_14619603.jpg,data/raw/steel/02.라벨링데이터/3. VTST/VT_ST_04_14619603.json,True,True,True,VT,ST,1280,720,defect,lack of fusion,1,True
14619619,VT_ST_04_14619619,data/raw/steel/01.원천데이터/3. VTST/VT_ST_04_14619619.jpg,data/raw/steel/02.라벨링데이터/3. VTST/VT_ST_04_14619619.json,True,True,True,VT,ST,1280,720,defect,lack of fusion,1,True
14619621,VT_ST_04_14619621,data/raw/steel/01.원천데이터/3. VTST/VT_ST_04_14619621.jpg,data/raw/steel/02.라벨링데이터/3. VTST/VT_ST_04_14619621.json,True,True,True,VT,ST,1280,720,defect,lack of fusion,1,True
14619634,VT_ST_04_14619634,data/raw/steel/01.원천데이터/3. VTST/VT_ST_04_14619634.jpg,data/raw/steel/02.라벨링데이터/3. VTST/VT_ST_04_14619634.json,True,True,True,VT,ST,1280,720,defect,lack of fusion,1,True
14619637,VT_ST_04_14619637,data/raw/steel/01.원천데이터/3. VTST/VT_ST_04_14619637.jpg,data/raw/steel/02.라벨링데이터/3. VTST/VT_ST_04_14619637.json,True,True,True,VT,ST,1280,720,defect,lack of fusion,1,True
14619647,VT_ST_04_14619647,data/raw/steel/01.원천데이터/3. VTST/VT_ST_04_14619647.jpg,data/raw/steel/02.라벨링데이터/3. VTST/VT_ST_04_14619647.json,True,True,True,VT,ST,1280,720,defect,lack of fusion,1,True
14623748,VT_ST_06_14623748,data/raw/steel/01.원천데이터/3. VTST/VT_ST_06_14623748.jpg,data/raw/steel/02.라벨링데이터/3. VTST/VT_ST_06_14623748.json,True,True,True,VT,ST,1280,720,defect,undercut,3,True
14623753,VT_ST_06_14623753,data/raw/steel/01.원천데이터/3. VTST/VT_ST_06_14623753.jpg,data/raw/steel/02.라벨링데이터/3. VTST/VT_ST_06_14623753.json,True,True,True,VT,ST,1280,720,defect,undercut,1,True
14623755,VT_ST_06_14623755,data/raw/steel/01.원천데이터/3. VTST/VT_ST_06_14623755.jpg,data/raw/steel/02.라벨링데이터/3. VTST/VT_ST_06_14623755.json,True,True,True,VT,ST,1280,720,defect,undercut,7,True
14623761,VT_ST_06_14623761,data/raw/steel/01.원천데이터/3. VTST/VT_ST_06_14623761.jpg,data/raw/steel/02.라벨링데이터/3. VTST/VT_ST_06_14623761.json,True,True,True,VT,ST,1280,720,defect,undercut,6,True
14623764,VT_ST_06_14623764,data/raw/steel/01.원천데이터/3. VTST/VT_ST_06_14623764.jpg,data/raw/steel/02.라벨링데이터/3. VTST/VT_ST_06_14623764.json,True,True,True,VT,ST,1280,720,defect,undercut,6,True
14623766,VT_ST_06_14623766,data/raw/steel/01.원천데이터/3. VTST/VT_ST_06_14623766.jpg,data/raw/steel/02.라벨링데이터/3. VTST/VT_ST_06_14623766.json,True,True,True,VT,ST,1280,720,defect,undercut,10,True
14623772,VT_ST_06_14623772,data/raw/steel/01.원천데이터/3. VTST/VT_ST_06_14623772.jpg,data/raw/steel/02.라벨링데이터/3. VTST/VT_ST_06_14623772.json,True,True,True,VT,ST,1280,720,defect,undercut,1,True
14623780,VT_ST_06_14623780,data/raw/steel/01.원천데이터/3. VTST/VT_ST_06_14623780.jpg,data/raw/steel/02.라벨링데이터/3. VTST/VT_ST_06_14623780.json,True,True,True,VT,ST,1280,720,defect,undercut,6,True
14623797,VT_ST_06_14623797,data/raw/steel/01.원천데이터/3. VTST/VT_ST_06_14623797.jpg,data/raw/steel/02.라벨링데이터/3. VTST/VT_ST_06_14623797.json,True,True,True,VT,ST,1280,720,defect,undercut,7,True
14623814,VT_ST_06_14623814,data/raw/steel/01.원천데이터/3. VTST/VT_ST_06_14623814.jpg,data/raw/steel/02.라벨링데이터/3. VTST/VT_ST_06_14623814.json,True,True,True,VT,ST,720,1280,defect,undercut,2,True
14623826,VT_ST_06_14623826,data/raw/steel/01.원천데이터/3. VTST/VT_ST_06_14623826.jpg,data/raw/steel/02.라벨링데이터/3. VTST/VT_ST_06_14623826.json,True,True,True,VT,ST,720,1280,defect,undercut,3,True
14623829,VT_ST_06_14623829,data/raw/steel/01.원천데이터/3. VTST/VT_ST_06_14623829.jpg,data/raw/steel/02.라벨링데이터/3. VTST/VT_ST_06_14623829.json,True,True,True,VT,ST,1280,720,defect,undercut,2,True
14623847,VT_ST_06_14623847,data/raw/steel/01.원천데이터/3. VTST/VT_ST_06_14623847.jpg,data/raw/steel/02.라벨링데이터/3. VTST/VT_ST_06_14623847.json,True,True,True,VT,ST,1280,720,defect,undercut,3,True
14623864,VT_ST_06_14623864,data/raw/steel/01.원천데이터/3. VTST/VT_ST_06_14623864.jpg,data/raw/steel/02.라벨링데이터/3. VTST/VT_ST_06_14623864.json,True,True,True,VT,ST,1280,720,defect,undercut,6,True
14623925,VT_ST_06_14623925,data/raw/steel/01.원천데이터/3. VTST/VT_ST_06_14623925.jpg,data/raw/steel/02.라벨링데이터/3. VTST/VT_ST_06_14623925.json,True,True,True,VT,ST,720,1280,defect,undercut,4,True
14623971,VT_ST_06_14623971,data/raw/steel/01.원천데이터/3. VTST/VT_ST_06_14623971.jpg,data/raw/steel/02.라벨링데이터/3. VTST/VT_ST_06_14623971.json,True,True,True,VT,ST,720,1280,defect,undercut,4,True
14623979,VT_ST_06_14623979,data/raw/steel/01.원천데이터/3. VTST/VT_ST_06_14623979.jpg,data/raw/steel/02.라벨링데이터/3. VTST/VT_ST_06_14623979.json,True,True,True,VT,ST,1280,720,defect,undercut,3,True
14623983,VT_ST_06_14623983,data/raw/steel/01.원천데이터/3. VTST/VT_ST_06_14623983.jpg,data/raw/steel/02.라벨링데이터/3. VTST/VT_ST_06_14623983.json,True,True,True,VT,ST,1280,720,defect,undercut,1,True
14623984,VT_ST_06_14623984,data/raw/steel/01.원천데이터/3. VTST/VT_ST_06_14623984.jpg,data/raw/steel/02.라벨링데이터/3. VTST/VT_ST_06_14623984.json,True,True,True,VT,ST,1280,720,defect,undercut,3,True
14623986,VT_ST_06_14623986,data/raw/steel/01.원천데이터/3. VTST/VT_ST_06_14623986.jpg,data/raw/steel/02.라벨링데이터/3. VTST/VT_ST_06_14623986.json,True,True,True,VT,ST,1280,720,defect,undercut,2,True
14624003,VT_ST_06_14624003,data/raw/steel/01.원천데이터/3. VTST/VT_ST_06_14624003.jpg,data/raw/steel/02.라벨링데이터/3. VTST/VT_ST_06_14624003.json,True,True,True,VT,ST,720,1280,defect,undercut,3,True
14624023,VT_ST_06_14624023,data/raw/steel/01.원천데이터/3. VTST/VT_ST_06_14624023.jpg,data/raw/steel/02.라벨링데이터/3. VTST/VT_ST_06_14624023.json,True,True,True,VT,ST,1280,720,defect,undercut,2,True
14624025,VT_ST_06_14624025,data/raw/steel/01.원천데이터/3. VTST/VT_ST_06_14624025.jpg,data/raw/steel/02.라벨링데이터/3. VTST/VT_ST_06_14624025.json,True,True,True,VT,ST,1280,720,defect,undercut,1,True
14624029,VT_ST_06_14624029,data/raw/steel/01.원천데이터/3. VTST/VT_ST_06_14624029.jpg,data/raw/steel/02.라벨링데이터/3. VTST/VT_ST_06_14624029.json,True,True,True,VT,ST,1280,720,defect,undercut,2,True
14624033,VT_ST_06_14624033,data/raw/steel/01.원천데이터/3. VTST/VT_ST_06_14624033.jpg,data/raw/steel/02.라벨링데이터/3. VTST/VT_ST_06_14624033.json,True,True,True,VT,ST,1280,720,defect,undercut,3,True
14624035,VT_ST_06_14624035,data/raw/steel/01.원천데이터/3. VTST/VT_ST_06_14624035.jpg,data/raw/steel/02.라벨링데이터/3. VTST/VT_ST_06_14624035.json,True,True,True,VT,ST,1280,720,defect,undercut,1,True
14624044,VT_ST_06_14624044,data/raw/steel/01.원천데이터/3. VTST/VT_ST_06_14624044.jpg,data/raw/steel/02.라벨링데이터/3. VTST/VT_ST_06_14624044.json,True,True,True,VT,ST,720,1280,defect,undercut,2,True
14624045,VT_ST_06_14624045,data/raw/steel/01.원천데이터/3. VTST/VT_ST_06_14624045.jpg,data/raw/steel/02.라벨링데이터/3. VTST/VT_ST_06_14624045.json,True,True,True,VT,ST,1280,720,defect,undercut,4,True
14624076,VT_ST_06_14624076,data/raw/steel/01.원천데이터/3. VTST/VT_ST_06_14624076.jpg,data/raw/steel/02.라벨링데이터/3. VTST/VT_ST_06_14624076.json,True,True,True,VT,ST,1280,720,defect,undercut,5,True
14624080,VT_ST_06_14624080,data/raw/steel/01.원천데이터/3. VTST/VT_ST_06_14624080.jpg,data/raw/steel/02.라벨링데이터/3. VTST/VT_ST_06_14624080.json,True,True,True,VT,ST,1280,720,defect,undercut,3,True
14624082,VT_ST_06_14624082,data/raw/steel/01.원천데이터/3. VTST/VT_ST_06_14624082.jpg,data/raw/steel/02.라벨링데이터/3. VTST/VT_ST_06_14624082.json,True,True,True,VT,ST,1280,720,defect,undercut,2,True
14624095,VT_ST_06_14624095,data/raw/steel/01.원천데이터/3. VTST/VT_ST_06_14624095.jpg,data/raw/steel/02.라벨링데이터/3. VTST/VT_ST_06_14624095.json,True,True,True,VT,ST,1280,720,defect,undercut,2,True
14624102,VT_ST_06_14624102,data/raw/steel/01.원천데이터/3. VTST/VT_ST_06_14624102.jpg,data/raw/steel/02.라벨링데이터/3. VTST/VT_ST_06_14624102.json,True,True,True,VT,ST,1280,720,defect,undercut,2,True
14624104,VT_ST_06_14624104,data/raw/steel/01.원천데이터/3. VTST/VT_ST_06_14624104.jpg,data/raw/steel/02.라벨링데이터/3. VTST/VT_ST_06_14624104.json,True,True,True,VT,ST,1280,720,defect,undercut,3,True
14624106,VT_ST_06_14624106,data/raw/steel/01.원천데이터/3. VTST/VT_ST_06_14624106.jpg,data/raw/steel/02.라벨링데이터/3. VTST/VT_ST_06_14624106.json,True,True,True,VT,ST,1280,720,defect,undercut,3,True
14624120,VT_ST_06_14624120,data/raw/steel/01.원천데이터/3. VTST/VT_ST_06_14624120.jpg,data/raw/steel/02.라벨링데이터/3. VTST/VT_ST_06_14624120.json,True,True,True,VT,ST,720,1280,defect,undercut,4,True
14624144,VT_ST_06_14624144,data/raw/steel/01.원천데이터/3. VTST/VT_ST_06_14624144.jpg,data/raw/steel/02.라벨링데이터/3. VTST/VT_ST_06_14624144.json,True,True,True,VT,ST,1280,720,defect,undercut,2,True
14624154,VT_ST_06_14624154,data/raw/steel/01.원천데이터/3. VTST/VT_ST_06_14624154.jpg,data/raw/steel/02.라벨링데이터/3. VTST/VT_ST_06_14624154.json,True,True,True,VT,ST,720,1280,defect,undercut,2,True
14624156,VT_ST_06_14624156,data/raw/steel/01.원천데이터/3. VTST/VT_ST_06_14624156.jpg,data/raw/steel/02.라벨링데이터/3. VTST/VT_ST_06_14624156.json,True,True,True,VT,ST,1280,720,defect,undercut,1,True
14624160,VT_ST_06_14624160,data/raw/steel/01.원천데이터/3. VTST/VT_ST_06_14624160.jpg,data/raw/steel/02.라벨링데이터/3. VTST/VT_ST_06_14624160.json,True,True,True,VT,ST,1280,720,defect,undercut,1,True
14624165,VT_ST_06_14624165,data/raw/steel/01.원천데이터/3. VTST/VT_ST_06_14624165.jpg,data/raw/steel/02.라벨링데이터/3. VTST/VT_ST_06_14624165.json,True,True,True,VT,ST,1280,720,defect,undercut,1,True
14624196,VT_ST_06_14624196,data/raw/steel/01.원천데이터/3. VTST/VT_ST_06_14624196.jpg,data/raw/steel/02.라벨링데이터/3. VTST/VT_ST_06_14624196.json,True,True,True,VT,ST,1280,720,defect,undercut,2,True
14624205,VT_ST_06_14624205,data/raw/steel/01.원천데이터/3. VTST/VT_ST_06_14624205.jpg,data/raw/steel/02.라벨링데이터/3. VTST/VT_ST_06_14624205.json,True,True,True,VT,ST,1280,720,defect,undercut,2,True
14624207,VT_ST_06_14624207,data/raw/steel/01.원천데이터/3. VTST/VT_ST_06_14624207.jpg,data/raw/steel/02.라벨링데이터/3. VTST/VT_ST_06_14624207.json,True,True,True,VT,ST,1280,720,defect,undercut,1,True
14624216,VT_ST_06_14624216,data/raw/steel/01.원천데이터/3. VTST/VT_ST_06_14624216.jpg,data/raw/steel/02.라벨링데이터/3. VTST/VT_ST_06_14624216.json,True,True,True,VT,ST,1280,720,defect,undercut,1,True
14624220,VT_ST_06_14624220,data/raw/steel/01.원천데이터/3. VTST/VT_ST_06_14624220.jpg,data/raw/steel/02.라벨링데이터/3. VTST/VT_ST_06_14624220.json,True,True,True,VT,ST,1280,720,defect,undercut,2,True
14624232,VT_ST_06_14624232,data/raw/steel/01.원천데이터/3. VTST/VT_ST_06_14624232.jpg,data/raw/steel/02.라벨링데이터/3. VTST/VT_ST_06_14624232.json,True,True,True,VT,ST,1280,720,defect,undercut,1,True
14624241,VT_ST_06_14624241,data/raw/steel/01.원천데이터/3. VTST/VT_ST_06_14624241.jpg,data/raw/steel/02.라벨링데이터/3. VTST/VT_ST_06_14624241.json,True,True,True,VT,ST,720,1280,defect,undercut,3,True
14624256,VT_ST_06_14624256,data/raw/steel/01.원천데이터/3. VTST/VT_ST_06_14624256.jpg,data/raw/steel/02.라벨링데이터/3. VTST/VT_ST_06_14624256.json,True,True,True,VT,ST,1280,720,defect,undercut,1,True
14624275,VT_ST_06_14624275,data/raw/steel/01.원천데이터/3. VTST/VT_ST_06_14624275.jpg,data/raw/steel/02.라벨링데이터/3. VTST/VT_ST_06_14624275.json,True,True,True,VT,ST,1280,720,defect,undercut,3,True
14624279,VT_ST_06_14624279,data/raw/steel/01.원천데이터/3. VTST/VT_ST_06_14624279.jpg,data/raw/steel/02.라벨링데이터/3. VTST/VT_ST_06_14624279.json,True,True,True,VT,ST,1280,720,defect,undercut,1,True
14624302,VT_ST_06_14624302,data/raw/steel/01.원천데이터/3. VTST/VT_ST_06_14624302.jpg,data/raw/steel/02.라벨링데이터/3. VTST/VT_ST_06_14624302.json,True,True,True,VT,ST,1280,720,defect,undercut,1,True
14624307,VT_ST_06_14624307,data/raw/steel/01.원천데이터/3. VTST/VT_ST_06_14624307.jpg,data/raw/steel/02.라벨링데이터/3. VTST/VT_ST_06_14624307.json,True,True,True,VT,ST,1280,720,defect,undercut,3,True
14624310,VT_ST_06_14624310,data/raw/steel/01.원천데이터/3. VTST/VT_ST_06_14624310.jpg,data/raw/steel/02.라벨링데이터/3. VTST/VT_ST_06_14624310.json,True,True,True,VT,ST,720,1280,defect,undercut,2,True
14624311,VT_ST_06_14624311,data/raw/steel/01.원천데이터/3. VTST/VT_ST_06_14624311.jpg,data/raw/steel/02.라벨링데이터/3. VTST/VT_ST_06_14624311.json,True,True,True,VT,ST,1280,720,defect,undercut,2,True
14624316,VT_ST_06_14624316,data/raw/steel/01.원천데이터/3. VTST/VT_ST_06_14624316.jpg,data/raw/steel/02.라벨링데이터/3. VTST/VT_ST_06_14624316.json,True,True,True,VT,ST,1280,720,defect,undercut,1,True
14624320,VT_ST_06_14624320,data/raw/steel/01.원천데이터/3. VTST/VT_ST_06_14624320.jpg,data/raw/steel/02.라벨링데이터/3. VTST/VT_ST_06_14624320.json,True,True,True,VT,ST,720,1280,defect,undercut,2,True
14624328,VT_ST_06_14624328,data/raw/steel/01.원천데이터/3. VTST/VT_ST_06_14624328.jpg,data/raw/steel/02.라벨링데이터/3. VTST/VT_ST_06_14624328.json,True,True,True,VT,ST,1280,720,defect,undercut,2,True
14624339,VT_ST_06_14624339,data/raw/steel/01.원천데이터/3. VTST/VT_ST_06_14624339.jpg,data/raw/steel/02.라벨링데이터/3. VTST/VT_ST_06_14624339.json,True,True,True,VT,ST,1280,720,defect,undercut,2,True
14624347,VT_ST_06_14624347,data/raw/steel/01.원천데이터/3. VTST/VT_ST_06_14624347.jpg,data/raw/steel/02.라벨링데이터/3. VTST/VT_ST_06_14624347.json,True,True,True,VT,ST,1280,720,defect,undercut,2,True
14624360,VT_ST_06_14624360,data/raw/steel/01.원천데이터/3. VTST/VT_ST_06_14624360.jpg,data/raw/steel/02.라벨링데이터/3. VTST/VT_ST_06_14624360.json,True,True,True,VT,ST,1280,720,defect,undercut,1,True
14624367,VT_ST_06_14624367,data/raw/steel/01.원천데이터/3. VTST/VT_ST_06_14624367.jpg,data/raw/steel/02.라벨링데이터/3. VTST/VT_ST_06_14624367.json,True,True,True,VT,ST,720,1280,defect,undercut,3,True
14624381,VT_ST_06_14624381,data/raw/steel/01.원천데이터/3. VTST/VT_ST_06_14624381.jpg,data/raw/steel/02.라벨링데이터/3. VTST/VT_ST_06_14624381.json,True,True,True,VT,ST,720,1280,defect,undercut,2,True
14624385,VT_ST_06_14624385,data/raw/steel/01.원천데이터/3. VTST/VT_ST_06_14624385.jpg,data/raw/steel/02.라벨링데이터/3. VTST/VT_ST_06_14624385.json,True,True,True,VT,ST,1280,720,defect,undercut,2,True
14624387,VT_ST_06_14624387,data/raw/steel/01.원천데이터/3. VTST/VT_ST_06_14624387.jpg,data/raw/steel/02.라벨링데이터/3. VTST/VT_ST_06_14624387.json,True,True,True,VT,ST,1280,720,defect,undercut,4,True
14624392,VT_ST_06_14624392,data/raw/steel/01.원천데이터/3. VTST/VT_ST_06_14624392.jpg,data/raw/steel/02.라벨링데이터/3. VTST/VT_ST_06_14624392.json,True,True,True,VT,ST,1280,720,defect,undercut,2,True
14624400,VT_ST_06_14624400,data/raw/steel/01.원천데이터/3. VTST/VT_ST_06_14624400.jpg,data/raw/steel/02.라벨링데이터/3. VTST/VT_ST_06_14624400.json,True,True,True,VT,ST,1280,720,defect,undercut,3,True
14624406,VT_ST_06_14624406,data/raw/steel/01.원천데이터/3. VTST/VT_ST_06_14624406.jpg,data/raw/steel/02.라벨링데이터/3. VTST/VT_ST_06_14624406.json,True,True,True,VT,ST,1280,720,defect,undercut,2,True
14624420,VT_ST_06_14624420,data/raw/steel/01.원천데이터/3. VTST/VT_ST_06_14624420.jpg,data/raw/steel/02.라벨링데이터/3. VTST/VT_ST_06_14624420.json,True,True,True,VT,ST,1280,720,defect,undercut,3,True
14624422,VT_ST_06_14624422,data/raw/steel/01.원천데이터/3. VTST/VT_ST_06_14624422.jpg,data/raw/steel/02.라벨링데이터/3. VTST/VT_ST_06_14624422.json,True,True,True,VT,ST,720,1280,defect,undercut,2,True
14624428,VT_ST_06_14624428,data/raw/steel/01.원천데이터/3. VTST/VT_ST_06_14624428.jpg,data/raw/steel/02.라벨링데이터/3. VTST/VT_ST_06_14624428.json,True,True,True,VT,ST,1280,720,defect,undercut,1,True
14624430,VT_ST_06_14624430,data/raw/steel/01.원천데이터/3. VTST/VT_ST_06_14624430.jpg,data/raw/steel/02.라벨링데이터/3. VTST/VT_ST_06_14624430.json,True,True,True,VT,ST,720,1280,defect,undercut,4,True
14624436,VT_ST_06_14624436,data/raw/steel/01.원천데이터/3. VTST/VT_ST_06_14624436.jpg,data/raw/steel/02.라벨링데이터/3. VTST/VT_ST_06_14624436.json,True,True,True,VT,ST,1280,720,defect,undercut,2,True
14624438,VT_ST_06_14624438,data/raw/steel/01.원천데이터/3. VTST/VT_ST_06_14624438.jpg,data/raw/steel/02.라벨링데이터/3. VTST/VT_ST_06_14624438.json,True,True,True,VT,ST,1280,720,defect,undercut,3,True
14624440,VT_ST_06_14624440,data/raw/steel/01.원천데이터/3. VTST/VT_ST_06_14624440.jpg,data/raw/steel/02.라벨링데이터/3. VTST/VT_ST_06_14624440.json,True,True,True,VT,ST,1280,720,defect,undercut,1,True
14624453,VT_ST_06_14624453,data/raw/steel/01.원천데이터/3. VTST/VT_ST_06_14624453.jpg,data/raw/steel/02.라벨링데이터/3. VTST/VT_ST_06_14624453.json,True,True,True,VT,ST,720,1280,defect,undercut,3,True
14624462,VT_ST_06_14624462,data/raw/steel/01.원천데이터/3. VTST/VT_ST_06_14624462.jpg,data/raw/steel/02.라벨링데이터/3. VTST/VT_ST_06_14624462.json,True,True,True,VT,ST,1280,720,defect,undercut,2,True
14624463,VT_ST_06_14624463,data/raw/steel/01.원천데이터/3. VTST/VT_ST_06_14624463.jpg,data/raw/steel/02.라벨링데이터/3. VTST/VT_ST_06_14624463.json,True,True,True,VT,ST,1280,720,defect,undercut,1,True
14624464,VT_ST_06_14624464,data/raw/steel/01.원천데이터/3. VTST/VT_ST_06_14624464.jpg,data/raw/steel/02.라벨링데이터/3. VTST/VT_ST_06_14624464.json,True,True,True,VT,ST,1280,720,defect,undercut,2,True
14624472,VT_ST_06_14624472,data/raw/steel/01.원천데이터/3. VTST/VT_ST_06_14624472.jpg,data/raw/steel/02.라벨링데이터/3. VTST/VT_ST_06_14624472.json,True,True,True,VT,ST,720,1280,defect,undercut,2,True
14624496,VT_ST_06_14624496,data/raw/steel/01.원천데이터/3. VTST/VT_ST_06_14624496.jpg,data/raw/steel/02.라벨링데이터/3. VTST/VT_ST_06_14624496.json,True,True,True,VT,ST,1280,720,defect,undercut,2,True
14624502,VT_ST_06_14624502,data/raw/steel/01.원천데이터/3. VTST/VT_ST_06_14624502.jpg,data/raw/steel/02.라벨링데이터/3. VTST/VT_ST_06_14624502.json,True,True,True,VT,ST,1280,720,defect,undercut,3,True
14624539,VT_ST_06_14624539,data/raw/steel/01.원천데이터/3. VTST/VT_ST_06_14624539.jpg,data/raw/steel/02.라벨링데이터/3. VTST/VT_ST_06_14624539.json,True,True,True,VT,ST,1280,720,defect,undercut,2,True
14624544,VT_ST_06_14624544,data/raw/steel/01.원천데이터/3. VTST/VT_ST_06_14624544.jpg,data/raw/steel/02.라벨링데이터/3. VTST/VT_ST_06_14624544.json,True,True,True,VT,ST,1280,720,defect,undercut,2,True
14624547,VT_ST_06_14624547,data/raw/steel/01.원천데이터/3. VTST/VT_ST_06_14624547.jpg,data/raw/steel/02.라벨링데이터/3. VTST/VT_ST_06_14624547.json,True,True,True,VT,ST,1280,720,defect,undercut,1,True
14624562,VT_ST_06_14624562,data/raw/steel/01.원천데이터/3. VTST/VT_ST_06_14624562.jpg,data/raw/steel/02.라벨링데이터/3. VTST/VT_ST_06_14624562.json,True,True,True,VT,ST,1280,720,defect,undercut,2,True
14624580,VT_ST_06_14624580,data/raw/steel/01.원천데이터/3. VTST/VT_ST_06_14624580.jpg,data/raw/steel/02.라벨링데이터/3. VTST/VT_ST_06_14624580.json,True,True,True,VT,ST,1280,720,defect,undercut,4,True
14624599,VT_ST_06_14624599,data/raw/steel/01.원천데이터/3. VTST/VT_ST_06_14624599.jpg,data/raw/steel/02.라벨링데이터/3. VTST/VT_ST_06_14624599.json,True,True,True,VT,ST,720,1280,defect,undercut,3,True
14624609,VT_ST_06_14624609,data/raw/steel/01.원천데이터/3. VTST/VT_ST_06_14624609.jpg,data/raw/steel/02.라벨링데이터/3. VTST/VT_ST_06_14624609.json,True,True,True,VT,ST,1280,720,defect,undercut,4,True
14624615,VT_ST_06_14624615,data/raw/steel/01.원천데이터/3. VTST/VT_ST_06_14624615.jpg,data/raw/steel/02.라벨링데이터/3. VTST/VT_ST_06_14624615.json,True,True,True,VT,ST,1280,720,defect,undercut,1,True
14624636,VT_ST_06_14624636,data/raw/steel/01.원천데이터/3. VTST/VT_ST_06_14624636.jpg,data/raw/steel/02.라벨링데이터/3. VTST/VT_ST_06_14624636.json,True,True,True,VT,ST,1280,720,defect,undercut,3,True
14624638,VT_ST_06_14624638,data/raw/steel/01.원천데이터/3. VTST/VT_ST_06_14624638.jpg,data/raw/steel/02.라벨링데이터/3. VTST/VT_ST_06_14624638.json,True,True,True,VT,ST,1280,720,defect,undercut,1,True
14624646,VT_ST_06_14624646,data/raw/steel/01.원천데이터/3. VTST/VT_ST_06_14624646.jpg,data/raw/steel/02.라벨링데이터/3. VTST/VT_ST_06_14624646.json,True,True,True,VT,ST,1280,720,defect,undercut,2,True
14624648,VT_ST_06_14624648,data/raw/steel/01.원천데이터/3. VTST/VT_ST_06_14624648.jpg,data/raw/steel/02.라벨링데이터/3. VTST/VT_ST_06_14624648.json,True,True,True,VT,ST,1280,720,defect,undercut,2,True
14624656,VT_ST_06_14624656,data/raw/steel/01.원천데이터/3. VTST/VT_ST_06_14624656.jpg,data/raw/steel/02.라벨링데이터/3. VTST/VT_ST_06_14624656.json,True,True,True,VT,ST,1280,720,defect,undercut,1,True
14624672,VT_ST_06_14624672,data/raw/steel/01.원천데이터/3. VTST/VT_ST_06_14624672.jpg,data/raw/steel/02.라벨링데이터/3. VTST/VT_ST_06_14624672.json,True,True,True,VT,ST,1280,720,defect,undercut,4,True
14624675,VT_ST_06_14624675,data/raw/steel/01.원천데이터/3. VTST/VT_ST_06_14624675.jpg,data/raw/steel/02.라벨링데이터/3. VTST/VT_ST_06_14624675.json,True,True,True,VT,ST,1280,720,defect,undercut,3,True
14624703,VT_ST_06_14624703,data/raw/steel/01.원천데이터/3. VTST/VT_ST_06_14624703.jpg,data/raw/steel/02.라벨링데이터/3. VTST/VT_ST_06_14624703.json,True,True,True,VT,ST,1280,720,defect,undercut,4,True
14624717,VT_ST_06_14624717,data/raw/steel/01.원천데이터/3. VTST/VT_ST_06_14624717.jpg,data/raw/steel/02.라벨링데이터/3. VTST/VT_ST_06_14624717.json,True,True,True,VT,ST,1280,720,defect,undercut,1,True
14624753,VT_ST_06_14624753,data/raw/steel/01.원천데이터/3. VTST/VT_ST_06_14624753.jpg,data/raw/steel/02.라벨링데이터/3. VTST/VT_ST_06_14624753.json,True,True,True,VT,ST,720,1280,defect,undercut,3,True
14624763,VT_ST_06_14624763,data/raw/steel/01.원천데이터/3. VTST/VT_ST_06_14624763.jpg,data/raw/steel/02.라벨링데이터/3. VTST/VT_ST_06_14624763.json,True,True,True,VT,ST,1280,720,defect,undercut,3,True
14624808,VT_ST_06_14624808,data/raw/steel/01.원천데이터/3. VTST/VT_ST_06_14624808.jpg,data/raw/steel/02.라벨링데이터/3. VTST/VT_ST_06_14624808.json,True,True,True,VT,ST,1280,720,defect,undercut,2,True
14624810,VT_ST_06_14624810,data/raw/steel/01.원천데이터/3. VTST/VT_ST_06_14624810.jpg,data/raw/steel/02.라벨링데이터/3. VTST/VT_ST_06_14624810.json,True,True,True,VT,ST,1280,720,defect,undercut,1,True
14624813,VT_ST_06_14624813,data/raw/steel/01.원천데이터/3. VTST/VT_ST_06_14624813.jpg,data/raw/steel/02.라벨링데이터/3. VTST/VT_ST_06_14624813.json,True,True,True,VT,ST,1280,720,defect,undercut,1,True
14624822,VT_ST_06_14624822,data/raw/steel/01.원천데이터/3. VTST/VT_ST_06_14624822.jpg,data/raw/steel/02.라벨링데이터/3. VTST/VT_ST_06_14624822.json,True,True,True,VT,ST,1280,720,defect,undercut,1,True
14624828,VT_ST_06_14624828,data/raw/steel/01.원천데이터/3. VTST/VT_ST_06_14624828.jpg,data/raw/steel/02.라벨링데이터/3. VTST/VT_ST_06_14624828.json,True,True,True,VT,ST,1280,720,defect,undercut,1,True
14624832,VT_ST_06_14624832,data/raw/steel/01.원천데이터/3. VTST/VT_ST_06_14624832.jpg,data/raw/steel/02.라벨링데이터/3. VTST/VT_ST_06_14624832.json,True,True,True,VT,ST,1280,720,defect,undercut,1,True
14624868,VT_ST_06_14624868,data/raw/steel/01.원천데이터/3. VTST/VT_ST_06_14624868.jpg,data/raw/steel/02.라벨링데이터/3. VTST/VT_ST_06_14624868.json,True,True,True,VT,ST,1280,720,defect,undercut,1,True
14624873,VT_ST_06_14624873,data/raw/steel/01.원천데이터/3. VTST/VT_ST_06_14624873.jpg,data/raw/steel/02.라벨링데이터/3. VTST/VT_ST_06_14624873.json,True,True,True,VT,ST,1280,720,defect,undercut,1,True
14624874,VT_ST_06_14624874,data/raw/steel/01.원천데이터/3. VTST/VT_ST_06_14624874.jpg,data/raw/steel/02.라벨링데이터/3. VTST/VT_ST_06_14624874.json,True,True,True,VT,ST,1280,720,defect,undercut,4,True
14624879,VT_ST_06_14624879,data/raw/steel/01.원천데이터/3. VTST/VT_ST_06_14624879.jpg,data/raw/steel/02.라벨링데이터/3. VTST/VT_ST_06_14624879.json,True,True,True,VT,ST,1280,720,defect,undercut,2,True
14624896,VT_ST_06_14624896,data/raw/steel/01.원천데이터/3. VTST/VT_ST_06_14624896.jpg,data/raw/steel/02.라벨링데이터/3. VTST/VT_ST_06_14624896.json,True,True,True,VT,ST,1280,720,defect,undercut,1,True
14624909,VT_ST_06_14624909,data/raw/steel/01.원천데이터/3. VTST/VT_ST_06_14624909.jpg,data/raw/steel/02.라벨링데이터/3. VTST/VT_ST_06_14624909.json,True,True,True,VT,ST,1280,720,defect,undercut,1,True
14624918,VT_ST_06_14624918,data/raw/steel/01.원천데이터/3. VTST/VT_ST_06_14624918.jpg,data/raw/steel/02.라벨링데이터/3. VTST/VT_ST_06_14624918.json,True,True,True,VT,ST,1280,720,defect,undercut,1,True
14624930,VT_ST_06_14624930,data/raw/steel/01.원천데이터/3. VTST/VT_ST_06_14624930.jpg,data/raw/steel/02.라벨링데이터/3. VTST/VT_ST_06_14624930.json,True,True,True,VT,ST,1280,720,defect,undercut,2,True
14624934,VT_ST_06_14624934,data/raw/steel/01.원천데이터/3. VTST/VT_ST_06_14624934.jpg,data/raw/steel/02.라벨링데이터/3. VTST/VT_ST_06_14624934.json,True,True,True,VT,ST,1280,720,defect,undercut,3,True
14624941,VT_ST_06_14624941,data/raw/steel/01.원천데이터/3. VTST/VT_ST_06_14624941.jpg,data/raw/steel/02.라벨링데이터/3. VTST/VT_ST_06_14624941.json,True,True,True,VT,ST,1280,720,defect,undercut,4,True
14624950,VT_ST_06_14624950,data/raw/steel/01.원천데이터/3. VTST/VT_ST_06_14624950.jpg,data/raw/steel/02.라벨링데이터/3. VTST/VT_ST_06_14624950.json,True,True,True,VT,ST,1280,720,defect,undercut,4,True
14624959,VT_ST_06_14624959,data/raw/steel/01.원천데이터/3. VTST/VT_ST_06_14624959.jpg,data/raw/steel/02.라벨링데이터/3. VTST/VT_ST_06_14624959.json,True,True,True,VT,ST,1280,720,defect,undercut,4,True
14624963,VT_ST_06_14624963,data/raw/steel/01.원천데이터/3. VTST/VT_ST_06_14624963.jpg,data/raw/steel/02.라벨링데이터/3. VTST/VT_ST_06_14624963.json,True,True,True,VT,ST,1280,720,defect,undercut,2,True
14624970,VT_ST_06_14624970,data/raw/steel/01.원천데이터/3. VTST/VT_ST_06_14624970.jpg,data/raw/steel/02.라벨링데이터/3. VTST/VT_ST_06_14624970.json,True,True,True,VT,ST,1280,720,defect,undercut,3,True
14624985,VT_ST_06_14624985,data/raw/steel/01.원천데이터/3. VTST/VT_ST_06_14624985.jpg,data/raw/steel/02.라벨링데이터/3. VTST/VT_ST_06_14624985.json,True,True,True,VT,ST,1280,720,defect,undercut,1,True
14625002,VT_ST_06_14625002,data/raw/steel/01.원천데이터/3. VTST/VT_ST_06_14625002.jpg,data/raw/steel/02.라벨링데이터/3. VTST/VT_ST_06_14625002.json,True,True,True,VT,ST,1280,720,defect,undercut,1,True
14625012,VT_ST_06_14625012,data/raw/steel/01.원천데이터/3. VTST/VT_ST_06_14625012.jpg,data/raw/steel/02.라벨링데이터/3. VTST/VT_ST_06_14625012.json,True,True,True,VT,ST,1280,720,defect,undercut,1,True
14625016,VT_ST_06_14625016,data/raw/steel/01.원천데이터/3. VTST/VT_ST_06_14625016.jpg,data/raw/steel/02.라벨링데이터/3. VTST/VT_ST_06_14625016.json,True,True,True,VT,ST,1280,720,defect,undercut,2,True
14625017,VT_ST_06_14625017,data/raw/steel/01.원천데이터/3. VTST/VT_ST_06_14625017.jpg,data/raw/steel/02.라벨링데이터/3. VTST/VT_ST_06_14625017.json,True,True,True,VT,ST,1280,720,defect,undercut,2,True
14625018,VT_ST_06_14625018,data/raw/steel/01.원천데이터/3. VTST/VT_ST_06_14625018.jpg,data/raw/steel/02.라벨링데이터/3. VTST/VT_ST_06_14625018.json,True,True,True,VT,ST,1280,720,defect,undercut,5,True
14625022,VT_ST_06_14625022,data/raw/steel/01.원천데이터/3. VTST/VT_ST_06_14625022.jpg,data/raw/steel/02.라벨링데이터/3. VTST/VT_ST_06_14625022.json,True,True,True,VT,ST,1280,720,defect,undercut,3,True
14625027,VT_ST_06_14625027,data/raw/steel/01.원천데이터/3. VTST/VT_ST_06_14625027.jpg,data/raw/steel/02.라벨링데이터/3. VTST/VT_ST_06_14625027.json,True,True,True,VT,ST,1280,720,defect,undercut,3,True
14625029,VT_ST_06_14625029,data/raw/steel/01.원천데이터/3. VTST/VT_ST_06_14625029.jpg,data/raw/steel/02.라벨링데이터/3. VTST/VT_ST_06_14625029.json,True,True,True,VT,ST,1280,720,defect,undercut,2,True
14625039,VT_ST_06_14625039,data/raw/steel/01.원천데이터/3. VTST/VT_ST_06_14625039.jpg,data/raw/steel/02.라벨링데이터/3. VTST/VT_ST_06_14625039.json,True,True,True,VT,ST,1280,720,defect,undercut,2,True
14625047,VT_ST_06_14625047,data/raw/steel/01.원천데이터/3. VTST/VT_ST_06_14625047.jpg,data/raw/steel/02.라벨링데이터/3. VTST/VT_ST_06_14625047.json,True,True,True,VT,ST,1280,720,defect,undercut,3,True
14625061,VT_ST_06_14625061,data/raw/steel/01.원천데이터/3. VTST/VT_ST_06_14625061.jpg,data/raw/steel/02.라벨링데이터/3. VTST/VT_ST_06_14625061.json,True,True,True,VT,ST,1280,720,defect,undercut,3,True
14625063,VT_ST_06_14625063,data/raw/steel/01.원천데이터/3. VTST/VT_ST_06_14625063.jpg,data/raw/steel/02.라벨링데이터/3. VTST/VT_ST_06_14625063.json,True,True,True,VT,ST,1280,720,defect,undercut,2,True
14625089,VT_ST_06_14625089,data/raw/steel/01.원천데이터/3. VTST/VT_ST_06_14625089.jpg,data/raw/steel/02.라벨링데이터/3. VTST/VT_ST_06_14625089.json,True,True,True,VT,ST,1280,720,defect,undercut,1,True
14625090,VT_ST_06_14625090,data/raw/steel/01.원천데이터/3. VTST/VT_ST_06_14625090.jpg,data/raw/steel/02.라벨링데이터/3. VTST/VT_ST_06_14625090.json,True,True,True,VT,ST,1280,720,defect,undercut,3,True
14625092,VT_ST_06_14625092,data/raw/steel/01.원천데이터/3. VTST/VT_ST_06_14625092.jpg,data/raw/steel/02.라벨링데이터/3. VTST/VT_ST_06_14625092.json,True,True,True,VT,ST,1280,720,defect,undercut,2,True
14625105,VT_ST_06_14625105,data/raw/steel/01.원천데이터/3. VTST/VT_ST_06_14625105.jpg,data/raw/steel/02.라벨링데이터/3. VTST/VT_ST_06_14625105.json,True,True,True,VT,ST,1280,720,defect,undercut,2,True
14625107,VT_ST_06_14625107,data/raw/steel/01.원천데이터/3. VTST/VT_ST_06_14625107.jpg,data/raw/steel/02.라벨링데이터/3. VTST/VT_ST_06_14625107.json,True,True,True,VT,ST,1280,720,defect,undercut,1,True
14625123,VT_ST_06_14625123,data/raw/steel/01.원천데이터/3. VTST/VT_ST_06_14625123.jpg,data/raw/steel/02.라벨링데이터/3. VTST/VT_ST_06_14625123.json,True,True,True,VT,ST,1280,720,defect,undercut,1,True
14625147,VT_ST_06_14625147,data/raw/steel/01.원천데이터/3. VTST/VT_ST_06_14625147.jpg,data/raw/steel/02.라벨링데이터/3. VTST/VT_ST_06_14625147.json,True,True,True,VT,ST,1280,720,defect,undercut,5,True
14625153,VT_ST_06_14625153,data/raw/steel/01.원천데이터/3. VTST/VT_ST_06_14625153.jpg,data/raw/steel/02.라벨링데이터/3. VTST/VT_ST_06_14625153.json,True,True,True,VT,ST,1280,720,defect,undercut,3,True
14625158,VT_ST_06_14625158,data/raw/steel/01.원천데이터/3. VTST/VT_ST_06_14625158.jpg,data/raw/steel/02.라벨링데이터/3. VTST/VT_ST_06_14625158.json,True,True,True,VT,ST,1280,720,defect,undercut,4,True
14625168,VT_ST_06_14625168,data/raw/steel/01.원천데이터/3. VTST/VT_ST_06_14625168.jpg,data/raw/steel/02.라벨링데이터/3. VTST/VT_ST_06_14625168.json,True,True,True,VT,ST,1280,720,defect,undercut,2,True
14625169,VT_ST_06_14625169,data/raw/steel/01.원천데이터/3. VTST/VT_ST_06_14625169.jpg,data/raw/steel/02.라벨링데이터/3. VTST/VT_ST_06_14625169.json,True,True,True,VT,ST,1280,720,defect,undercut,4,True
14625198,VT_ST_06_14625198,data/raw/steel/01.원천데이터/3. VTST/VT_ST_06_14625198.jpg,data/raw/steel/02.라벨링데이터/3. VTST/VT_ST_06_14625198.json,True,True,True,VT,ST,1280,720,defect,undercut,3,True
14625205,VT_ST_06_14625205,data/raw/steel/01.원천데이터/3. VTST/VT_ST_06_14625205.jpg,data/raw/steel/02.라벨링데이터/3. VTST/VT_ST_06_14625205.json,True,True,True,VT,ST,1280,720,defect,undercut,2,True
14625207,VT_ST_06_14625207,data/raw/steel/01.원천데이터/3. VTST/VT_ST_06_14625207.jpg,data/raw/steel/02.라벨링데이터/3. VTST/VT_ST_06_14625207.json,True,True,True,VT,ST,1280,720,defect,undercut,2,True
14625214,VT_ST_06_14625214,data/raw/steel/01.원천데이터/3. VTST/VT_ST_06_14625214.jpg,data/raw/steel/02.라벨링데이터/3. VTST/VT_ST_06_14625214.json,True,True,True,VT,ST,1280,720,defect,undercut,2,True
14625224,VT_ST_06_14625224,data/raw/steel/01.원천데이터/3. VTST/VT_ST_06_14625224.jpg,data/raw/steel/02.라벨링데이터/3. VTST/VT_ST_06_14625224.json,True,True,True,VT,ST,1280,720,defect,undercut,4,True
14625229,VT_ST_06_14625229,data/raw/steel/01.원천데이터/3. VTST/VT_ST_06_14625229.jpg,data/raw/steel/02.라벨링데이터/3. VTST/VT_ST_06_14625229.json,True,True,True,VT,ST,1280,720,defect,undercut,2,True
14625237,VT_ST_06_14625237,data/raw/steel/01.원천데이터/3. VTST/VT_ST_06_14625237.jpg,data/raw/steel/02.라벨링데이터/3. VTST/VT_ST_06_14625237.json,True,True,True,VT,ST,1280,720,defect,undercut,3,True
14625245,VT_ST_06_14625245,data/raw/steel/01.원천데이터/3. VTST/VT_ST_06_14625245.jpg,data/raw/steel/02.라벨링데이터/3. VTST/VT_ST_06_14625245.json,True,True,True,VT,ST,1280,720,defect,undercut,3,True
14625251,VT_ST_06_14625251,data/raw/steel/01.원천데이터/3. VTST/VT_ST_06_14625251.jpg,data/raw/steel/02.라벨링데이터/3. VTST/VT_ST_06_14625251.json,True,True,True,VT,ST,1280,720,defect,undercut,1,True
14625256,VT_ST_06_14625256,data/raw/steel/01.원천데이터/3. VTST/VT_ST_06_14625256.jpg,data/raw/steel/02.라벨링데이터/3. VTST/VT_ST_06_14625256.json,True,True,True,VT,ST,1280,720,defect,undercut,2,True
14625277,VT_ST_06_14625277,data/raw/steel/01.원천데이터/3. VTST/VT_ST_06_14625277.jpg,data/raw/steel/02.라벨링데이터/3. VTST/VT_ST_06_14625277.json,True,True,True,VT,ST,1280,720,defect,undercut,2,True
14625281,VT_ST_06_14625281,data/raw/steel/01.원천데이터/3. VTST/VT_ST_06_14625281.jpg,data/raw/steel/02.라벨링데이터/3. VTST/VT_ST_06_14625281.json,True,True,True,VT,ST,1280,720,defect,undercut,2,True
14625288,VT_ST_06_14625288,data/raw/steel/01.원천데이터/3. VTST/VT_ST_06_14625288.jpg,data/raw/steel/02.라벨링데이터/3. VTST/VT_ST_06_14625288.json,True,True,True,VT,ST,1280,720,defect,undercut,2,True
14625299,VT_ST_06_14625299,data/raw/steel/01.원천데이터/3. VTST/VT_ST_06_14625299.jpg,data/raw/steel/02.라벨링데이터/3. VTST/VT_ST_06_14625299.json,True,True,True,VT,ST,1280,720,defect,undercut,3,True
14625317,VT_ST_06_14625317,data/raw/steel/01.원천데이터/3. VTST/VT_ST_06_14625317.jpg,data/raw/steel/02.라벨링데이터/3. VTST/VT_ST_06_14625317.json,True,True,True,VT,ST,1280,720,defect,undercut,3,True
14625328,VT_ST_06_14625328,data/raw/steel/01.원천데이터/3. VTST/VT_ST_06_14625328.jpg,data/raw/steel/02.라벨링데이터/3. VTST/VT_ST_06_14625328.json,True,True,True,VT,ST,1280,720,defect,undercut,4,True
14625343,VT_ST_06_14625343,data/raw/steel/01.원천데이터/3. VTST/VT_ST_06_14625343.jpg,data/raw/steel/02.라벨링데이터/3. VTST/VT_ST_06_14625343.json,True,True,True,VT,ST,1280,720,defect,undercut,3,True
14625347,VT_ST_06_14625347,data/raw/steel/01.원천데이터/3. VTST/VT_ST_06_14625347.jpg,data/raw/steel/02.라벨링데이터/3. VTST/VT_ST_06_14625347.json,True,True,True,VT,ST,1280,720,defect,undercut,2,True
14625355,VT_ST_06_14625355,data/raw/steel/01.원천데이터/3. VTST/VT_ST_06_14625355.jpg,data/raw/steel/02.라벨링데이터/3. VTST/VT_ST_06_14625355.json,True,True,True,VT,ST,1280,720,defect,undercut,2,True
14625370,VT_ST_06_14625370,data/raw/steel/01.원천데이터/3. VTST/VT_ST_06_14625370.jpg,data/raw/steel/02.라벨링데이터/3. VTST/VT_ST_06_14625370.json,True,True,True,VT,ST,1280,720,defect,undercut,1,True
14625375,VT_ST_06_14625375,data/raw/steel/01.원천데이터/3. VTST/VT_ST_06_14625375.jpg,data/raw/steel/02.라벨링데이터/3. VTST/VT_ST_06_14625375.json,True,True,True,VT,ST,1280,720,defect,undercut,1,True
14625376,VT_ST_06_14625376,data/raw/steel/01.원천데이터/3. VTST/VT_ST_06_14625376.jpg,data/raw/steel/02.라벨링데이터/3. VTST/VT_ST_06_14625376.json,True,True,True,VT,ST,1280,720,defect,undercut,3,True
14625381,VT_ST_06_14625381,data/raw/steel/01.원천데이터/3. VTST/VT_ST_06_14625381.jpg,data/raw/steel/02.라벨링데이터/3. VTST/VT_ST_06_14625381.json,True,True,True,VT,ST,1280,720,defect,undercut,3,True
14625382,VT_ST_06_14625382,data/raw/steel/01.원천데이터/3. VTST/VT_ST_06_14625382.jpg,data/raw/steel/02.라벨링데이터/3. VTST/VT_ST_06_14625382.json,True,True,True,VT,ST,1280,720,defect,undercut,2,True
14625387,VT_ST_06_14625387,data/raw/steel/01.원천데이터/3. VTST/VT_ST_06_14625387.jpg,data/raw/steel/02.라벨링데이터/3. VTST/VT_ST_06_14625387.json,True,True,True,VT,ST,1280,720,defect,undercut,1,True
14625394,VT_ST_06_14625394,data/raw/steel/01.원천데이터/3. VTST/VT_ST_06_14625394.jpg,data/raw/steel/02.라벨링데이터/3. VTST/VT_ST_06_14625394.json,True,True,True,VT,ST,1280,720,defect,undercut,3,True
14625422,VT_ST_06_14625422,data/raw/steel/01.원천데이터/3. VTST/VT_ST_06_14625422.jpg,data/raw/steel/02.라벨링데이터/3. VTST/VT_ST_06_14625422.json,True,True,True,VT,ST,1280,720,defect,undercut,2,True
14625432,VT_ST_06_14625432,data/raw/steel/01.원천데이터/3. VTST/VT_ST_06_14625432.jpg,data/raw/steel/02.라벨링데이터/3. VTST/VT_ST_06_14625432.json,True,True,True,VT,ST,1280,720,defect,undercut,4,True
14625441,VT_ST_06_14625441,data/raw/steel/01.원천데이터/3. VTST/VT_ST_06_14625441.jpg,data/raw/steel/02.라벨링데이터/3. VTST/VT_ST_06_14625441.json,True,True,True,VT,ST,1280,720,defect,undercut,3,True
14625454,VT_ST_06_14625454,data/raw/steel/01.원천데이터/3. VTST/VT_ST_06_14625454.jpg,data/raw/steel/02.라벨링데이터/3. VTST/VT_ST_06_14625454.json,True,True,True,VT,ST,1280,720,defect,undercut,3,True
14625455,VT_ST_06_14625455,data/raw/steel/01.원천데이터/3. VTST/VT_ST_06_14625455.jpg,data/raw/steel/02.라벨링데이터/3. VTST/VT_ST_06_14625455.json,True,True,True,VT,ST,1280,720,defect,undercut,1,True
14625458,VT_ST_06_14625458,data/raw/steel/01.원천데이터/3. VTST/VT_ST_06_14625458.jpg,data/raw/steel/02.라벨링데이터/3. VTST/VT_ST_06_14625458.json,True,True,True,VT,ST,1280,720,defect,undercut,2,True
14625464,VT_ST_06_14625464,data/raw/steel/01.원천데이터/3. VTST/VT_ST_06_14625464.jpg,data/raw/steel/02.라벨링데이터/3. VTST/VT_ST_06_14625464.json,True,True,True,VT,ST,1280,720,defect,undercut,1,True
14625472,VT_ST_06_14625472,data/raw/steel/01.원천데이터/3. VTST/VT_ST_06_14625472.jpg,data/raw/steel/02.라벨링데이터/3. VTST/VT_ST_06_14625472.json,True,True,True,VT,ST,1280,720,defect,undercut,4,True
14625482,VT_ST_06_14625482,data/raw/steel/01.원천데이터/3. VTST/VT_ST_06_14625482.jpg,data/raw/steel/02.라벨링데이터/3. VTST/VT_ST_06_14625482.json,True,True,True,VT,ST,1280,720,defect,undercut,4,True
14625491,VT_ST_06_14625491,data/raw/steel/01.원천데이터/3. VTST/VT_ST_06_14625491.jpg,data/raw/steel/02.라벨링데이터/3. VTST/VT_ST_06_14625491.json,True,True,True,VT,ST,1280,720,defect,undercut,2,True
14625493,VT_ST_06_14625493,data/raw/steel/01.원천데이터/3. VTST/VT_ST_06_14625493.jpg,data/raw/steel/02.라벨링데이터/3. VTST/VT_ST_06_14625493.json,True,True,True,VT,ST,1280,720,defect,undercut,2,True
14625505,VT_ST_06_14625505,data/raw/steel/01.원천데이터/3. VTST/VT_ST_06_14625505.jpg,data/raw/steel/02.라벨링데이터/3. VTST/VT_ST_06_14625505.json,True,True,True,VT,ST,1280,720,defect,undercut,3,True
14625510,VT_ST_06_14625510,data/raw/steel/01.원천데이터/3. VTST/VT_ST_06_14625510.jpg,data/raw/steel/02.라벨링데이터/3. VTST/VT_ST_06_14625510.json,True,True,True,VT,ST,1280,720,defect,undercut,4,True
14625517,VT_ST_06_14625517,data/raw/steel/01.원천데이터/3. VTST/VT_ST_06_14625517.jpg,data/raw/steel/02.라벨링데이터/3. VTST/VT_ST_06_14625517.json,True,True,True,VT,ST,1280,720,defect,undercut,2,True
14625521,VT_ST_06_14625521,data/raw/steel/01.원천데이터/3. VTST/VT_ST_06_14625521.jpg,data/raw/steel/02.라벨링데이터/3. VTST/VT_ST_06_14625521.json,True,True,True,VT,ST,1280,720,defect,undercut,2,True
14625530,VT_ST_06_14625530,data/raw/steel/01.원천데이터/3. VTST/VT_ST_06_14625530.jpg,data/raw/steel/02.라벨링데이터/3. VTST/VT_ST_06_14625530.json,True,True,True,VT,ST,1280,720,defect,undercut,1,True
14625548,VT_ST_06_14625548,data/raw/steel/01.원천데이터/3. VTST/VT_ST_06_14625548.jpg,data/raw/steel/02.라벨링데이터/3. VTST/VT_ST_06_14625548.json,True,True,True,VT,ST,1280,720,defect,undercut,1,True
14625575,VT_ST_06_14625575,data/raw/steel/01.원천데이터/3. VTST/VT_ST_06_14625575.jpg,data/raw/steel/02.라벨링데이터/3. VTST/VT_ST_06_14625575.json,True,True,True,VT,ST,1280,720,defect,undercut,5,True
14625578,VT_ST_06_14625578,data/raw/steel/01.원천데이터/3. VTST/VT_ST_06_14625578.jpg,data/raw/steel/02.라벨링데이터/3. VTST/VT_ST_06_14625578.json,True,True,True,VT,ST,1280,720,defect,undercut,2,True
14625579,VT_ST_06_14625579,data/raw/steel/01.원천데이터/3. VTST/VT_ST_06_14625579.jpg,data/raw/steel/02.라벨링데이터/3. VTST/VT_ST_06_14625579.json,True,True,True,VT,ST,1280,720,defect,undercut,2,True
14625600,VT_ST_06_14625600,data/raw/steel/01.원천데이터/3. VTST/VT_ST_06_14625600.jpg,data/raw/steel/02.라벨링데이터/3. VTST/VT_ST_06_14625600.json,True,True,True,VT,ST,1280,720,defect,undercut,1,True
14625606,VT_ST_06_14625606,data/raw/steel/01.원천데이터/3. VTST/VT_ST_06_14625606.jpg,data/raw/steel/02.라벨링데이터/3. VTST/VT_ST_06_14625606.json,True,True,True,VT,ST,1280,720,defect,undercut,1,True
14625614,VT_ST_06_14625614,data/raw/steel/01.원천데이터/3. VTST/VT_ST_06_14625614.jpg,data/raw/steel/02.라벨링데이터/3. VTST/VT_ST_06_14625614.json,True,True,True,VT,ST,1280,720,defect,undercut,3,True
14625622,VT_ST_06_14625622,data/raw/steel/01.원천데이터/3. VTST/VT_ST_06_14625622.jpg,data/raw/steel/02.라벨링데이터/3. VTST/VT_ST_06_14625622.json,True,True,True,VT,ST,1280,720,defect,undercut,3,True
14625635,VT_ST_06_14625635,data/raw/steel/01.원천데이터/3. VTST/VT_ST_06_14625635.jpg,data/raw/steel/02.라벨링데이터/3. VTST/VT_ST_06_14625635.json,True,True,True,VT,ST,1280,720,defect,undercut,3,True
14625638,VT_ST_06_14625638,data/raw/steel/01.원천데이터/3. VTST/VT_ST_06_14625638.jpg,data/raw/steel/02.라벨링데이터/3. VTST/VT_ST_06_14625638.json,True,True,True,VT,ST,1280,720,defect,undercut,2,True
14625640,VT_ST_06_14625640,data/raw/steel/01.원천데이터/3. VTST/VT_ST_06_14625640.jpg,data/raw/steel/02.라벨링데이터/3. VTST/VT_ST_06_14625640.json,True,True,True,VT,ST,1280,720,defect,undercut,1,True
14625650,VT_ST_06_14625650,data/raw/steel/01.원천데이터/3. VTST/VT_ST_06_14625650.jpg,data/raw/steel/02.라벨링데이터/3. VTST/VT_ST_06_14625650.json,True,True,True,VT,ST,1280,720,defect,undercut,3,True
14625663,VT_ST_06_14625663,data/raw/steel/01.원천데이터/3. VTST/VT_ST_06_14625663.jpg,data/raw/steel/02.라벨링데이터/3. VTST/VT_ST_06_14625663.json,True,True,True,VT,ST,1280,720,defect,undercut,3,True
14625677,VT_ST_06_14625677,data/raw/steel/01.원천데이터/3. VTST/VT_ST_06_14625677.jpg,data/raw/steel/02.라벨링데이터/3. VTST/VT_ST_06_14625677.json,True,True,True,VT,ST,1280,720,defect,undercut,3,True
14625678,VT_ST_06_14625678,data/raw/steel/01.원천데이터/3. VTST/VT_ST_06_14625678.jpg,data/raw/steel/02.라벨링데이터/3. VTST/VT_ST_06_14625678.json,True,True,True,VT,ST,1280,720,defect,undercut,3,True
14625679,VT_ST_06_14625679,data/raw/steel/01.원천데이터/3. VTST/VT_ST_06_14625679.jpg,data/raw/steel/02.라벨링데이터/3. VTST/VT_ST_06_14625679.json,True,True,True,VT,ST,1280,720,defect,undercut,1,True
14625682,VT_ST_06_14625682,data/raw/steel/01.원천데이터/3. VTST/VT_ST_06_14625682.jpg,data/raw/steel/02.라벨링데이터/3. VTST/VT_ST_06_14625682.json,True,True,True,VT,ST,1280,720,defect,undercut,2,True
14625683,VT_ST_06_14625683,data/raw/steel/01.원천데이터/3. VTST/VT_ST_06_14625683.jpg,data/raw/steel/02.라벨링데이터/3. VTST/VT_ST_06_14625683.json,True,True,True,VT,ST,1280,720,defect,undercut,1,True
14625684,VT_ST_06_14625684,data/raw/steel/01.원천데이터/3. VTST/VT_ST_06_14625684.jpg,data/raw/steel/02.라벨링데이터/3. VTST/VT_ST_06_14625684.json,True,True,True,VT,ST,1280,720,defect,undercut,2,True
14625688,VT_ST_06_14625688,data/raw/steel/01.원천데이터/3. VTST/VT_ST_06_14625688.jpg,data/raw/steel/02.라벨링데이터/3. VTST/VT_ST_06_14625688.json,True,True,True,VT,ST,1280,720,defect,undercut,1,True
14625694,VT_ST_06_14625694,data/raw/steel/01.원천데이터/3. VTST/VT_ST_06_14625694.jpg,data/raw/steel/02.라벨링데이터/3. VTST/VT_ST_06_14625694.json,True,True,True,VT,ST,1280,720,defect,undercut,3,True
14625697,VT_ST_06_14625697,data/raw/steel/01.원천데이터/3. VTST/VT_ST_06_14625697.jpg,data/raw/steel/02.라벨링데이터/3. VTST/VT_ST_06_14625697.json,True,True,True,VT,ST,1280,720,defect,undercut,2,True
14625703,VT_ST_06_14625703,data/raw/steel/01.원천데이터/3. VTST/VT_ST_06_14625703.jpg,data/raw/steel/02.라벨링데이터/3. VTST/VT_ST_06_14625703.json,True,True,True,VT,ST,1280,720,defect,undercut,5,True
14625704,VT_ST_06_14625704,data/raw/steel/01.원천데이터/3. VTST/VT_ST_06_14625704.jpg,data/raw/steel/02.라벨링데이터/3. VTST/VT_ST_06_14625704.json,True,True,True,VT,ST,1280,720,defect,undercut,1,True
14625705,VT_ST_06_14625705,data/raw/steel/01.원천데이터/3. VTST/VT_ST_06_14625705.jpg,data/raw/steel/02.라벨링데이터/3. VTST/VT_ST_06_14625705.json,True,True,True,VT,ST,1280,720,defect,undercut,1,True
14625714,VT_ST_06_14625714,data/raw/steel/01.원천데이터/3. VTST/VT_ST_06_14625714.jpg,data/raw/steel/02.라벨링데이터/3. VTST/VT_ST_06_14625714.json,True,True,True,VT,ST,1280,720,defect,undercut,1,True
14625729,VT_ST_06_14625729,data/raw/steel/01.원천데이터/3. VTST/VT_ST_06_14625729.jpg,data/raw/steel/02.라벨링데이터/3. VTST/VT_ST_06_14625729.json,True,True,True,VT,ST,1280,720,defect,undercut,4,True
14625738,VT_ST_06_14625738,data/raw/steel/01.원천데이터/3. VTST/VT_ST_06_14625738.jpg,data/raw/steel/02.라벨링데이터/3. VTST/VT_ST_06_14625738.json,True,True,True,VT,ST,1280,720,defect,undercut,3,True
14625744,VT_ST_06_14625744,data/raw/steel/01.원천데이터/3. VTST/VT_ST_06_14625744.jpg,data/raw/steel/02.라벨링데이터/3. VTST/VT_ST_06_14625744.json,True,True,True,VT,ST,1280,720,defect,undercut,2,True
14625745,VT_ST_06_14625745,data/raw/steel/01.원천데이터/3. VTST/VT_ST_06_14625745.jpg,data/raw/steel/02.라벨링데이터/3. VTST/VT_ST_06_14625745.json,True,True,True,VT,ST,1280,720,defect,undercut,2,True
14625753,VT_ST_06_14625753,data/raw/steel/01.원천데이터/3. VTST/VT_ST_06_14625753.jpg,data/raw/steel/02.라벨링데이터/3. VTST/VT_ST_06_14625753.json,True,True,True,VT,ST,1280,720,defect,undercut,4,True
14625767,VT_ST_06_14625767,data/raw/steel/01.원천데이터/3. VTST/VT_ST_06_14625767.jpg,data/raw/steel/02.라벨링데이터/3. VTST/VT_ST_06_14625767.json,True,True,True,VT,ST,1280,720,defect,undercut,2,True
14625791,VT_ST_06_14625791,data/raw/steel/01.원천데이터/3. VTST/VT_ST_06_14625791.jpg,data/raw/steel/02.라벨링데이터/3. VTST/VT_ST_06_14625791.json,True,True,True,VT,ST,1280,720,defect,undercut,2,True
14625793,VT_ST_06_14625793,data/raw/steel/01.원천데이터/3. VTST/VT_ST_06_14625793.jpg,data/raw/steel/02.라벨링데이터/3. VTST/VT_ST_06_14625793.json,True,True,True,VT,ST,1280,720,defect,undercut,1,True
14625796,VT_ST_06_14625796,data/raw/steel/01.원천데이터/3. VTST/VT_ST_06_14625796.jpg,data/raw/steel/02.라벨링데이터/3. VTST/VT_ST_06_14625796.json,True,True,True,VT,ST,1280,720,defect,undercut,2,True
14625816,VT_ST_06_14625816,data/raw/steel/01.원천데이터/3. VTST/VT_ST_06_14625816.jpg,data/raw/steel/02.라벨링데이터/3. VTST/VT_ST_06_14625816.json,True,True,True,VT,ST,1280,720,defect,undercut,3,True
14625817,VT_ST_06_14625817,data/raw/steel/01.원천데이터/3. VTST/VT_ST_06_14625817.jpg,data/raw/steel/02.라벨링데이터/3. VTST/VT_ST_06_14625817.json,True,True,True,VT,ST,1280,720,defect,undercut,1,True
14625832,VT_ST_06_14625832,data/raw/steel/01.원천데이터/3. VTST/VT_ST_06_14625832.jpg,data/raw/steel/02.라벨링데이터/3. VTST/VT_ST_06_14625832.json,True,True,True,VT,ST,1280,720,defect,undercut,1,True
