image_name,image_path,json_path,error_codes,warning_codes,info_codes,error_count,warning_count,info_count,include
RT_AL_00_14483434,data/raw/steel/01.원천데이터/1. RTAL/RT_AL_00_14483434.jpg,data/raw/steel/02.라벨링데이터/1. RTAL/RT_AL_00_14483434.json,,,,0,0,0,True
RT_AL_00_14483440,data/raw/steel/01.원천데이터/1. RTAL/RT_AL_00_14483440.jpg,data/raw/steel/02.라벨링데이터/1. RTAL/RT_AL_00_14483440.json,,,,0,0,0,True
RT_AL_00_14483443,data/raw/steel/01.원천데이터/1. RTAL/RT_AL_00_14483443.jpg,data/raw/steel/02.라벨링데이터/1. RTAL/RT_AL_00_14483443.json,,,,0,0,0,True
RT_AL_00_14483464,data/raw/steel/01.원천데이터/1. RTAL/RT_AL_00_14483464.jpg,data/raw/steel/02.라벨링데이터/1. RTAL/RT_AL_00_14483464.json,,,,0,0,0,True
RT_AL_00_14483470,data/raw/steel/01.원천데이터/1. RTAL/RT_AL_00_14483470.jpg,data/raw/steel/02.라벨링데이터/1. RTAL/RT_AL_00_14483470.json,,,,0,0,0,True
RT_AL_00_14483485,data/raw/steel/01.원천데이터/1. RTAL/RT_AL_00_14483485.jpg,data/raw/steel/02.라벨링데이터/1. RTAL/RT_AL_00_14483485.json,,,,0,0,0,True
RT_AL_00_14483487,data/raw/steel/01.원천데이터/1. RTAL/RT_AL_00_14483487.jpg,data/raw/steel/02.라벨링데이터/1. RTAL/RT_AL_00_14483487.json,,,,0,0,0,True
RT_AL_00_14483491,data/raw/steel/01.원천데이터/1. RTAL/RT_AL_00_14483491.jpg,data/raw/steel/02.라벨링데이터/1. RTAL/RT_AL_00_14483491.json,,negative_coordinate,,0,1,0,True
RT_AL_00_14483499,data/raw/steel/01.원천데이터/1. RTAL/RT_AL_00_14483499.jpg,data/raw/steel/02.라벨링데이터/1. RTAL/RT_AL_00_14483499.json,,,,0,0,0,True
RT_AL_00_14483507,data/raw/steel/01.원천데이터/1. RTAL/RT_AL_00_14483507.jpg,data/raw/steel/02.라벨링데이터/1. RTAL/RT_AL_00_14483507.json,,,,0,0,0,True
RT_AL_00_14483526,data/raw/steel/01.원천데이터/1. RTAL/RT_AL_00_14483526.jpg,data/raw/steel/02.라벨링데이터/1. RTAL/RT_AL_00_14483526.json,,,,0,0,0,True
RT_AL_00_14483531,data/raw/steel/01.원천데이터/1. RTAL/RT_AL_00_14483531.jpg,data/raw/steel/02.라벨링데이터/1. RTAL/RT_AL_00_14483531.json,,,,0,0,0,True
RT_AL_00_14483537,data/raw/steel/01.원천데이터/1. RTAL/RT_AL_00_14483537.jpg,data/raw/steel/02.라벨링데이터/1. RTAL/RT_AL_00_14483537.json,,,,0,0,0,True
RT_AL_00_14483552,data/raw/steel/01.원천데이터/1. RTAL/RT_AL_00_14483552.jpg,data/raw/steel/02.라벨링데이터/1. RTAL/RT_AL_00_14483552.json,,,,0,0,0,True
RT_AL_00_14483555,data/raw/steel/01.원천데이터/1. RTAL/RT_AL_00_14483555.jpg,data/raw/steel/02.라벨링데이터/1. RTAL/RT_AL_00_14483555.json,,,,0,0,0,True
RT_AL_00_14483561,data/raw/steel/01.원천데이터/1. RTAL/RT_AL_00_14483561.jpg,data/raw/steel/02.라벨링데이터/1. RTAL/RT_AL_00_14483561.json,,,,0,0,0,True
RT_AL_00_14483593,data/raw/steel/01.원천데이터/1. RTAL/RT_AL_00_14483593.jpg,data/raw/steel/02.라벨링데이터/1. RTAL/RT_AL_00_14483593.json,,,,0,0,0,True
RT_AL_00_14483595,data/raw/steel/01.원천데이터/1. RTAL/RT_AL_00_14483595.jpg,data/raw/steel/02.라벨링데이터/1. RTAL/RT_AL_00_14483595.json,,,,0,0,0,True
RT_AL_00_14483604,data/raw/steel/01.원천데이터/1. RTAL/RT_AL_00_14483604.jpg,data/raw/steel/02.라벨링데이터/1. RTAL/RT_AL_00_14483604.json,,,,0,0,0,True
RT_AL_00_14483605,data/raw/steel/01.원천데이터/1. RTAL/RT_AL_00_14483605.jpg,data/raw/steel/02.라벨링데이터/1. RTAL/RT_AL_00_14483605.json,,,,0,0,0,True
RT_AL_00_14483615,data/raw/steel/01.원천데이터/1. RTAL/RT_AL_00_14483615.jpg,data/raw/steel/02.라벨링데이터/1. RTAL/RT_AL_00_14483615.json,,,,0,0,0,True
RT_AL_00_14483617,data/raw/steel/01.원천데이터/1. RTAL/RT_AL_00_14483617.jpg,data/raw/steel/02.라벨링데이터/1. RTAL/RT_AL_00_14483617.json,,,,0,0,0,True
RT_AL_00_14483618,data/raw/steel/01.원천데이터/1. RTAL/RT_AL_00_14483618.jpg,data/raw/steel/02.라벨링데이터/1. RTAL/RT_AL_00_14483618.json,,,,0,0,0,True
RT_AL_00_14483628,data/raw/steel/01.원천데이터/1. RTAL/RT_AL_00_14483628.jpg,data/raw/steel/02.라벨링데이터/1. RTAL/RT_AL_00_14483628.json,,,,0,0,0,True
RT_AL_00_14483630,data/raw/steel/01.원천데이터/1. RTAL/RT_AL_00_14483630.jpg,data/raw/steel/02.라벨링데이터/1. RTAL/RT_AL_00_14483630.json,,,,0,0,0,True
RT_AL_00_14483635,data/raw/steel/01.원천데이터/1. RTAL/RT_AL_00_14483635.jpg,data/raw/steel/02.라벨링데이터/1. RTAL/RT_AL_00_14483635.json,,,,0,0,0,True
RT_AL_00_14483642,data/raw/steel/01.원천데이터/1. RTAL/RT_AL_00_14483642.jpg,data/raw/steel/02.라벨링데이터/1. RTAL/RT_AL_00_14483642.json,,,,0,0,0,True
RT_AL_00_14483649,data/raw/steel/01.원천데이터/1. RTAL/RT_AL_00_14483649.jpg,data/raw/steel/02.라벨링데이터/1. RTAL/RT_AL_00_14483649.json,,,,0,0,0,True
RT_AL_00_14483650,data/raw/steel/01.원천데이터/1. RTAL/RT_AL_00_14483650.jpg,data/raw/steel/02.라벨링데이터/1. RTAL/RT_AL_00_14483650.json,,,,0,0,0,True
RT_AL_00_14483665,data/raw/steel/01.원천데이터/1. RTAL/RT_AL_00_14483665.jpg,data/raw/steel/02.라벨링데이터/1. RTAL/RT_AL_00_14483665.json,,,,0,0,0,True
RT_AL_00_14483672,data/raw/steel/01.원천데이터/1. RTAL/RT_AL_00_14483672.jpg,data/raw/steel/02.라벨링데이터/1. RTAL/RT_AL_00_14483672.json,,,,0,0,0,True
RT_AL_00_14483673,data/raw/steel/01.원천데이터/1. RTAL/RT_AL_00_14483673.jpg,data/raw/steel/02.라벨링데이터/1. RTAL/RT_AL_00_14483673.json,,,,0,0,0,True
RT_AL_00_14483685,data/raw/steel/01.원천데이터/1. RTAL/RT_AL_00_14483685.jpg,data/raw/steel/02.라벨링데이터/1. RTAL/RT_AL_00_14483685.json,,,,0,0,0,True
RT_AL_00_14483690,data/raw/steel/01.원천데이터/1. RTAL/RT_AL_00_14483690.jpg,data/raw/steel/02.라벨링데이터/1. RTAL/RT_AL_00_14483690.json,,,,0,0,0,True
RT_AL_00_14483712,data/raw/steel/01.원천데이터/1. RTAL/RT_AL_00_14483712.jpg,data/raw/steel/02.라벨링데이터/1. RTAL/RT_AL_00_14483712.json,,,,0,0,0,True
RT_AL_00_14483727,data/raw/steel/01.원천데이터/1. RTAL/RT_AL_00_14483727.jpg,data/raw/steel/02.라벨링데이터/1. RTAL/RT_AL_00_14483727.json,,,,0,0,0,True
RT_AL_00_14483742,data/raw/steel/01.원천데이터/1. RTAL/RT_AL_00_14483742.jpg,data/raw/steel/02.라벨링데이터/1. RTAL/RT_AL_00_14483742.json,,,,0,0,0,True
RT_AL_00_14483764,data/raw/steel/01.원천데이터/1. RTAL/RT_AL_00_14483764.jpg,data/raw/steel/02.라벨링데이터/1. RTAL/RT_AL_00_14483764.json,,,,0,0,0,True
RT_AL_00_14483775,data/raw/steel/01.원천데이터/1. RTAL/RT_AL_00_14483775.jpg,data/raw/steel/02.라벨링데이터/1. RTAL/RT_AL_00_14483775.json,,,,0,0,0,True
RT_AL_00_14483790,data/raw/steel/01.원천데이터/1. RTAL/RT_AL_00_14483790.jpg,data/raw/steel/02.라벨링데이터/1. RTAL/RT_AL_00_14483790.json,,,,0,0,0,True
RT_AL_00_14483798,data/raw/steel/01.원천데이터/1. RTAL/RT_AL_00_14483798.jpg,data/raw/steel/02.라벨링데이터/1. RTAL/RT_AL_00_14483798.json,,,,0,0,0,True
RT_AL_00_14483810,data/raw/steel/01.원천데이터/1. RTAL/RT_AL_00_14483810.jpg,data/raw/steel/02.라벨링데이터/1. RTAL/RT_AL_00_14483810.json,,,,0,0,0,True
RT_AL_00_14483843,data/raw/steel/01.원천데이터/1. RTAL/RT_AL_00_14483843.jpg,data/raw/steel/02.라벨링데이터/1. RTAL/RT_AL_00_14483843.json,,,,0,0,0,True
RT_AL_00_14483870,data/raw/steel/01.원천데이터/1. RTAL/RT_AL_00_14483870.jpg,data/raw/steel/02.라벨링데이터/1. RTAL/RT_AL_00_14483870.json,,,,0,0,0,True
RT_AL_00_14483879,data/raw/steel/01.원천데이터/1. RTAL/RT_AL_00_14483879.jpg,data/raw/steel/02.라벨링데이터/1. RTAL/RT_AL_00_14483879.json,,,,0,0,0,True
RT_AL_00_14483896,data/raw/steel/01.원천데이터/1. RTAL/RT_AL_00_14483896.jpg,data/raw/steel/02.라벨링데이터/1. RTAL/RT_AL_00_14483896.json,,,,0,0,0,True
RT_AL_00_14483902,data/raw/steel/01.원천데이터/1. RTAL/RT_AL_00_14483902.jpg,data/raw/steel/02.라벨링데이터/1. RTAL/RT_AL_00_14483902.json,,,,0,0,0,True
RT_AL_00_14483906,data/raw/steel/01.원천데이터/1. RTAL/RT_AL_00_14483906.jpg,data/raw/steel/02.라벨링데이터/1. RTAL/RT_AL_00_14483906.json,,,,0,0,0,True
RT_AL_00_14483931,data/raw/steel/01.원천데이터/1. RTAL/RT_AL_00_14483931.jpg,data/raw/steel/02.라벨링데이터/1. RTAL/RT_AL_00_14483931.json,,,,0,0,0,True
RT_AL_00_14483935,data/raw/steel/01.원천데이터/1. RTAL/RT_AL_00_14483935.jpg,data/raw/steel/02.라벨링데이터/1. RTAL/RT_AL_00_14483935.json,,,,0,0,0,True
RT_AL_00_14483936,data/raw/steel/01.원천데이터/1. RTAL/RT_AL_00_14483936.jpg,data/raw/steel/02.라벨링데이터/1. RTAL/RT_AL_00_14483936.json,,,,0,0,0,True
RT_AL_00_14483942,data/raw/steel/01.원천데이터/1. RTAL/RT_AL_00_14483942.jpg,data/raw/steel/02.라벨링데이터/1. RTAL/RT_AL_00_14483942.json,,,,0,0,0,True
RT_AL_00_14483944,data/raw/steel/01.원천데이터/1. RTAL/RT_AL_00_14483944.jpg,data/raw/steel/02.라벨링데이터/1. RTAL/RT_AL_00_14483944.json,,,,0,0,0,True
RT_AL_00_14483953,data/raw/steel/01.원천데이터/1. RTAL/RT_AL_00_14483953.jpg,data/raw/steel/02.라벨링데이터/1. RTAL/RT_AL_00_14483953.json,,,,0,0,0,True
RT_AL_00_14483957,data/raw/steel/01.원천데이터/1. RTAL/RT_AL_00_14483957.jpg,data/raw/steel/02.라벨링데이터/1. RTAL/RT_AL_00_14483957.json,,,,0,0,0,True
RT_AL_00_14483962,data/raw/steel/01.원천데이터/1. RTAL/RT_AL_00_14483962.jpg,data/raw/steel/02.라벨링데이터/1. RTAL/RT_AL_00_14483962.json,,,,0,0,0,True
RT_AL_00_14483964,data/raw/steel/01.원천데이터/1. RTAL/RT_AL_00_14483964.jpg,data/raw/steel/02.라벨링데이터/1. RTAL/RT_AL_00_14483964.json,,,,0,0,0,True
RT_AL_00_14483966,data/raw/steel/01.원천데이터/1. RTAL/RT_AL_00_14483966.jpg,data/raw/steel/02.라벨링데이터/1. RTAL/RT_AL_00_14483966.json,,,,0,0,0,True
RT_AL_00_14483972,data/raw/steel/01.원천데이터/1. RTAL/RT_AL_00_14483972.jpg,data/raw/steel/02.라벨링데이터/1. RTAL/RT_AL_00_14483972.json,,,,0,0,0,True
RT_AL_00_14483980,data/raw/steel/01.원천데이터/1. RTAL/RT_AL_00_14483980.jpg,data/raw/steel/02.라벨링데이터/1. RTAL/RT_AL_00_14483980.json,,,,0,0,0,True
RT_AL_00_14484000,data/raw/steel/01.원천데이터/1. RTAL/RT_AL_00_14484000.jpg,data/raw/steel/02.라벨링데이터/1. RTAL/RT_AL_00_14484000.json,,,,0,0,0,True
RT_AL_00_14484020,data/raw/steel/01.원천데이터/1. RTAL/RT_AL_00_14484020.jpg,data/raw/steel/02.라벨링데이터/1. RTAL/RT_AL_00_14484020.json,,,,0,0,0,True
RT_AL_00_14484027,data/raw/steel/01.원천데이터/1. RTAL/RT_AL_00_14484027.jpg,data/raw/steel/02.라벨링데이터/1. RTAL/RT_AL_00_14484027.json,,,,0,0,0,True
RT_AL_00_14484034,data/raw/steel/01.원천데이터/1. RTAL/RT_AL_00_14484034.jpg,data/raw/steel/02.라벨링데이터/1. RTAL/RT_AL_00_14484034.json,,,,0,0,0,True
RT_AL_00_14484047,data/raw/steel/01.원천데이터/1. RTAL/RT_AL_00_14484047.jpg,data/raw/steel/02.라벨링데이터/1. RTAL/RT_AL_00_14484047.json,,,,0,0,0,True
RT_AL_00_14484054,data/raw/steel/01.원천데이터/1. RTAL/RT_AL_00_14484054.jpg,data/raw/steel/02.라벨링데이터/1. RTAL/RT_AL_00_14484054.json,,,,0,0,0,True
RT_AL_00_14484091,data/raw/steel/01.원천데이터/1. RTAL/RT_AL_00_14484091.jpg,data/raw/steel/02.라벨링데이터/1. RTAL/RT_AL_00_14484091.json,,,,0,0,0,True
RT_AL_00_14484117,data/raw/steel/01.원천데이터/1. RTAL/RT_AL_00_14484117.jpg,data/raw/steel/02.라벨링데이터/1. RTAL/RT_AL_00_14484117.json,,,,0,0,0,True
RT_AL_00_14484140,data/raw/steel/01.원천데이터/1. RTAL/RT_AL_00_14484140.jpg,data/raw/steel/02.라벨링데이터/1. RTAL/RT_AL_00_14484140.json,,,,0,0,0,True
RT_AL_00_14484143,data/raw/steel/01.원천데이터/1. RTAL/RT_AL_00_14484143.jpg,data/raw/steel/02.라벨링데이터/1. RTAL/RT_AL_00_14484143.json,,,,0,0,0,True
RT_AL_00_14484149,data/raw/steel/01.원천데이터/1. RTAL/RT_AL_00_14484149.jpg,data/raw/steel/02.라벨링데이터/1. RTAL/RT_AL_00_14484149.json,,,,0,0,0,True
RT_AL_00_14484153,data/raw/steel/01.원천데이터/1. RTAL/RT_AL_00_14484153.jpg,data/raw/steel/02.라벨링데이터/1. RTAL/RT_AL_00_14484153.json,,,,0,0,0,True
RT_AL_00_14484160,data/raw/steel/01.원천데이터/1. RTAL/RT_AL_00_14484160.jpg,data/raw/steel/02.라벨링데이터/1. RTAL/RT_AL_00_14484160.json,,,,0,0,0,True
RT_AL_00_14484173,data/raw/steel/01.원천데이터/1. RTAL/RT_AL_00_14484173.jpg,data/raw/steel/02.라벨링데이터/1. RTAL/RT_AL_00_14484173.json,,,,0,0,0,True
RT_AL_00_14484184,data/raw/steel/01.원천데이터/1. RTAL/RT_AL_00_14484184.jpg,data/raw/steel/02.라벨링데이터/1. RTAL/RT_AL_00_14484184.json,,,,0,0,0,True
RT_AL_00_14484188,data/raw/steel/01.원천데이터/1. RTAL/RT_AL_00_14484188.jpg,data/raw/steel/02.라벨링데이터/1. RTAL/RT_AL_00_14484188.json,,,,0,0,0,True
RT_AL_00_14484203,data/raw/steel/01.원천데이터/1. RTAL/RT_AL_00_14484203.jpg,data/raw/steel/02.라벨링데이터/1. RTAL/RT_AL_00_14484203.json,,,,0,0,0,True
RT_AL_00_14484204,data/raw/steel/01.원천데이터/1. RTAL/RT_AL_00_14484204.jpg,data/raw/steel/02.라벨링데이터/1. RTAL/RT_AL_00_14484204.json,,,,0,0,0,True
RT_AL_00_14484212,data/raw/steel/01.원천데이터/1. RTAL/RT_AL_00_14484212.jpg,data/raw/steel/02.라벨링데이터/1. RTAL/RT_AL_00_14484212.json,,,,0,0,0,True
RT_AL_00_14484226,data/raw/steel/01.원천데이터/1. RTAL/RT_AL_00_14484226.jpg,data/raw/steel/02.라벨링데이터/1. RTAL/RT_AL_00_14484226.json,,,,0,0,0,True
RT_AL_00_14484252,data/raw/steel/01.원천데이터/1. RTAL/RT_AL_00_14484252.jpg,data/raw/steel/02.라벨링데이터/1. RTAL/RT_AL_00_14484252.json,,,,0,0,0,True
RT_AL_00_14484255,data/raw/steel/01.원천데이터/1. RTAL/RT_AL_00_14484255.jpg,data/raw/steel/02.라벨링데이터/1. RTAL/RT_AL_00_14484255.json,,,,0,0,0,True
RT_AL_00_14484265,data/raw/steel/01.원천데이터/1. RTAL/RT_AL_00_14484265.jpg,data/raw/steel/02.라벨링데이터/1. RTAL/RT_AL_00_14484265.json,,,,0,0,0,True
RT_AL_00_14484304,data/raw/steel/01.원천데이터/1. RTAL/RT_AL_00_14484304.jpg,data/raw/steel/02.라벨링데이터/1. RTAL/RT_AL_00_14484304.json,,,,0,0,0,True
RT_AL_00_14484313,data/raw/steel/01.원천데이터/1. RTAL/RT_AL_00_14484313.jpg,data/raw/steel/02.라벨링데이터/1. RTAL/RT_AL_00_14484313.json,,,,0,0,0,True
RT_AL_00_14484314,data/raw/steel/01.원천데이터/1. RTAL/RT_AL_00_14484314.jpg,data/raw/steel/02.라벨링데이터/1. RTAL/RT_AL_00_14484314.json,,,,0,0,0,True
RT_AL_00_14484346,data/raw/steel/01.원천데이터/1. RTAL/RT_AL_00_14484346.jpg,data/raw/steel/02.라벨링데이터/1. RTAL/RT_AL_00_14484346.json,,,,0,0,0,True
RT_AL_00_14484349,data/raw/steel/01.원천데이터/1. RTAL/RT_AL_00_14484349.jpg,data/raw/steel/02.라벨링데이터/1. RTAL/RT_AL_00_14484349.json,,,,0,0,0,True
RT_AL_00_14484365,data/raw/steel/01.원천데이터/1. RTAL/RT_AL_00_14484365.jpg,data/raw/steel/02.라벨링데이터/1. RTAL/RT_AL_00_14484365.json,,,,0,0,0,True
RT_AL_00_14484367,data/raw/steel/01.원천데이터/1. RTAL/RT_AL_00_14484367.jpg,data/raw/steel/02.라벨링데이터/1. RTAL/RT_AL_00_14484367.json,,,,0,0,0,True
RT_AL_00_14484378,data/raw/steel/01.원천데이터/1. RTAL/RT_AL_00_14484378.jpg,data/raw/steel/02.라벨링데이터/1. RTAL/RT_AL_00_14484378.json,,,,0,0,0,True
RT_AL_00_14484384,data/raw/steel/01.원천데이터/1. RTAL/RT_AL_00_14484384.jpg,data/raw/steel/02.라벨링데이터/1. RTAL/RT_AL_00_14484384.json,,,,0,0,0,True
RT_AL_00_14484397,data/raw/steel/01.원천데이터/1. RTAL/RT_AL_00_14484397.jpg,data/raw/steel/02.라벨링데이터/1. RTAL/RT_AL_00_14484397.json,,,,0,0,0,True
RT_AL_00_14484405,data/raw/steel/01.원천데이터/1. RTAL/RT_AL_00_14484405.jpg,data/raw/steel/02.라벨링데이터/1. RTAL/RT_AL_00_14484405.json,,,,0,0,0,True
RT_AL_00_14484421,data/raw/steel/01.원천데이터/1. RTAL/RT_AL_00_14484421.jpg,data/raw/steel/02.라벨링데이터/1. RTAL/RT_AL_00_14484421.json,,,,0,0,0,True
RT_AL_00_14484435,data/raw/steel/01.원천데이터/1. RTAL/RT_AL_00_14484435.jpg,data/raw/steel/02.라벨링데이터/1. RTAL/RT_AL_00_14484435.json,,,,0,0,0,True
RT_AL_00_14484441,data/raw/steel/01.원천데이터/1. RTAL/RT_AL_00_14484441.jpg,data/raw/steel/02.라벨링데이터/1. RTAL/RT_AL_00_14484441.json,,,,0,0,0,True
RT_AL_00_14484444,data/raw/steel/01.원천데이터/1. RTAL/RT_AL_00_14484444.jpg,data/raw/steel/02.라벨링데이터/1. RTAL/RT_AL_00_14484444.json,,,,0,0,0,True
RT_AL_00_14484446,data/raw/steel/01.원천데이터/1. RTAL/RT_AL_00_14484446.jpg,data/raw/steel/02.라벨링데이터/1. RTAL/RT_AL_00_14484446.json,,,,0,0,0,True
RT_AL_00_14484460,data/raw/steel/01.원천데이터/1. RTAL/RT_AL_00_14484460.jpg,data/raw/steel/02.라벨링데이터/1. RTAL/RT_AL_00_14484460.json,,,,0,0,0,True
RT_AL_00_14484464,data/raw/steel/01.원천데이터/1. RTAL/RT_AL_00_14484464.jpg,data/raw/steel/02.라벨링데이터/1. RTAL/RT_AL_00_14484464.json,,,,0,0,0,True
RT_AL_00_14484468,data/raw/steel/01.원천데이터/1. RTAL/RT_AL_00_14484468.jpg,data/raw/steel/02.라벨링데이터/1. RTAL/RT_AL_00_14484468.json,,,,0,0,0,True
RT_AL_00_14484469,data/raw/steel/01.원천데이터/1. RTAL/RT_AL_00_14484469.jpg,data/raw/steel/02.라벨링데이터/1. RTAL/RT_AL_00_14484469.json,,,,0,0,0,True
RT_AL_00_14484473,data/raw/steel/01.원천데이터/1. RTAL/RT_AL_00_14484473.jpg,data/raw/steel/02.라벨링데이터/1. RTAL/RT_AL_00_14484473.json,,,,0,0,0,True
RT_AL_00_14484482,data/raw/steel/01.원천데이터/1. RTAL/RT_AL_00_14484482.jpg,data/raw/steel/02.라벨링데이터/1. RTAL/RT_AL_00_14484482.json,,,,0,0,0,True
RT_AL_00_14484504,data/raw/steel/01.원천데이터/1. RTAL/RT_AL_00_14484504.jpg,data/raw/steel/02.라벨링데이터/1. RTAL/RT_AL_00_14484504.json,,,,0,0,0,True
RT_AL_00_14484511,data/raw/steel/01.원천데이터/1. RTAL/RT_AL_00_14484511.jpg,data/raw/steel/02.라벨링데이터/1. RTAL/RT_AL_00_14484511.json,,,,0,0,0,True
RT_AL_00_14484524,data/raw/steel/01.원천데이터/1. RTAL/RT_AL_00_14484524.jpg,data/raw/steel/02.라벨링데이터/1. RTAL/RT_AL_00_14484524.json,,,,0,0,0,True
RT_AL_00_14484533,data/raw/steel/01.원천데이터/1. RTAL/RT_AL_00_14484533.jpg,data/raw/steel/02.라벨링데이터/1. RTAL/RT_AL_00_14484533.json,,,,0,0,0,True
RT_AL_00_14484537,data/raw/steel/01.원천데이터/1. RTAL/RT_AL_00_14484537.jpg,data/raw/steel/02.라벨링데이터/1. RTAL/RT_AL_00_14484537.json,,,,0,0,0,True
RT_AL_00_14484541,data/raw/steel/01.원천데이터/1. RTAL/RT_AL_00_14484541.jpg,data/raw/steel/02.라벨링데이터/1. RTAL/RT_AL_00_14484541.json,,,,0,0,0,True
RT_AL_00_14484564,data/raw/steel/01.원천데이터/1. RTAL/RT_AL_00_14484564.jpg,data/raw/steel/02.라벨링데이터/1. RTAL/RT_AL_00_14484564.json,,,,0,0,0,True
RT_AL_00_14484568,data/raw/steel/01.원천데이터/1. RTAL/RT_AL_00_14484568.jpg,data/raw/steel/02.라벨링데이터/1. RTAL/RT_AL_00_14484568.json,,,,0,0,0,True
RT_AL_00_14484569,data/raw/steel/01.원천데이터/1. RTAL/RT_AL_00_14484569.jpg,data/raw/steel/02.라벨링데이터/1. RTAL/RT_AL_00_14484569.json,,,,0,0,0,True
RT_AL_00_14484570,data/raw/steel/01.원천데이터/1. RTAL/RT_AL_00_14484570.jpg,data/raw/steel/02.라벨링데이터/1. RTAL/RT_AL_00_14484570.json,,,,0,0,0,True
RT_AL_00_14484577,data/raw/steel/01.원천데이터/1. RTAL/RT_AL_00_14484577.jpg,data/raw/steel/02.라벨링데이터/1. RTAL/RT_AL_00_14484577.json,,,,0,0,0,True
RT_AL_00_14484591,data/raw/steel/01.원천데이터/1. RTAL/RT_AL_00_14484591.jpg,data/raw/steel/02.라벨링데이터/1. RTAL/RT_AL_00_14484591.json,,,,0,0,0,True
RT_AL_00_14484619,data/raw/steel/01.원천데이터/1. RTAL/RT_AL_00_14484619.jpg,data/raw/steel/02.라벨링데이터/1. RTAL/RT_AL_00_14484619.json,,,,0,0,0,True
RT_AL_00_14484625,data/raw/steel/01.원천데이터/1. RTAL/RT_AL_00_14484625.jpg,data/raw/steel/02.라벨링데이터/1. RTAL/RT_AL_00_14484625.json,,,,0,0,0,True
RT_AL_00_14484628,data/raw/steel/01.원천데이터/1. RTAL/RT_AL_00_14484628.jpg,data/raw/steel/02.라벨링데이터/1. RTAL/RT_AL_00_14484628.json,,,,0,0,0,True
RT_AL_00_14484634,data/raw/steel/01.원천데이터/1. RTAL/RT_AL_00_14484634.jpg,data/raw/steel/02.라벨링데이터/1. RTAL/RT_AL_00_14484634.json,,,,0,0,0,True
RT_AL_00_14484655,data/raw/steel/01.원천데이터/1. RTAL/RT_AL_00_14484655.jpg,data/raw/steel/02.라벨링데이터/1. RTAL/RT_AL_00_14484655.json,,,,0,0,0,True
RT_AL_00_14484662,data/raw/steel/01.원천데이터/1. RTAL/RT_AL_00_14484662.jpg,data/raw/steel/02.라벨링데이터/1. RTAL/RT_AL_00_14484662.json,,,,0,0,0,True
RT_AL_00_14484668,data/raw/steel/01.원천데이터/1. RTAL/RT_AL_00_14484668.jpg,data/raw/steel/02.라벨링데이터/1. RTAL/RT_AL_00_14484668.json,,,,0,0,0,True
RT_AL_00_14484669,data/raw/steel/01.원천데이터/1. RTAL/RT_AL_00_14484669.jpg,data/raw/steel/02.라벨링데이터/1. RTAL/RT_AL_00_14484669.json,,,,0,0,0,True
RT_AL_00_14484676,data/raw/steel/01.원천데이터/1. RTAL/RT_AL_00_14484676.jpg,data/raw/steel/02.라벨링데이터/1. RTAL/RT_AL_00_14484676.json,,,,0,0,0,True
RT_AL_00_14484677,data/raw/steel/01.원천데이터/1. RTAL/RT_AL_00_14484677.jpg,data/raw/steel/02.라벨링데이터/1. RTAL/RT_AL_00_14484677.json,,,,0,0,0,True
RT_AL_00_14484690,data/raw/steel/01.원천데이터/1. RTAL/RT_AL_00_14484690.jpg,data/raw/steel/02.라벨링데이터/1. RTAL/RT_AL_00_14484690.json,,,,0,0,0,True
RT_AL_00_14484694,data/raw/steel/01.원천데이터/1. RTAL/RT_AL_00_14484694.jpg,data/raw/steel/02.라벨링데이터/1. RTAL/RT_AL_00_14484694.json,,,,0,0,0,True
RT_AL_00_14484710,data/raw/steel/01.원천데이터/1. RTAL/RT_AL_00_14484710.jpg,data/raw/steel/02.라벨링데이터/1. RTAL/RT_AL_00_14484710.json,,,,0,0,0,True
RT_AL_00_14484716,data/raw/steel/01.원천데이터/1. RTAL/RT_AL_00_14484716.jpg,data/raw/steel/02.라벨링데이터/1. RTAL/RT_AL_00_14484716.json,,,,0,0,0,True
RT_AL_00_14484727,data/raw/steel/01.원천데이터/1. RTAL/RT_AL_00_14484727.jpg,data/raw/steel/02.라벨링데이터/1. RTAL/RT_AL_00_14484727.json,,,possible_self_intersection,0,0,1,True
RT_AL_00_14484729,data/raw/steel/01.원천데이터/1. RTAL/RT_AL_00_14484729.jpg,data/raw/steel/02.라벨링데이터/1. RTAL/RT_AL_00_14484729.json,,,,0,0,0,True
RT_AL_00_14484739,data/raw/steel/01.원천데이터/1. RTAL/RT_AL_00_14484739.jpg,data/raw/steel/02.라벨링데이터/1. RTAL/RT_AL_00_14484739.json,,,,0,0,0,True
RT_AL_00_14484751,data/raw/steel/01.원천데이터/1. RTAL/RT_AL_00_14484751.jpg,data/raw/steel/02.라벨링데이터/1. RTAL/RT_AL_00_14484751.json,,,,0,0,0,True
RT_AL_00_14484753,data/raw/steel/01.원천데이터/1. RTAL/RT_AL_00_14484753.jpg,data/raw/steel/02.라벨링데이터/1. RTAL/RT_AL_00_14484753.json,,,,0,0,0,True
RT_AL_00_14484756,data/raw/steel/01.원천데이터/1. RTAL/RT_AL_00_14484756.jpg,data/raw/steel/02.라벨링데이터/1. RTAL/RT_AL_00_14484756.json,,,,0,0,0,True
RT_AL_00_14484768,data/raw/steel/01.원천데이터/1. RTAL/RT_AL_00_14484768.jpg,data/raw/steel/02.라벨링데이터/1. RTAL/RT_AL_00_14484768.json,,,,0,0,0,True
RT_AL_00_14484787,data/raw/steel/01.원천데이터/1. RTAL/RT_AL_00_14484787.jpg,data/raw/steel/02.라벨링데이터/1. RTAL/RT_AL_00_14484787.json,,,,0,0,0,True
RT_AL_00_14484792,data/raw/steel/01.원천데이터/1. RTAL/RT_AL_00_14484792.jpg,data/raw/steel/02.라벨링데이터/1. RTAL/RT_AL_00_14484792.json,,,,0,0,0,True
RT_AL_00_14484795,data/raw/steel/01.원천데이터/1. RTAL/RT_AL_00_14484795.jpg,data/raw/steel/02.라벨링데이터/1. RTAL/RT_AL_00_14484795.json,,,,0,0,0,True
RT_AL_00_14484799,data/raw/steel/01.원천데이터/1. RTAL/RT_AL_00_14484799.jpg,data/raw/steel/02.라벨링데이터/1. RTAL/RT_AL_00_14484799.json,,,,0,0,0,True
RT_AL_00_14484809,data/raw/steel/01.원천데이터/1. RTAL/RT_AL_00_14484809.jpg,data/raw/steel/02.라벨링데이터/1. RTAL/RT_AL_00_14484809.json,,,,0,0,0,True
RT_AL_00_14484810,data/raw/steel/01.원천데이터/1. RTAL/RT_AL_00_14484810.jpg,data/raw/steel/02.라벨링데이터/1. RTAL/RT_AL_00_14484810.json,,,,0,0,0,True
RT_AL_00_14484819,data/raw/steel/01.원천데이터/1. RTAL/RT_AL_00_14484819.jpg,data/raw/steel/02.라벨링데이터/1. RTAL/RT_AL_00_14484819.json,,,,0,0,0,True
RT_AL_00_14484823,data/raw/steel/01.원천데이터/1. RTAL/RT_AL_00_14484823.jpg,data/raw/steel/02.라벨링데이터/1. RTAL/RT_AL_00_14484823.json,,,,0,0,0,True
RT_AL_00_14484836,data/raw/steel/01.원천데이터/1. RTAL/RT_AL_00_14484836.jpg,data/raw/steel/02.라벨링데이터/1. RTAL/RT_AL_00_14484836.json,,,,0,0,0,True
RT_AL_00_14484846,data/raw/steel/01.원천데이터/1. RTAL/RT_AL_00_14484846.jpg,data/raw/steel/02.라벨링데이터/1. RTAL/RT_AL_00_14484846.json,,,,0,0,0,True
RT_AL_00_14484882,data/raw/steel/01.원천데이터/1. RTAL/RT_AL_00_14484882.jpg,data/raw/steel/02.라벨링데이터/1. RTAL/RT_AL_00_14484882.json,,,,0,0,0,True
RT_AL_00_14484892,data/raw/steel/01.원천데이터/1. RTAL/RT_AL_00_14484892.jpg,data/raw/steel/02.라벨링데이터/1. RTAL/RT_AL_00_14484892.json,,,,0,0,0,True
RT_AL_00_14484906,data/raw/steel/01.원천데이터/1. RTAL/RT_AL_00_14484906.jpg,data/raw/steel/02.라벨링데이터/1. RTAL/RT_AL_00_14484906.json,,,,0,0,0,True
RT_AL_00_14484908,data/raw/steel/01.원천데이터/1. RTAL/RT_AL_00_14484908.jpg,data/raw/steel/02.라벨링데이터/1. RTAL/RT_AL_00_14484908.json,,,,0,0,0,True
RT_AL_00_14484923,data/raw/steel/01.원천데이터/1. RTAL/RT_AL_00_14484923.jpg,data/raw/steel/02.라벨링데이터/1. RTAL/RT_AL_00_14484923.json,,,,0,0,0,True
RT_AL_00_14484937,data/raw/steel/01.원천데이터/1. RTAL/RT_AL_00_14484937.jpg,data/raw/steel/02.라벨링데이터/1. RTAL/RT_AL_00_14484937.json,,,,0,0,0,True
RT_AL_00_14484982,data/raw/steel/01.원천데이터/1. RTAL/RT_AL_00_14484982.jpg,data/raw/steel/02.라벨링데이터/1. RTAL/RT_AL_00_14484982.json,,,,0,0,0,True
RT_AL_00_14484987,data/raw/steel/01.원천데이터/1. RTAL/RT_AL_00_14484987.jpg,data/raw/steel/02.라벨링데이터/1. RTAL/RT_AL_00_14484987.json,,,,0,0,0,True
RT_AL_00_14484998,data/raw/steel/01.원천데이터/1. RTAL/RT_AL_00_14484998.jpg,data/raw/steel/02.라벨링데이터/1. RTAL/RT_AL_00_14484998.json,,,,0,0,0,True
RT_AL_00_14485020,data/raw/steel/01.원천데이터/1. RTAL/RT_AL_00_14485020.jpg,data/raw/steel/02.라벨링데이터/1. RTAL/RT_AL_00_14485020.json,,,,0,0,0,True
RT_AL_00_14485033,data/raw/steel/01.원천데이터/1. RTAL/RT_AL_00_14485033.jpg,data/raw/steel/02.라벨링데이터/1. RTAL/RT_AL_00_14485033.json,,,,0,0,0,True
RT_AL_00_14485044,data/raw/steel/01.원천데이터/1. RTAL/RT_AL_00_14485044.jpg,data/raw/steel/02.라벨링데이터/1. RTAL/RT_AL_00_14485044.json,,,,0,0,0,True
RT_AL_00_14485064,data/raw/steel/01.원천데이터/1. RTAL/RT_AL_00_14485064.jpg,data/raw/steel/02.라벨링데이터/1. RTAL/RT_AL_00_14485064.json,,,,0,0,0,True
RT_AL_00_14485073,data/raw/steel/01.원천데이터/1. RTAL/RT_AL_00_14485073.jpg,data/raw/steel/02.라벨링데이터/1. RTAL/RT_AL_00_14485073.json,,,,0,0,0,True
RT_AL_00_14485083,data/raw/steel/01.원천데이터/1. RTAL/RT_AL_00_14485083.jpg,data/raw/steel/02.라벨링데이터/1. RTAL/RT_AL_00_14485083.json,,,,0,0,0,True
RT_AL_00_14485102,data/raw/steel/01.원천데이터/1. RTAL/RT_AL_00_14485102.jpg,data/raw/steel/02.라벨링데이터/1. RTAL/RT_AL_00_14485102.json,,,,0,0,0,True
RT_AL_00_14485115,data/raw/steel/01.원천데이터/1. RTAL/RT_AL_00_14485115.jpg,data/raw/steel/02.라벨링데이터/1. RTAL/RT_AL_00_14485115.json,,,,0,0,0,True
RT_AL_00_14485151,data/raw/steel/01.원천데이터/1. RTAL/RT_AL_00_14485151.jpg,data/raw/steel/02.라벨링데이터/1. RTAL/RT_AL_00_14485151.json,,,,0,0,0,True
RT_AL_00_14485156,data/raw/steel/01.원천데이터/1. RTAL/RT_AL_00_14485156.jpg,data/raw/steel/02.라벨링데이터/1. RTAL/RT_AL_00_14485156.json,,,,0,0,0,True
RT_AL_00_14485159,data/raw/steel/01.원천데이터/1. RTAL/RT_AL_00_14485159.jpg,data/raw/steel/02.라벨링데이터/1. RTAL/RT_AL_00_14485159.json,,,,0,0,0,True
RT_AL_00_14485167,data/raw/steel/01.원천데이터/1. RTAL/RT_AL_00_14485167.jpg,data/raw/steel/02.라벨링데이터/1. RTAL/RT_AL_00_14485167.json,,,,0,0,0,True
RT_AL_00_14485174,data/raw/steel/01.원천데이터/1. RTAL/RT_AL_00_14485174.jpg,data/raw/steel/02.라벨링데이터/1. RTAL/RT_AL_00_14485174.json,,,,0,0,0,True
RT_AL_00_14485208,data/raw/steel/01.원천데이터/1. RTAL/RT_AL_00_14485208.jpg,data/raw/steel/02.라벨링데이터/1. RTAL/RT_AL_00_14485208.json,,,,0,0,0,True
RT_AL_00_14485216,data/raw/steel/01.원천데이터/1. RTAL/RT_AL_00_14485216.jpg,data/raw/steel/02.라벨링데이터/1. RTAL/RT_AL_00_14485216.json,,,,0,0,0,True
RT_AL_00_14485218,data/raw/steel/01.원천데이터/1. RTAL/RT_AL_00_14485218.jpg,data/raw/steel/02.라벨링데이터/1. RTAL/RT_AL_00_14485218.json,,,,0,0,0,True
RT_AL_00_14485219,data/raw/steel/01.원천데이터/1. RTAL/RT_AL_00_14485219.jpg,data/raw/steel/02.라벨링데이터/1. RTAL/RT_AL_00_14485219.json,,,,0,0,0,True
RT_AL_00_14485220,data/raw/steel/01.원천데이터/1. RTAL/RT_AL_00_14485220.jpg,data/raw/steel/02.라벨링데이터/1. RTAL/RT_AL_00_14485220.json,,,,0,0,0,True
RT_AL_00_14485262,data/raw/steel/01.원천데이터/1. RTAL/RT_AL_00_14485262.jpg,data/raw/steel/02.라벨링데이터/1. RTAL/RT_AL_00_14485262.json,,,,0,0,0,True
RT_AL_00_14485284,data/raw/steel/01.원천데이터/1. RTAL/RT_AL_00_14485284.jpg,data/raw/steel/02.라벨링데이터/1. RTAL/RT_AL_00_14485284.json,,,,0,0,0,True
RT_AL_00_14485294,data/raw/steel/01.원천데이터/1. RTAL/RT_AL_00_14485294.jpg,data/raw/steel/02.라벨링데이터/1. RTAL/RT_AL_00_14485294.json,,,,0,0,0,True
RT_AL_00_14485298,data/raw/steel/01.원천데이터/1. RTAL/RT_AL_00_14485298.jpg,data/raw/steel/02.라벨링데이터/1. RTAL/RT_AL_00_14485298.json,,,,0,0,0,True
RT_AL_00_14485305,data/raw/steel/01.원천데이터/1. RTAL/RT_AL_00_14485305.jpg,data/raw/steel/02.라벨링데이터/1. RTAL/RT_AL_00_14485305.json,,,,0,0,0,True
RT_AL_00_14485306,data/raw/steel/01.원천데이터/1. RTAL/RT_AL_00_14485306.jpg,data/raw/steel/02.라벨링데이터/1. RTAL/RT_AL_00_14485306.json,,,,0,0,0,True
RT_AL_00_14485329,data/raw/steel/01.원천데이터/1. RTAL/RT_AL_00_14485329.jpg,data/raw/steel/02.라벨링데이터/1. RTAL/RT_AL_00_14485329.json,,,,0,0,0,True
RT_AL_00_14485335,data/raw/steel/01.원천데이터/1. RTAL/RT_AL_00_14485335.jpg,data/raw/steel/02.라벨링데이터/1. RTAL/RT_AL_00_14485335.json,,,,0,0,0,True
RT_AL_00_14485337,data/raw/steel/01.원천데이터/1. RTAL/RT_AL_00_14485337.jpg,data/raw/steel/02.라벨링데이터/1. RTAL/RT_AL_00_14485337.json,,,,0,0,0,True
RT_AL_00_14485370,data/raw/steel/01.원천데이터/1. RTAL/RT_AL_00_14485370.jpg,data/raw/steel/02.라벨링데이터/1. RTAL/RT_AL_00_14485370.json,,,,0,0,0,True
RT_AL_00_14485391,data/raw/steel/01.원천데이터/1. RTAL/RT_AL_00_14485391.jpg,data/raw/steel/02.라벨링데이터/1. RTAL/RT_AL_00_14485391.json,,,,0,0,0,True
RT_AL_00_14485402,data/raw/steel/01.원천데이터/1. RTAL/RT_AL_00_14485402.jpg,data/raw/steel/02.라벨링데이터/1. RTAL/RT_AL_00_14485402.json,,,,0,0,0,True
RT_AL_00_14485404,data/raw/steel/01.원천데이터/1. RTAL/RT_AL_00_14485404.jpg,data/raw/steel/02.라벨링데이터/1. RTAL/RT_AL_00_14485404.json,,,,0,0,0,True
RT_AL_00_14485415,data/raw/steel/01.원천데이터/1. RTAL/RT_AL_00_14485415.jpg,data/raw/steel/02.라벨링데이터/1. RTAL/RT_AL_00_14485415.json,,,,0,0,0,True
RT_AL_00_14485428,data/raw/steel/01.원천데이터/1. RTAL/RT_AL_00_14485428.jpg,data/raw/steel/02.라벨링데이터/1. RTAL/RT_AL_00_14485428.json,,,,0,0,0,True
RT_AL_00_14485437,data/raw/steel/01.원천데이터/1. RTAL/RT_AL_00_14485437.jpg,data/raw/steel/02.라벨링데이터/1. RTAL/RT_AL_00_14485437.json,,,,0,0,0,True
RT_AL_00_14485440,data/raw/steel/01.원천데이터/1. RTAL/RT_AL_00_14485440.jpg,data/raw/steel/02.라벨링데이터/1. RTAL/RT_AL_00_14485440.json,,,,0,0,0,True
RT_AL_00_14485442,data/raw/steel/01.원천데이터/1. RTAL/RT_AL_00_14485442.jpg,data/raw/steel/02.라벨링데이터/1. RTAL/RT_AL_00_14485442.json,,,,0,0,0,True
RT_AL_00_14485467,data/raw/steel/01.원천데이터/1. RTAL/RT_AL_00_14485467.jpg,data/raw/steel/02.라벨링데이터/1. RTAL/RT_AL_00_14485467.json,,,,0,0,0,True
RT_AL_00_14485469,data/raw/steel/01.원천데이터/1. RTAL/RT_AL_00_14485469.jpg,data/raw/steel/02.라벨링데이터/1. RTAL/RT_AL_00_14485469.json,,,,0,0,0,True
RT_AL_00_14485471,data/raw/steel/01.원천데이터/1. RTAL/RT_AL_00_14485471.jpg,data/raw/steel/02.라벨링데이터/1. RTAL/RT_AL_00_14485471.json,,,,0,0,0,True
RT_AL_00_14485474,data/raw/steel/01.원천데이터/1. RTAL/RT_AL_00_14485474.jpg,data/raw/steel/02.라벨링데이터/1. RTAL/RT_AL_00_14485474.json,,,,0,0,0,True
RT_AL_00_14485506,data/raw/steel/01.원천데이터/1. RTAL/RT_AL_00_14485506.jpg,data/raw/steel/02.라벨링데이터/1. RTAL/RT_AL_00_14485506.json,,,,0,0,0,True
RT_AL_00_14485510,data/raw/steel/01.원천데이터/1. RTAL/RT_AL_00_14485510.jpg,data/raw/steel/02.라벨링데이터/1. RTAL/RT_AL_00_14485510.json,,,,0,0,0,True
RT_AL_00_14485516,data/raw/steel/01.원천데이터/1. RTAL/RT_AL_00_14485516.jpg,data/raw/steel/02.라벨링데이터/1. RTAL/RT_AL_00_14485516.json,,,,0,0,0,True
RT_AL_00_14485526,data/raw/steel/01.원천데이터/1. RTAL/RT_AL_00_14485526.jpg,data/raw/steel/02.라벨링데이터/1. RTAL/RT_AL_00_14485526.json,,,,0,0,0,True
RT_AL_00_14485533,data/raw/steel/01.원천데이터/1. RTAL/RT_AL_00_14485533.jpg,data/raw/steel/02.라벨링데이터/1. RTAL/RT_AL_00_14485533.json,,,,0,0,0,True
RT_AL_00_14485536,data/raw/steel/01.원천데이터/1. RTAL/RT_AL_00_14485536.jpg,data/raw/steel/02.라벨링데이터/1. RTAL/RT_AL_00_14485536.json,,,,0,0,0,True
RT_AL_00_14485546,data/raw/steel/01.원천데이터/1. RTAL/RT_AL_00_14485546.jpg,data/raw/steel/02.라벨링데이터/1. RTAL/RT_AL_00_14485546.json,,,,0,0,0,True
RT_AL_00_14485579,data/raw/steel/01.원천데이터/1. RTAL/RT_AL_00_14485579.jpg,data/raw/steel/02.라벨링데이터/1. RTAL/RT_AL_00_14485579.json,,,,0,0,0,True
RT_AL_00_14485595,data/raw/steel/01.원천데이터/1. RTAL/RT_AL_00_14485595.jpg,data/raw/steel/02.라벨링데이터/1. RTAL/RT_AL_00_14485595.json,,,,0,0,0,True
RT_AL_00_14485606,data/raw/steel/01.원천데이터/1. RTAL/RT_AL_00_14485606.jpg,data/raw/steel/02.라벨링데이터/1. RTAL/RT_AL_00_14485606.json,,,,0,0,0,True
RT_AL_00_14485613,data/raw/steel/01.원천데이터/1. RTAL/RT_AL_00_14485613.jpg,data/raw/steel/02.라벨링데이터/1. RTAL/RT_AL_00_14485613.json,,,,0,0,0,True
RT_AL_00_14485617,data/raw/steel/01.원천데이터/1. RTAL/RT_AL_00_14485617.jpg,data/raw/steel/02.라벨링데이터/1. RTAL/RT_AL_00_14485617.json,,,,0,0,0,True
RT_AL_00_14485618,data/raw/steel/01.원천데이터/1. RTAL/RT_AL_00_14485618.jpg,data/raw/steel/02.라벨링데이터/1. RTAL/RT_AL_00_14485618.json,,,,0,0,0,True
RT_AL_00_14485631,data/raw/steel/01.원천데이터/1. RTAL/RT_AL_00_14485631.jpg,data/raw/steel/02.라벨링데이터/1. RTAL/RT_AL_00_14485631.json,,,,0,0,0,True
RT_AL_00_14485640,data/raw/steel/01.원천데이터/1. RTAL/RT_AL_00_14485640.jpg,data/raw/steel/02.라벨링데이터/1. RTAL/RT_AL_00_14485640.json,,,,0,0,0,True
RT_AL_00_14485644,data/raw/steel/01.원천데이터/1. RTAL/RT_AL_00_14485644.jpg,data/raw/steel/02.라벨링데이터/1. RTAL/RT_AL_00_14485644.json,,,,0,0,0,True
RT_AL_00_14485654,data/raw/steel/01.원천데이터/1. RTAL/RT_AL_00_14485654.jpg,data/raw/steel/02.라벨링데이터/1. RTAL/RT_AL_00_14485654.json,,,,0,0,0,True
RT_AL_00_14485670,data/raw/steel/01.원천데이터/1. RTAL/RT_AL_00_14485670.jpg,data/raw/steel/02.라벨링데이터/1. RTAL/RT_AL_00_14485670.json,,,,0,0,0,True
RT_AL_00_14485678,data/raw/steel/01.원천데이터/1. RTAL/RT_AL_00_14485678.jpg,data/raw/steel/02.라벨링데이터/1. RTAL/RT_AL_00_14485678.json,,,,0,0,0,True
RT_AL_00_14485681,data/raw/steel/01.원천데이터/1. RTAL/RT_AL_00_14485681.jpg,data/raw/steel/02.라벨링데이터/1. RTAL/RT_AL_00_14485681.json,,,,0,0,0,True
RT_AL_00_14485682,data/raw/steel/01.원천데이터/1. RTAL/RT_AL_00_14485682.jpg,data/raw/steel/02.라벨링데이터/1. RTAL/RT_AL_00_14485682.json,,,,0,0,0,True
RT_AL_00_14485684,data/raw/steel/01.원천데이터/1. RTAL/RT_AL_00_14485684.jpg,data/raw/steel/02.라벨링데이터/1. RTAL/RT_AL_00_14485684.json,,,,0,0,0,True
RT_AL_00_14485702,data/raw/steel/01.원천데이터/1. RTAL/RT_AL_00_14485702.jpg,data/raw/steel/02.라벨링데이터/1. RTAL/RT_AL_00_14485702.json,,,,0,0,0,True
RT_AL_00_14485703,data/raw/steel/01.원천데이터/1. RTAL/RT_AL_00_14485703.jpg,data/raw/steel/02.라벨링데이터/1. RTAL/RT_AL_00_14485703.json,,,,0,0,0,True
RT_AL_00_14485704,data/raw/steel/01.원천데이터/1. RTAL/RT_AL_00_14485704.jpg,data/raw/steel/02.라벨링데이터/1. RTAL/RT_AL_00_14485704.json,,,,0,0,0,True
RT_AL_00_14485712,data/raw/steel/01.원천데이터/1. RTAL/RT_AL_00_14485712.jpg,data/raw/steel/02.라벨링데이터/1. RTAL/RT_AL_00_14485712.json,,,,0,0,0,True
RT_AL_00_14485716,data/raw/steel/01.원천데이터/1. RTAL/RT_AL_00_14485716.jpg,data/raw/steel/02.라벨링데이터/1. RTAL/RT_AL_00_14485716.json,,,,0,0,0,True
RT_AL_00_14485718,data/raw/steel/01.원천데이터/1. RTAL/RT_AL_00_14485718.jpg,data/raw/steel/02.라벨링데이터/1. RTAL/RT_AL_00_14485718.json,,,,0,0,0,True
RT_AL_01_14487435,data/raw/steel/01.원천데이터/1. RTAL/RT_AL_01_14487435.jpg,data/raw/steel/02.라벨링데이터/1. RTAL/RT_AL_01_14487435.json,,,,0,0,0,True
RT_AL_01_14487442,data/raw/steel/01.원천데이터/1. RTAL/RT_AL_01_14487442.jpg,data/raw/steel/02.라벨링데이터/1. RTAL/RT_AL_01_14487442.json,,,,0,0,0,True
RT_AL_01_14487446,data/raw/steel/01.원천데이터/1. RTAL/RT_AL_01_14487446.jpg,data/raw/steel/02.라벨링데이터/1. RTAL/RT_AL_01_14487446.json,,,,0,0,0,True
RT_AL_01_14487447,data/raw/steel/01.원천데이터/1. RTAL/RT_AL_01_14487447.jpg,data/raw/steel/02.라벨링데이터/1. RTAL/RT_AL_01_14487447.json,,,,0,0,0,True
RT_AL_01_14487454,data/raw/steel/01.원천데이터/1. RTAL/RT_AL_01_14487454.jpg,data/raw/steel/02.라벨링데이터/1. RTAL/RT_AL_01_14487454.json,,,,0,0,0,True
RT_AL_01_14487460,data/raw/steel/01.원천데이터/1. RTAL/RT_AL_01_14487460.jpg,data/raw/steel/02.라벨링데이터/1. RTAL/RT_AL_01_14487460.json,,,,0,0,0,True
RT_AL_01_14487464,data/raw/steel/01.원천데이터/1. RTAL/RT_AL_01_14487464.jpg,data/raw/steel/02.라벨링데이터/1. RTAL/RT_AL_01_14487464.json,,,,0,0,0,True
RT_AL_01_14487471,data/raw/steel/01.원천데이터/1. RTAL/RT_AL_01_14487471.jpg,data/raw/steel/02.라벨링데이터/1. RTAL/RT_AL_01_14487471.json,,,,0,0,0,True
RT_AL_01_14487492,data/raw/steel/01.원천데이터/1. RTAL/RT_AL_01_14487492.jpg,data/raw/steel/02.라벨링데이터/1. RTAL/RT_AL_01_14487492.json,,,,0,0,0,True
RT_AL_01_14487496,data/raw/steel/01.원천데이터/1. RTAL/RT_AL_01_14487496.jpg,data/raw/steel/02.라벨링데이터/1. RTAL/RT_AL_01_14487496.json,,,,0,0,0,True
RT_AL_01_14487524,data/raw/steel/01.원천데이터/1. RTAL/RT_AL_01_14487524.jpg,data/raw/steel/02.라벨링데이터/1. RTAL/RT_AL_01_14487524.json,,,,0,0,0,True
RT_AL_01_14487526,data/raw/steel/01.원천데이터/1. RTAL/RT_AL_01_14487526.jpg,data/raw/steel/02.라벨링데이터/1. RTAL/RT_AL_01_14487526.json,,,,0,0,0,True
RT_AL_01_14487528,data/raw/steel/01.원천데이터/1. RTAL/RT_AL_01_14487528.jpg,data/raw/steel/02.라벨링데이터/1. RTAL/RT_AL_01_14487528.json,,,,0,0,0,True
RT_AL_01_14487531,data/raw/steel/01.원천데이터/1. RTAL/RT_AL_01_14487531.jpg,data/raw/steel/02.라벨링데이터/1. RTAL/RT_AL_01_14487531.json,,,,0,0,0,True
RT_AL_01_14487533,data/raw/steel/01.원천데이터/1. RTAL/RT_AL_01_14487533.jpg,data/raw/steel/02.라벨링데이터/1. RTAL/RT_AL_01_14487533.json,,,,0,0,0,True
RT_AL_01_14487552,data/raw/steel/01.원천데이터/1. RTAL/RT_AL_01_14487552.jpg,data/raw/steel/02.라벨링데이터/1. RTAL/RT_AL_01_14487552.json,,,,0,0,0,True
RT_AL_01_14487553,data/raw/steel/01.원천데이터/1. RTAL/RT_AL_01_14487553.jpg,data/raw/steel/02.라벨링데이터/1. RTAL/RT_AL_01_14487553.json,,,,0,0,0,True
RT_AL_01_14487563,data/raw/steel/01.원천데이터/1. RTAL/RT_AL_01_14487563.jpg,data/raw/steel/02.라벨링데이터/1. RTAL/RT_AL_01_14487563.json,,,,0,0,0,True
RT_AL_01_14487565,data/raw/steel/01.원천데이터/1. RTAL/RT_AL_01_14487565.jpg,data/raw/steel/02.라벨링데이터/1. RTAL/RT_AL_01_14487565.json,,,,0,0,0,True
RT_AL_01_14487571,data/raw/steel/01.원천데이터/1. RTAL/RT_AL_01_14487571.jpg,data/raw/steel/02.라벨링데이터/1. RTAL/RT_AL_01_14487571.json,,,,0,0,0,True
RT_AL_01_14487572,data/raw/steel/01.원천데이터/1. RTAL/RT_AL_01_14487572.jpg,data/raw/steel/02.라벨링데이터/1. RTAL/RT_AL_01_14487572.json,,,,0,0,0,True
RT_AL_01_14487590,data/raw/steel/01.원천데이터/1. RTAL/RT_AL_01_14487590.jpg,data/raw/steel/02.라벨링데이터/1. RTAL/RT_AL_01_14487590.json,,,,0,0,0,True
RT_AL_01_14487598,data/raw/steel/01.원천데이터/1. RTAL/RT_AL_01_14487598.jpg,data/raw/steel/02.라벨링데이터/1. RTAL/RT_AL_01_14487598.json,,,,0,0,0,True
RT_AL_01_14487600,data/raw/steel/01.원천데이터/1. RTAL/RT_AL_01_14487600.jpg,data/raw/steel/02.라벨링데이터/1. RTAL/RT_AL_01_14487600.json,,,,0,0,0,True
RT_AL_01_14487603,data/raw/steel/01.원천데이터/1. RTAL/RT_AL_01_14487603.jpg,data/raw/steel/02.라벨링데이터/1. RTAL/RT_AL_01_14487603.json,,,,0,0,0,True
RT_AL_01_14487608,data/raw/steel/01.원천데이터/1. RTAL/RT_AL_01_14487608.jpg,data/raw/steel/02.라벨링데이터/1. RTAL/RT_AL_01_14487608.json,,,,0,0,0,True
RT_AL_01_14487610,data/raw/steel/01.원천데이터/1. RTAL/RT_AL_01_14487610.jpg,data/raw/steel/02.라벨링데이터/1. RTAL/RT_AL_01_14487610.json,,,,0,0,0,True
RT_AL_01_14487612,data/raw/steel/01.원천데이터/1. RTAL/RT_AL_01_14487612.jpg,data/raw/steel/02.라벨링데이터/1. RTAL/RT_AL_01_14487612.json,,,,0,0,0,True
RT_AL_01_14487619,data/raw/steel/01.원천데이터/1. RTAL/RT_AL_01_14487619.jpg,data/raw/steel/02.라벨링데이터/1. RTAL/RT_AL_01_14487619.json,,,,0,0,0,True
RT_AL_01_14487631,data/raw/steel/01.원천데이터/1. RTAL/RT_AL_01_14487631.jpg,data/raw/steel/02.라벨링데이터/1. RTAL/RT_AL_01_14487631.json,,,,0,0,0,True
RT_AL_01_14487633,data/raw/steel/01.원천데이터/1. RTAL/RT_AL_01_14487633.jpg,data/raw/steel/02.라벨링데이터/1. RTAL/RT_AL_01_14487633.json,,,,0,0,0,True
RT_AL_01_14487650,data/raw/steel/01.원천데이터/1. RTAL/RT_AL_01_14487650.jpg,data/raw/steel/02.라벨링데이터/1. RTAL/RT_AL_01_14487650.json,,,,0,0,0,True
RT_AL_01_14487666,data/raw/steel/01.원천데이터/1. RTAL/RT_AL_01_14487666.jpg,data/raw/steel/02.라벨링데이터/1. RTAL/RT_AL_01_14487666.json,,,,0,0,0,True
RT_AL_01_14487680,data/raw/steel/01.원천데이터/1. RTAL/RT_AL_01_14487680.jpg,data/raw/steel/02.라벨링데이터/1. RTAL/RT_AL_01_14487680.json,,,,0,0,0,True
RT_AL_01_14487734,data/raw/steel/01.원천데이터/1. RTAL/RT_AL_01_14487734.jpg,data/raw/steel/02.라벨링데이터/1. RTAL/RT_AL_01_14487734.json,,,,0,0,0,True
RT_AL_01_14487735,data/raw/steel/01.원천데이터/1. RTAL/RT_AL_01_14487735.jpg,data/raw/steel/02.라벨링데이터/1. RTAL/RT_AL_01_14487735.json,,,,0,0,0,True
RT_AL_01_14487736,data/raw/steel/01.원천데이터/1. RTAL/RT_AL_01_14487736.jpg,data/raw/steel/02.라벨링데이터/1. RTAL/RT_AL_01_14487736.json,,,,0,0,0,True
RT_AL_01_14487743,data/raw/steel/01.원천데이터/1. RTAL/RT_AL_01_14487743.jpg,data/raw/steel/02.라벨링데이터/1. RTAL/RT_AL_01_14487743.json,,,,0,0,0,True
RT_AL_02_14483871,data/raw/steel/01.원천데이터/1. RTAL/RT_AL_02_14483871.jpg,data/raw/steel/02.라벨링데이터/1. RTAL/RT_AL_02_14483871.json,,,,0,0,0,True
RT_AL_02_14487762,data/raw/steel/01.원천데이터/1. RTAL/RT_AL_02_14487762.jpg,data/raw/steel/02.라벨링데이터/1. RTAL/RT_AL_02_14487762.json,,,,0,0,0,True
RT_AL_02_14487769,data/raw/steel/01.원천데이터/1. RTAL/RT_AL_02_14487769.jpg,data/raw/steel/02.라벨링데이터/1. RTAL/RT_AL_02_14487769.json,,,,0,0,0,True
RT_AL_02_14487771,data/raw/steel/01.원천데이터/1. RTAL/RT_AL_02_14487771.jpg,data/raw/steel/02.라벨링데이터/1. RTAL/RT_AL_02_14487771.json,,,,0,0,0,True
RT_AL_02_14487779,data/raw/steel/01.원천데이터/1. RTAL/RT_AL_02_14487779.jpg,data/raw/steel/02.라벨링데이터/1. RTAL/RT_AL_02_14487779.json,,,,0,0,0,True
RT_AL_02_14487790,data/raw/steel/01.원천데이터/1. RTAL/RT_AL_02_14487790.jpg,data/raw/steel/02.라벨링데이터/1. RTAL/RT_AL_02_14487790.json,,,,0,0,0,True
RT_AL_02_14487794,data/raw/steel/01.원천데이터/1. RTAL/RT_AL_02_14487794.jpg,data/raw/steel/02.라벨링데이터/1. RTAL/RT_AL_02_14487794.json,,,,0,0,0,True
RT_AL_02_14487800,data/raw/steel/01.원천데이터/1. RTAL/RT_AL_02_14487800.jpg,data/raw/steel/02.라벨링데이터/1. RTAL/RT_AL_02_14487800.json,,,,0,0,0,True
RT_AL_02_14487811,data/raw/steel/01.원천데이터/1. RTAL/RT_AL_02_14487811.jpg,data/raw/steel/02.라벨링데이터/1. RTAL/RT_AL_02_14487811.json,,,,0,0,0,True
RT_AL_02_14487812,data/raw/steel/01.원천데이터/1. RTAL/RT_AL_02_14487812.jpg,data/raw/steel/02.라벨링데이터/1. RTAL/RT_AL_02_14487812.json,,,,0,0,0,True
RT_AL_02_14487814,data/raw/steel/01.원천데이터/1. RTAL/RT_AL_02_14487814.jpg,data/raw/steel/02.라벨링데이터/1. RTAL/RT_AL_02_14487814.json,,,,0,0,0,True
RT_AL_02_14487815,data/raw/steel/01.원천데이터/1. RTAL/RT_AL_02_14487815.jpg,data/raw/steel/02.라벨링데이터/1. RTAL/RT_AL_02_14487815.json,,,,0,0,0,True
RT_AL_02_14487821,data/raw/steel/01.원천데이터/1. RTAL/RT_AL_02_14487821.jpg,data/raw/steel/02.라벨링데이터/1. RTAL/RT_AL_02_14487821.json,,,,0,0,0,True
RT_AL_02_14487822,data/raw/steel/01.원천데이터/1. RTAL/RT_AL_02_14487822.jpg,data/raw/steel/02.라벨링데이터/1. RTAL/RT_AL_02_14487822.json,,,,0,0,0,True
RT_AL_02_14487829,data/raw/steel/01.원천데이터/1. RTAL/RT_AL_02_14487829.jpg,data/raw/steel/02.라벨링데이터/1. RTAL/RT_AL_02_14487829.json,,,,0,0,0,True
RT_AL_02_14487845,data/raw/steel/01.원천데이터/1. RTAL/RT_AL_02_14487845.jpg,data/raw/steel/02.라벨링데이터/1. RTAL/RT_AL_02_14487845.json,,,,0,0,0,True
RT_AL_02_14487873,data/raw/steel/01.원천데이터/1. RTAL/RT_AL_02_14487873.jpg,data/raw/steel/02.라벨링데이터/1. RTAL/RT_AL_02_14487873.json,,,,0,0,0,True
RT_AL_02_14487891,data/raw/steel/01.원천데이터/1. RTAL/RT_AL_02_14487891.jpg,data/raw/steel/02.라벨링데이터/1. RTAL/RT_AL_02_14487891.json,,,,0,0,0,True
RT_AL_02_14487914,data/raw/steel/01.원천데이터/1. RTAL/RT_AL_02_14487914.jpg,data/raw/steel/02.라벨링데이터/1. RTAL/RT_AL_02_14487914.json,,,,0,0,0,True
RT_AL_02_14487926,data/raw/steel/01.원천데이터/1. RTAL/RT_AL_02_14487926.jpg,data/raw/steel/02.라벨링데이터/1. RTAL/RT_AL_02_14487926.json,,,,0,0,0,True
RT_AL_02_14487927,data/raw/steel/01.원천데이터/1. RTAL/RT_AL_02_14487927.jpg,data/raw/steel/02.라벨링데이터/1. RTAL/RT_AL_02_14487927.json,,,,0,0,0,True
RT_AL_02_14487941,data/raw/steel/01.원천데이터/1. RTAL/RT_AL_02_14487941.jpg,data/raw/steel/02.라벨링데이터/1. RTAL/RT_AL_02_14487941.json,,,,0,0,0,True
RT_AL_02_14487996,data/raw/steel/01.원천데이터/1. RTAL/RT_AL_02_14487996.jpg,data/raw/steel/02.라벨링데이터/1. RTAL/RT_AL_02_14487996.json,,,,0,0,0,True
RT_AL_02_14488001,data/raw/steel/01.원천데이터/1. RTAL/RT_AL_02_14488001.jpg,data/raw/steel/02.라벨링데이터/1. RTAL/RT_AL_02_14488001.json,,,,0,0,0,True
RT_AL_02_14488006,data/raw/steel/01.원천데이터/1. RTAL/RT_AL_02_14488006.jpg,data/raw/steel/02.라벨링데이터/1. RTAL/RT_AL_02_14488006.json,,,,0,0,0,True
RT_AL_02_14488009,data/raw/steel/01.원천데이터/1. RTAL/RT_AL_02_14488009.jpg,data/raw/steel/02.라벨링데이터/1. RTAL/RT_AL_02_14488009.json,,,,0,0,0,True
RT_AL_02_14488012,data/raw/steel/01.원천데이터/1. RTAL/RT_AL_02_14488012.jpg,data/raw/steel/02.라벨링데이터/1. RTAL/RT_AL_02_14488012.json,,,,0,0,0,True
RT_AL_02_14488023,data/raw/steel/01.원천데이터/1. RTAL/RT_AL_02_14488023.jpg,data/raw/steel/02.라벨링데이터/1. RTAL/RT_AL_02_14488023.json,,,,0,0,0,True
RT_AL_02_14488032,data/raw/steel/01.원천데이터/1. RTAL/RT_AL_02_14488032.jpg,data/raw/steel/02.라벨링데이터/1. RTAL/RT_AL_02_14488032.json,,,,0,0,0,True
RT_AL_02_14488033,data/raw/steel/01.원천데이터/1. RTAL/RT_AL_02_14488033.jpg,data/raw/steel/02.라벨링데이터/1. RTAL/RT_AL_02_14488033.json,,,,0,0,0,True
RT_AL_02_14488036,data/raw/steel/01.원천데이터/1. RTAL/RT_AL_02_14488036.jpg,data/raw/steel/02.라벨링데이터/1. RTAL/RT_AL_02_14488036.json,,,,0,0,0,True
RT_AL_02_14488048,data/raw/steel/01.원천데이터/1. RTAL/RT_AL_02_14488048.jpg,data/raw/steel/02.라벨링데이터/1. RTAL/RT_AL_02_14488048.json,,,,0,0,0,True
RT_AL_02_14488062,data/raw/steel/01.원천데이터/1. RTAL/RT_AL_02_14488062.jpg,data/raw/steel/02.라벨링데이터/1. RTAL/RT_AL_02_14488062.json,,,,0,0,0,True
RT_AL_02_14488068,data/raw/steel/01.원천데이터/1. RTAL/RT_AL_02_14488068.jpg,data/raw/steel/02.라벨링데이터/1. RTAL/RT_AL_02_14488068.json,,,,0,0,0,True
RT_AL_02_14488069,data/raw/steel/01.원천데이터/1. RTAL/RT_AL_02_14488069.jpg,data/raw/steel/02.라벨링데이터/1. RTAL/RT_AL_02_14488069.json,,,,0,0,0,True
RT_AL_02_14488080,data/raw/steel/01.원천데이터/1. RTAL/RT_AL_02_14488080.jpg,data/raw/steel/02.라벨링데이터/1. RTAL/RT_AL_02_14488080.json,,,,0,0,0,True
RT_AL_02_14488091,data/raw/steel/01.원천데이터/1. RTAL/RT_AL_02_14488091.jpg,data/raw/steel/02.라벨링데이터/1. RTAL/RT_AL_02_14488091.json,,,,0,0,0,True
RT_AL_02_14488097,data/raw/steel/01.원천데이터/1. RTAL/RT_AL_02_14488097.jpg,data/raw/steel/02.라벨링데이터/1. RTAL/RT_AL_02_14488097.json,,,,0,0,0,True
RT_AL_02_14488112,data/raw/steel/01.원천데이터/1. RTAL/RT_AL_02_14488112.jpg,data/raw/steel/02.라벨링데이터/1. RTAL/RT_AL_02_14488112.json,,,,0,0,0,True
RT_AL_02_14488136,data/raw/steel/01.원천데이터/1. RTAL/RT_AL_02_14488136.jpg,data/raw/steel/02.라벨링데이터/1. RTAL/RT_AL_02_14488136.json,,,,0,0,0,True
RT_AL_02_14488155,data/raw/steel/01.원천데이터/1. RTAL/RT_AL_02_14488155.jpg,data/raw/steel/02.라벨링데이터/1. RTAL/RT_AL_02_14488155.json,,,,0,0,0,True
RT_AL_02_14488176,data/raw/steel/01.원천데이터/1. RTAL/RT_AL_02_14488176.jpg,data/raw/steel/02.라벨링데이터/1. RTAL/RT_AL_02_14488176.json,,,,0,0,0,True
RT_AL_02_14488184,data/raw/steel/01.원천데이터/1. RTAL/RT_AL_02_14488184.jpg,data/raw/steel/02.라벨링데이터/1. RTAL/RT_AL_02_14488184.json,,,,0,0,0,True
RT_AL_02_14488185,data/raw/steel/01.원천데이터/1. RTAL/RT_AL_02_14488185.jpg,data/raw/steel/02.라벨링데이터/1. RTAL/RT_AL_02_14488185.json,,,,0,0,0,True
RT_AL_02_14488193,data/raw/steel/01.원천데이터/1. RTAL/RT_AL_02_14488193.jpg,data/raw/steel/02.라벨링데이터/1. RTAL/RT_AL_02_14488193.json,,,,0,0,0,True
RT_AL_02_14488198,data/raw/steel/01.원천데이터/1. RTAL/RT_AL_02_14488198.jpg,data/raw/steel/02.라벨링데이터/1. RTAL/RT_AL_02_14488198.json,,,,0,0,0,True
RT_AL_02_14488212,data/raw/steel/01.원천데이터/1. RTAL/RT_AL_02_14488212.jpg,data/raw/steel/02.라벨링데이터/1. RTAL/RT_AL_02_14488212.json,,,,0,0,0,True
RT_AL_02_14488218,data/raw/steel/01.원천데이터/1. RTAL/RT_AL_02_14488218.jpg,data/raw/steel/02.라벨링데이터/1. RTAL/RT_AL_02_14488218.json,,,,0,0,0,True
RT_AL_02_14488222,data/raw/steel/01.원천데이터/1. RTAL/RT_AL_02_14488222.jpg,data/raw/steel/02.라벨링데이터/1. RTAL/RT_AL_02_14488222.json,,,,0,0,0,True
RT_AL_02_14488270,data/raw/steel/01.원천데이터/1. RTAL/RT_AL_02_14488270.jpg,data/raw/steel/02.라벨링데이터/1. RTAL/RT_AL_02_14488270.json,,,,0,0,0,True
RT_AL_02_14488272,data/raw/steel/01.원천데이터/1. RTAL/RT_AL_02_14488272.jpg,data/raw/steel/02.라벨링데이터/1. RTAL/RT_AL_02_14488272.json,,,,0,0,0,True
RT_AL_02_14488285,data/raw/steel/01.원천데이터/1. RTAL/RT_AL_02_14488285.jpg,data/raw/steel/02.라벨링데이터/1. RTAL/RT_AL_02_14488285.json,,,,0,0,0,True
RT_AL_02_14488306,data/raw/steel/01.원천데이터/1. RTAL/RT_AL_02_14488306.jpg,data/raw/steel/02.라벨링데이터/1. RTAL/RT_AL_02_14488306.json,,,,0,0,0,True
RT_AL_02_14488324,data/raw/steel/01.원천데이터/1. RTAL/RT_AL_02_14488324.jpg,data/raw/steel/02.라벨링데이터/1. RTAL/RT_AL_02_14488324.json,,,,0,0,0,True
RT_AL_02_14488328,data/raw/steel/01.원천데이터/1. RTAL/RT_AL_02_14488328.jpg,data/raw/steel/02.라벨링데이터/1. RTAL/RT_AL_02_14488328.json,,,,0,0,0,True
RT_AL_02_14488343,data/raw/steel/01.원천데이터/1. RTAL/RT_AL_02_14488343.jpg,data/raw/steel/02.라벨링데이터/1. RTAL/RT_AL_02_14488343.json,,,,0,0,0,True
RT_AL_02_14488368,data/raw/steel/01.원천데이터/1. RTAL/RT_AL_02_14488368.jpg,data/raw/steel/02.라벨링데이터/1. RTAL/RT_AL_02_14488368.json,,,,0,0,0,True
RT_AL_02_14488379,data/raw/steel/01.원천데이터/1. RTAL/RT_AL_02_14488379.jpg,data/raw/steel/02.라벨링데이터/1. RTAL/RT_AL_02_14488379.json,,,,0,0,0,True
RT_AL_02_14488384,data/raw/steel/01.원천데이터/1. RTAL/RT_AL_02_14488384.jpg,data/raw/steel/02.라벨링데이터/1. RTAL/RT_AL_02_14488384.json,,,,0,0,0,True
RT_AL_02_14488402,data/raw/steel/01.원천데이터/1. RTAL/RT_AL_02_14488402.jpg,data/raw/steel/02.라벨링데이터/1. RTAL/RT_AL_02_14488402.json,,,,0,0,0,True
RT_AL_02_14488422,data/raw/steel/01.원천데이터/1. RTAL/RT_AL_02_14488422.jpg,data/raw/steel/02.라벨링데이터/1. RTAL/RT_AL_02_14488422.json,,,,0,0,0,True
RT_AL_02_14488432,data/raw/steel/01.원천데이터/1. RTAL/RT_AL_02_14488432.jpg,data/raw/steel/02.라벨링데이터/1. RTAL/RT_AL_02_14488432.json,,,,0,0,0,True
RT_AL_02_14488461,data/raw/steel/01.원천데이터/1. RTAL/RT_AL_02_14488461.jpg,data/raw/steel/02.라벨링데이터/1. RTAL/RT_AL_02_14488461.json,,,,0,0,0,True
RT_AL_02_14488466,data/raw/steel/01.원천데이터/1. RTAL/RT_AL_02_14488466.jpg,data/raw/steel/02.라벨링데이터/1. RTAL/RT_AL_02_14488466.json,,,,0,0,0,True
RT_AL_02_14488480,data/raw/steel/01.원천데이터/1. RTAL/RT_AL_02_14488480.jpg,data/raw/steel/02.라벨링데이터/1. RTAL/RT_AL_02_14488480.json,,,,0,0,0,True
RT_AL_02_14488486,data/raw/steel/01.원천데이터/1. RTAL/RT_AL_02_14488486.jpg,data/raw/steel/02.라벨링데이터/1. RTAL/RT_AL_02_14488486.json,,,,0,0,0,True
RT_AL_02_14488488,data/raw/steel/01.원천데이터/1. RTAL/RT_AL_02_14488488.jpg,data/raw/steel/02.라벨링데이터/1. RTAL/RT_AL_02_14488488.json,,,,0,0,0,True
RT_AL_02_14488506,data/raw/steel/01.원천데이터/1. RTAL/RT_AL_02_14488506.jpg,data/raw/steel/02.라벨링데이터/1. RTAL/RT_AL_02_14488506.json,,,,0,0,0,True
RT_AL_02_14488509,data/raw/steel/01.원천데이터/1. RTAL/RT_AL_02_14488509.jpg,data/raw/steel/02.라벨링데이터/1. RTAL/RT_AL_02_14488509.json,,,,0,0,0,True
RT_AL_02_14488533,data/raw/steel/01.원천데이터/1. RTAL/RT_AL_02_14488533.jpg,data/raw/steel/02.라벨링데이터/1. RTAL/RT_AL_02_14488533.json,,,,0,0,0,True
RT_AL_02_14488543,data/raw/steel/01.원천데이터/1. RTAL/RT_AL_02_14488543.jpg,data/raw/steel/02.라벨링데이터/1. RTAL/RT_AL_02_14488543.json,,,,0,0,0,True
RT_AL_02_14488570,data/raw/steel/01.원천데이터/1. RTAL/RT_AL_02_14488570.jpg,data/raw/steel/02.라벨링데이터/1. RTAL/RT_AL_02_14488570.json,,,,0,0,0,True
RT_AL_02_14488582,data/raw/steel/01.원천데이터/1. RTAL/RT_AL_02_14488582.jpg,data/raw/steel/02.라벨링데이터/1. RTAL/RT_AL_02_14488582.json,,,,0,0,0,True
RT_AL_02_14488584,data/raw/steel/01.원천데이터/1. RTAL/RT_AL_02_14488584.jpg,data/raw/steel/02.라벨링데이터/1. RTAL/RT_AL_02_14488584.json,,,,0,0,0,True
RT_AL_02_14488590,data/raw/steel/01.원천데이터/1. RTAL/RT_AL_02_14488590.jpg,data/raw/steel/02.라벨링데이터/1. RTAL/RT_AL_02_14488590.json,,,,0,0,0,True
RT_AL_02_14488600,data/raw/steel/01.원천데이터/1. RTAL/RT_AL_02_14488600.jpg,data/raw/steel/02.라벨링데이터/1. RTAL/RT_AL_02_14488600.json,,,,0,0,0,True
RT_AL_02_14488606,data/raw/steel/01.원천데이터/1. RTAL/RT_AL_02_14488606.jpg,data/raw/steel/02.라벨링데이터/1. RTAL/RT_AL_02_14488606.json,,,,0,0,0,True
RT_AL_02_14488621,data/raw/steel/01.원천데이터/1. RTAL/RT_AL_02_14488621.jpg,data/raw/steel/02.라벨링데이터/1. RTAL/RT_AL_02_14488621.json,,,,0,0,0,True
RT_AL_02_14488625,data/raw/steel/01.원천데이터/1. RTAL/RT_AL_02_14488625.jpg,data/raw/steel/02.라벨링데이터/1. RTAL/RT_AL_02_14488625.json,,,,0,0,0,True
RT_AL_02_14488626,data/raw/steel/01.원천데이터/1. RTAL/RT_AL_02_14488626.jpg,data/raw/steel/02.라벨링데이터/1. RTAL/RT_AL_02_14488626.json,,,,0,0,0,True
RT_AL_02_14488661,data/raw/steel/01.원천데이터/1. RTAL/RT_AL_02_14488661.jpg,data/raw/steel/02.라벨링데이터/1. RTAL/RT_AL_02_14488661.json,,,,0,0,0,True
RT_AL_02_14488663,data/raw/steel/01.원천데이터/1. RTAL/RT_AL_02_14488663.jpg,data/raw/steel/02.라벨링데이터/1. RTAL/RT_AL_02_14488663.json,,,,0,0,0,True
RT_AL_02_14488665,data/raw/steel/01.원천데이터/1. RTAL/RT_AL_02_14488665.jpg,data/raw/steel/02.라벨링데이터/1. RTAL/RT_AL_02_14488665.json,,,,0,0,0,True
RT_AL_02_14488682,data/raw/steel/01.원천데이터/1. RTAL/RT_AL_02_14488682.jpg,data/raw/steel/02.라벨링데이터/1. RTAL/RT_AL_02_14488682.json,,,,0,0,0,True
RT_AL_02_14488683,data/raw/steel/01.원천데이터/1. RTAL/RT_AL_02_14488683.jpg,data/raw/steel/02.라벨링데이터/1. RTAL/RT_AL_02_14488683.json,,,,0,0,0,True
RT_AL_02_14488690,data/raw/steel/01.원천데이터/1. RTAL/RT_AL_02_14488690.jpg,data/raw/steel/02.라벨링데이터/1. RTAL/RT_AL_02_14488690.json,,,,0,0,0,True
RT_AL_02_14488700,data/raw/steel/01.원천데이터/1. RTAL/RT_AL_02_14488700.jpg,data/raw/steel/02.라벨링데이터/1. RTAL/RT_AL_02_14488700.json,,,,0,0,0,True
RT_AL_02_14488705,data/raw/steel/01.원천데이터/1. RTAL/RT_AL_02_14488705.jpg,data/raw/steel/02.라벨링데이터/1. RTAL/RT_AL_02_14488705.json,,,,0,0,0,True
RT_AL_02_14488716,data/raw/steel/01.원천데이터/1. RTAL/RT_AL_02_14488716.jpg,data/raw/steel/02.라벨링데이터/1. RTAL/RT_AL_02_14488716.json,,,,0,0,0,True
RT_AL_02_14488733,data/raw/steel/01.원천데이터/1. RTAL/RT_AL_02_14488733.jpg,data/raw/steel/02.라벨링데이터/1. RTAL/RT_AL_02_14488733.json,,,,0,0,0,True
RT_AL_02_14488745,data/raw/steel/01.원천데이터/1. RTAL/RT_AL_02_14488745.jpg,data/raw/steel/02.라벨링데이터/1. RTAL/RT_AL_02_14488745.json,,,,0,0,0,True
RT_AL_02_14488749,data/raw/steel/01.원천데이터/1. RTAL/RT_AL_02_14488749.jpg,data/raw/steel/02.라벨링데이터/1. RTAL/RT_AL_02_14488749.json,,,,0,0,0,True
RT_AL_02_14488767,data/raw/steel/01.원천데이터/1. RTAL/RT_AL_02_14488767.jpg,data/raw/steel/02.라벨링데이터/1. RTAL/RT_AL_02_14488767.json,,,,0,0,0,True
RT_AL_02_14488779,data/raw/steel/01.원천데이터/1. RTAL/RT_AL_02_14488779.jpg,data/raw/steel/02.라벨링데이터/1. RTAL/RT_AL_02_14488779.json,,,,0,0,0,True
RT_AL_02_14488786,data/raw/steel/01.원천데이터/1. RTAL/RT_AL_02_14488786.jpg,data/raw/steel/02.라벨링데이터/1. RTAL/RT_AL_02_14488786.json,,,,0,0,0,True
RT_AL_02_14488795,data/raw/steel/01.원천데이터/1. RTAL/RT_AL_02_14488795.jpg,data/raw/steel/02.라벨링데이터/1. RTAL/RT_AL_02_14488795.json,,,,0,0,0,True
RT_AL_02_14488809,data/raw/steel/01.원천데이터/1. RTAL/RT_AL_02_14488809.jpg,data/raw/steel/02.라벨링데이터/1. RTAL/RT_AL_02_14488809.json,,,,0,0,0,True
RT_AL_02_14488813,data/raw/steel/01.원천데이터/1. RTAL/RT_AL_02_14488813.jpg,data/raw/steel/02.라벨링데이터/1. RTAL/RT_AL_02_14488813.json,,,,0,0,0,True
RT_AL_02_14488830,data/raw/steel/01.원천데이터/1. RTAL/RT_AL_02_14488830.jpg,data/raw/steel/02.라벨링데이터/1. RTAL/RT_AL_02_14488830.json,,,,0,0,0,True
RT_AL_02_14488847,data/raw/steel/01.원천데이터/1. RTAL/RT_AL_02_14488847.jpg,data/raw/steel/02.라벨링데이터/1. RTAL/RT_AL_02_14488847.json,,,,0,0,0,True
RT_AL_02_14488854,data/raw/steel/01.원천데이터/1. RTAL/RT_AL_02_14488854.jpg,data/raw/steel/02.라벨링데이터/1. RTAL/RT_AL_02_14488854.json,,,,0,0,0,True
RT_AL_02_14488857,data/raw/steel/01.원천데이터/1. RTAL/RT_AL_02_14488857.jpg,data/raw/steel/02.라벨링데이터/1. RTAL/RT_AL_02_14488857.json,,,,0,0,0,True
RT_AL_02_14488858,data/raw/steel/01.원천데이터/1. RTAL/RT_AL_02_14488858.jpg,data/raw/steel/02.라벨링데이터/1. RTAL/RT_AL_02_14488858.json,,,,0,0,0,True
RT_AL_02_14488878,data/raw/steel/01.원천데이터/1. RTAL/RT_AL_02_14488878.jpg,data/raw/steel/02.라벨링데이터/1. RTAL/RT_AL_02_14488878.json,,,,0,0,0,True
RT_AL_02_14488887,data/raw/steel/01.원천데이터/1. RTAL/RT_AL_02_14488887.jpg,data/raw/steel/02.라벨링데이터/1. RTAL/RT_AL_02_14488887.json,,,,0,0,0,True
RT_AL_02_14488902,data/raw/steel/01.원천데이터/1. RTAL/RT_AL_02_14488902.jpg,data/raw/steel/02.라벨링데이터/1. RTAL/RT_AL_02_14488902.json,,,,0,0,0,True
RT_AL_02_14488913,data/raw/steel/01.원천데이터/1. RTAL/RT_AL_02_14488913.jpg,data/raw/steel/02.라벨링데이터/1. RTAL/RT_AL_02_14488913.json,,,,0,0,0,True
RT_AL_02_14488920,data/raw/steel/01.원천데이터/1. RTAL/RT_AL_02_14488920.jpg,data/raw/steel/02.라벨링데이터/1. RTAL/RT_AL_02_14488920.json,,,,0,0,0,True
RT_AL_02_14488925,data/raw/steel/01.원천데이터/1. RTAL/RT_AL_02_14488925.jpg,data/raw/steel/02.라벨링데이터/1. RTAL/RT_AL_02_14488925.json,,,,0,0,0,True
RT_AL_02_14488936,data/raw/steel/01.원천데이터/1. RTAL/RT_AL_02_14488936.jpg,data/raw/steel/02.라벨링데이터/1. RTAL/RT_AL_02_14488936.json,,,,0,0,0,True
RT_AL_02_14488939,data/raw/steel/01.원천데이터/1. RTAL/RT_AL_02_14488939.jpg,data/raw/steel/02.라벨링데이터/1. RTAL/RT_AL_02_14488939.json,,,,0,0,0,True
RT_AL_02_14488967,data/raw/steel/01.원천데이터/1. RTAL/RT_AL_02_14488967.jpg,data/raw/steel/02.라벨링데이터/1. RTAL/RT_AL_02_14488967.json,,,,0,0,0,True
RT_AL_02_14488984,data/raw/steel/01.원천데이터/1. RTAL/RT_AL_02_14488984.jpg,data/raw/steel/02.라벨링데이터/1. RTAL/RT_AL_02_14488984.json,,,,0,0,0,True
RT_AL_02_14488988,data/raw/steel/01.원천데이터/1. RTAL/RT_AL_02_14488988.jpg,data/raw/steel/02.라벨링데이터/1. RTAL/RT_AL_02_14488988.json,,,,0,0,0,True
RT_AL_02_14489005,data/raw/steel/01.원천데이터/1. RTAL/RT_AL_02_14489005.jpg,data/raw/steel/02.라벨링데이터/1. RTAL/RT_AL_02_14489005.json,,,,0,0,0,True
RT_AL_02_14489020,data/raw/steel/01.원천데이터/1. RTAL/RT_AL_02_14489020.jpg,data/raw/steel/02.라벨링데이터/1. RTAL/RT_AL_02_14489020.json,,,,0,0,0,True
RT_AL_02_14489030,data/raw/steel/01.원천데이터/1. RTAL/RT_AL_02_14489030.jpg,data/raw/steel/02.라벨링데이터/1. RTAL/RT_AL_02_14489030.json,,,,0,0,0,True
RT_AL_02_14489033,data/raw/steel/01.원천데이터/1. RTAL/RT_AL_02_14489033.jpg,data/raw/steel/02.라벨링데이터/1. RTAL/RT_AL_02_14489033.json,,,,0,0,0,True
RT_AL_02_14489043,data/raw/steel/01.원천데이터/1. RTAL/RT_AL_02_14489043.jpg,data/raw/steel/02.라벨링데이터/1. RTAL/RT_AL_02_14489043.json,,,,0,0,0,True
RT_AL_02_14489044,data/raw/steel/01.원천데이터/1. RTAL/RT_AL_02_14489044.jpg,data/raw/steel/02.라벨링데이터/1. RTAL/RT_AL_02_14489044.json,,,,0,0,0,True
RT_AL_02_14489051,data/raw/steel/01.원천데이터/1. RTAL/RT_AL_02_14489051.jpg,data/raw/steel/02.라벨링데이터/1. RTAL/RT_AL_02_14489051.json,,,,0,0,0,True
RT_AL_02_14489063,data/raw/steel/01.원천데이터/1. RTAL/RT_AL_02_14489063.jpg,data/raw/steel/02.라벨링데이터/1. RTAL/RT_AL_02_14489063.json,,,,0,0,0,True
RT_AL_02_14489072,data/raw/steel/01.원천데이터/1. RTAL/RT_AL_02_14489072.jpg,data/raw/steel/02.라벨링데이터/1. RTAL/RT_AL_02_14489072.json,,,,0,0,0,True
RT_AL_02_14489098,data/raw/steel/01.원천데이터/1. RTAL/RT_AL_02_14489098.jpg,data/raw/steel/02.라벨링데이터/1. RTAL/RT_AL_02_14489098.json,,,,0,0,0,True
RT_AL_02_14489115,data/raw/steel/01.원천데이터/1. RTAL/RT_AL_02_14489115.jpg,data/raw/steel/02.라벨링데이터/1. RTAL/RT_AL_02_14489115.json,,,,0,0,0,True
RT_AL_02_14489126,data/raw/steel/01.원천데이터/1. RTAL/RT_AL_02_14489126.jpg,data/raw/steel/02.라벨링데이터/1. RTAL/RT_AL_02_14489126.json,,,,0,0,0,True
RT_AL_02_14489137,data/raw/steel/01.원천데이터/1. RTAL/RT_AL_02_14489137.jpg,data/raw/steel/02.라벨링데이터/1. RTAL/RT_AL_02_14489137.json,,,,0,0,0,True
RT_AL_02_14489156,data/raw/steel/01.원천데이터/1. RTAL/RT_AL_02_14489156.jpg,data/raw/steel/02.라벨링데이터/1. RTAL/RT_AL_02_14489156.json,,,,0,0,0,True
RT_AL_02_14489158,data/raw/steel/01.원천데이터/1. RTAL/RT_AL_02_14489158.jpg,data/raw/steel/02.라벨링데이터/1. RTAL/RT_AL_02_14489158.json,,,,0,0,0,True
RT_AL_02_14489171,data/raw/steel/01.원천데이터/1. RTAL/RT_AL_02_14489171.jpg,data/raw/steel/02.라벨링데이터/1. RTAL/RT_AL_02_14489171.json,,,,0,0,0,True
RT_AL_02_14489175,data/raw/steel/01.원천데이터/1. RTAL/RT_AL_02_14489175.jpg,data/raw/steel/02.라벨링데이터/1. RTAL/RT_AL_02_14489175.json,,,,0,0,0,True
RT_AL_02_14489182,data/raw/steel/01.원천데이터/1. RTAL/RT_AL_02_14489182.jpg,data/raw/steel/02.라벨링데이터/1. RTAL/RT_AL_02_14489182.json,,,,0,0,0,True
RT_AL_02_14489189,data/raw/steel/01.원천데이터/1. RTAL/RT_AL_02_14489189.jpg,data/raw/steel/02.라벨링데이터/1. RTAL/RT_AL_02_14489189.json,,,,0,0,0,True
RT_AL_02_14489193,data/raw/steel/01.원천데이터/1. RTAL/RT_AL_02_14489193.jpg,data/raw/steel/02.라벨링데이터/1. RTAL/RT_AL_02_14489193.json,,,,0,0,0,True
RT_AL_02_14489194,data/raw/steel/01.원천데이터/1. RTAL/RT_AL_02_14489194.jpg,data/raw/steel/02.라벨링데이터/1. RTAL/RT_AL_02_14489194.json,,,,0,0,0,True
RT_AL_02_14489195,data/raw/steel/01.원천데이터/1. RTAL/RT_AL_02_14489195.jpg,data/raw/steel/02.라벨링데이터/1. RTAL/RT_AL_02_14489195.json,,,,0,0,0,True
RT_AL_02_14489201,data/raw/steel/01.원천데이터/1. RTAL/RT_AL_02_14489201.jpg,data/raw/steel/02.라벨링데이터/1. RTAL/RT_AL_02_14489201.json,,,,0,0,0,True
RT_AL_02_14489222,data/raw/steel/01.원천데이터/1. RTAL/RT_AL_02_14489222.jpg,data/raw/steel/02.라벨링데이터/1. RTAL/RT_AL_02_14489222.json,,,,0,0,0,True
RT_AL_02_14489225,data/raw/steel/01.원천데이터/1. RTAL/RT_AL_02_14489225.jpg,data/raw/steel/02.라벨링데이터/1. RTAL/RT_AL_02_14489225.json,,,,0,0,0,True
RT_AL_02_14489231,data/raw/steel/01.원천데이터/1. RTAL/RT_AL_02_14489231.jpg,data/raw/steel/02.라벨링데이터/1. RTAL/RT_AL_02_14489231.json,,,,0,0,0,True
RT_AL_02_14489237,data/raw/steel/01.원천데이터/1. RTAL/RT_AL_02_14489237.jpg,data/raw/steel/02.라벨링데이터/1. RTAL/RT_AL_02_14489237.json,,,,0,0,0,True
RT_AL_02_14489251,data/raw/steel/01.원천데이터/1. RTAL/RT_AL_02_14489251.jpg,data/raw/steel/02.라벨링데이터/1. RTAL/RT_AL_02_14489251.json,,,,0,0,0,True
RT_AL_02_14489265,data/raw/steel/01.원천데이터/1. RTAL/RT_AL_02_14489265.jpg,data/raw/steel/02.라벨링데이터/1. RTAL/RT_AL_02_14489265.json,,,,0,0,0,True
RT_AL_02_14489269,data/raw/steel/01.원천데이터/1. RTAL/RT_AL_02_14489269.jpg,data/raw/steel/02.라벨링데이터/1. RTAL/RT_AL_02_14489269.json,,,,0,0,0,True
RT_AL_02_14489312,data/raw/steel/01.원천데이터/1. RTAL/RT_AL_02_14489312.jpg,data/raw/steel/02.라벨링데이터/1. RTAL/RT_AL_02_14489312.json,,,,0,0,0,True
RT_AL_02_14489318,data/raw/steel/01.원천데이터/1. RTAL/RT_AL_02_14489318.jpg,data/raw/steel/02.라벨링데이터/1. RTAL/RT_AL_02_14489318.json,,,,0,0,0,True
RT_AL_02_14489340,data/raw/steel/01.원천데이터/1. RTAL/RT_AL_02_14489340.jpg,data/raw/steel/02.라벨링데이터/1. RTAL/RT_AL_02_14489340.json,,,,0,0,0,True
RT_AL_02_14489357,data/raw/steel/01.원천데이터/1. RTAL/RT_AL_02_14489357.jpg,data/raw/steel/02.라벨링데이터/1. RTAL/RT_AL_02_14489357.json,,,,0,0,0,True
RT_AL_02_14489419,data/raw/steel/01.원천데이터/1. RTAL/RT_AL_02_14489419.jpg,data/raw/steel/02.라벨링데이터/1. RTAL/RT_AL_02_14489419.json,,,,0,0,0,True
RT_AL_02_14489420,data/raw/steel/01.원천데이터/1. RTAL/RT_AL_02_14489420.jpg,data/raw/steel/02.라벨링데이터/1. RTAL/RT_AL_02_14489420.json,,,,0,0,0,True
RT_AL_02_14489421,data/raw/steel/01.원천데이터/1. RTAL/RT_AL_02_14489421.jpg,data/raw/steel/02.라벨링데이터/1. RTAL/RT_AL_02_14489421.json,,,,0,0,0,True
RT_AL_02_14489446,data/raw/steel/01.원천데이터/1. RTAL/RT_AL_02_14489446.jpg,data/raw/steel/02.라벨링데이터/1. RTAL/RT_AL_02_14489446.json,,,,0,0,0,True
RT_AL_02_14489453,data/raw/steel/01.원천데이터/1. RTAL/RT_AL_02_14489453.jpg,data/raw/steel/02.라벨링데이터/1. RTAL/RT_AL_02_14489453.json,,,,0,0,0,True
RT_AL_02_14489465,data/raw/steel/01.원천데이터/1. RTAL/RT_AL_02_14489465.jpg,data/raw/steel/02.라벨링데이터/1. RTAL/RT_AL_02_14489465.json,,,,0,0,0,True
RT_AL_02_14489481,data/raw/steel/01.원천데이터/1. RTAL/RT_AL_02_14489481.jpg,data/raw/steel/02.라벨링데이터/1. RTAL/RT_AL_02_14489481.json,,,,0,0,0,True
RT_AL_02_14489518,data/raw/steel/01.원천데이터/1. RTAL/RT_AL_02_14489518.jpg,data/raw/steel/02.라벨링데이터/1. RTAL/RT_AL_02_14489518.json,,,,0,0,0,True
RT_AL_02_14489520,data/raw/steel/01.원천데이터/1. RTAL/RT_AL_02_14489520.jpg,data/raw/steel/02.라벨링데이터/1. RTAL/RT_AL_02_14489520.json,,,,0,0,0,True
RT_AL_02_14489529,data/raw/steel/01.원천데이터/1. RTAL/RT_AL_02_14489529.jpg,data/raw/steel/02.라벨링데이터/1. RTAL/RT_AL_02_14489529.json,,,,0,0,0,True
RT_AL_02_14489534,data/raw/steel/01.원천데이터/1. RTAL/RT_AL_02_14489534.jpg,data/raw/steel/02.라벨링데이터/1. RTAL/RT_AL_02_14489534.json,,,,0,0,0,True
RT_AL_02_14489564,data/raw/steel/01.원천데이터/1. RTAL/RT_AL_02_14489564.jpg,data/raw/steel/02.라벨링데이터/1. RTAL/RT_AL_02_14489564.json,,,,0,0,0,True
RT_AL_02_14489567,data/raw/steel/01.원천데이터/1. RTAL/RT_AL_02_14489567.jpg,data/raw/steel/02.라벨링데이터/1. RTAL/RT_AL_02_14489567.json,,,,0,0,0,True
RT_AL_02_14489578,data/raw/steel/01.원천데이터/1. RTAL/RT_AL_02_14489578.jpg,data/raw/steel/02.라벨링데이터/1. RTAL/RT_AL_02_14489578.json,,,,0,0,0,True
RT_AL_02_14489579,data/raw/steel/01.원천데이터/1. RTAL/RT_AL_02_14489579.jpg,data/raw/steel/02.라벨링데이터/1. RTAL/RT_AL_02_14489579.json,,,,0,0,0,True
RT_AL_02_14489597,data/raw/steel/01.원천데이터/1. RTAL/RT_AL_02_14489597.jpg,data/raw/steel/02.라벨링데이터/1. RTAL/RT_AL_02_14489597.json,,,,0,0,0,True
RT_AL_02_14489599,data/raw/steel/01.원천데이터/1. RTAL/RT_AL_02_14489599.jpg,data/raw/steel/02.라벨링데이터/1. RTAL/RT_AL_02_14489599.json,,,,0,0,0,True
RT_AL_02_14489609,data/raw/steel/01.원천데이터/1. RTAL/RT_AL_02_14489609.jpg,data/raw/steel/02.라벨링데이터/1. RTAL/RT_AL_02_14489609.json,,,,0,0,0,True
RT_AL_02_14489610,data/raw/steel/01.원천데이터/1. RTAL/RT_AL_02_14489610.jpg,data/raw/steel/02.라벨링데이터/1. RTAL/RT_AL_02_14489610.json,,,,0,0,0,True
RT_AL_02_14489612,data/raw/steel/01.원천데이터/1. RTAL/RT_AL_02_14489612.jpg,data/raw/steel/02.라벨링데이터/1. RTAL/RT_AL_02_14489612.json,,,,0,0,0,True
RT_AL_02_14489622,data/raw/steel/01.원천데이터/1. RTAL/RT_AL_02_14489622.jpg,data/raw/steel/02.라벨링데이터/1. RTAL/RT_AL_02_14489622.json,,,,0,0,0,True
RT_AL_02_14489631,data/raw/steel/01.원천데이터/1. RTAL/RT_AL_02_14489631.jpg,data/raw/steel/02.라벨링데이터/1. RTAL/RT_AL_02_14489631.json,,,,0,0,0,True
RT_AL_02_14489648,data/raw/steel/01.원천데이터/1. RTAL/RT_AL_02_14489648.jpg,data/raw/steel/02.라벨링데이터/1. RTAL/RT_AL_02_14489648.json,,,,0,0,0,True
RT_AL_02_14489687,data/raw/steel/01.원천데이터/1. RTAL/RT_AL_02_14489687.jpg,data/raw/steel/02.라벨링데이터/1. RTAL/RT_AL_02_14489687.json,,,,0,0,0,True
RT_AL_02_14489691,data/raw/steel/01.원천데이터/1. RTAL/RT_AL_02_14489691.jpg,data/raw/steel/02.라벨링데이터/1. RTAL/RT_AL_02_14489691.json,,,,0,0,0,True
RT_AL_02_14489692,data/raw/steel/01.원천데이터/1. RTAL/RT_AL_02_14489692.jpg,data/raw/steel/02.라벨링데이터/1. RTAL/RT_AL_02_14489692.json,,,,0,0,0,True
RT_AL_02_14489712,data/raw/steel/01.원천데이터/1. RTAL/RT_AL_02_14489712.jpg,data/raw/steel/02.라벨링데이터/1. RTAL/RT_AL_02_14489712.json,,,,0,0,0,True
RT_AL_02_14489744,data/raw/steel/01.원천데이터/1. RTAL/RT_AL_02_14489744.jpg,data/raw/steel/02.라벨링데이터/1. RTAL/RT_AL_02_14489744.json,,,,0,0,0,True
RT_AL_02_14489790,data/raw/steel/01.원천데이터/1. RTAL/RT_AL_02_14489790.jpg,data/raw/steel/02.라벨링데이터/1. RTAL/RT_AL_02_14489790.json,,,,0,0,0,True
RT_AL_02_14489798,data/raw/steel/01.원천데이터/1. RTAL/RT_AL_02_14489798.jpg,data/raw/steel/02.라벨링데이터/1. RTAL/RT_AL_02_14489798.json,,,,0,0,0,True
RT_AL_02_14489805,data/raw/steel/01.원천데이터/1. RTAL/RT_AL_02_14489805.jpg,data/raw/steel/02.라벨링데이터/1. RTAL/RT_AL_02_14489805.json,,,,0,0,0,True
RT_AL_02_14489823,data/raw/steel/01.원천데이터/1. RTAL/RT_AL_02_14489823.jpg,data/raw/steel/02.라벨링데이터/1. RTAL/RT_AL_02_14489823.json,,,,0,0,0,True
RT_AL_02_14489830,data/raw/steel/01.원천데이터/1. RTAL/RT_AL_02_14489830.jpg,data/raw/steel/02.라벨링데이터/1. RTAL/RT_AL_02_14489830.json,,,,0,0,0,True
RT_AL_02_14489833,data/raw/steel/01.원천데이터/1. RTAL/RT_AL_02_14489833.jpg,data/raw/steel/02.라벨링데이터/1. RTAL/RT_AL_02_14489833.json,,,,0,0,0,True
RT_AL_02_14489836,data/raw/steel/01.원천데이터/1. RTAL/RT_AL_02_14489836.jpg,data/raw/steel/02.라벨링데이터/1. RTAL/RT_AL_02_14489836.json,,,,0,0,0,True
RT_AL_02_14489844,data/raw/steel/01.원천데이터/1. RTAL/RT_AL_02_14489844.jpg,data/raw/steel/02.라벨링데이터/1. RTAL/RT_AL_02_14489844.json,,,,0,0,0,True
RT_AL_02_14489865,data/raw/steel/01.원천데이터/1. RTAL/RT_AL_02_14489865.jpg,data/raw/steel/02.라벨링데이터/1. RTAL/RT_AL_02_14489865.json,,,,0,0,0,True
RT_AL_02_14489871,data/raw/steel/01.원천데이터/1. RTAL/RT_AL_02_14489871.jpg,data/raw/steel/02.라벨링데이터/1. RTAL/RT_AL_02_14489871.json,,,,0,0,0,True
RT_AL_02_14489881,data/raw/steel/01.원천데이터/1. RTAL/RT_AL_02_14489881.jpg,data/raw/steel/02.라벨링데이터/1. RTAL/RT_AL_02_14489881.json,,,,0,0,0,True
RT_AL_02_14489882,data/raw/steel/01.원천데이터/1. RTAL/RT_AL_02_14489882.jpg,data/raw/steel/02.라벨링데이터/1. RTAL/RT_AL_02_14489882.json,,,,0,0,0,True
RT_AL_02_14489886,data/raw/steel/01.원천데이터/1. RTAL/RT_AL_02_14489886.jpg,data/raw/steel/02.라벨링데이터/1. RTAL/RT_AL_02_14489886.json,,,,0,0,0,True
RT_AL_02_14489897,data/raw/steel/01.원천데이터/1. RTAL/RT_AL_02_14489897.jpg,data/raw/steel/02.라벨링데이터/1. RTAL/RT_AL_02_14489897.json,,,,0,0,0,True
RT_AL_02_14489951,data/raw/steel/01.원천데이터/1. RTAL/RT_AL_02_14489951.jpg,data/raw/steel/02.라벨링데이터/1. RTAL/RT_AL_02_14489951.json,,,,0,0,0,True
RT_AL_02_14489952,data/raw/steel/01.원천데이터/1. RTAL/RT_AL_02_14489952.jpg,data/raw/steel/02.라벨링데이터/1. RTAL/RT_AL_02_14489952.json,,,,0,0,0,True
RT_AL_02_14490003,data/raw/steel/01.원천데이터/1. RTAL/RT_AL_02_14490003.jpg,data/raw/steel/02.라벨링데이터/1. RTAL/RT_AL_02_14490003.json,,,,0,0,0,True
RT_AL_02_14490016,data/raw/steel/01.원천데이터/1. RTAL/RT_AL_02_14490016.jpg,data/raw/steel/02.라벨링데이터/1. RTAL/RT_AL_02_14490016.json,,,,0,0,0,True
RT_AL_02_14490020,data/raw/steel/01.원천데이터/1. RTAL/RT_AL_02_14490020.jpg,data/raw/steel/02.라벨링데이터/1. RTAL/RT_AL_02_14490020.json,,,,0,0,0,True
RT_AL_02_14490021,data/raw/steel/01.원천데이터/1. RTAL/RT_AL_02_14490021.jpg,data/raw/steel/02.라벨링데이터/1. RTAL/RT_AL_02_14490021.json,,,,0,0,0,True
RT_AL_02_14490057,data/raw/steel/01.원천데이터/1. RTAL/RT_AL_02_14490057.jpg,data/raw/steel/02.라벨링데이터/1. RTAL/RT_AL_02_14490057.json,,,,0,0,0,True
RT_AL_02_14490058,data/raw/steel/01.원천데이터/1. RTAL/RT_AL_02_14490058.jpg,data/raw/steel/02.라벨링데이터/1. RTAL/RT_AL_02_14490058.json,,,,0,0,0,True
RT_AL_02_14490082,data/raw/steel/01.원천데이터/1. RTAL/RT_AL_02_14490082.jpg,data/raw/steel/02.라벨링데이터/1. RTAL/RT_AL_02_14490082.json,,,,0,0,0,True
RT_AL_02_14490096,data/raw/steel/01.원천데이터/1. RTAL/RT_AL_02_14490096.jpg,data/raw/steel/02.라벨링데이터/1. RTAL/RT_AL_02_14490096.json,,,,0,0,0,True
RT_AL_02_14490099,data/raw/steel/01.원천데이터/1. RTAL/RT_AL_02_14490099.jpg,data/raw/steel/02.라벨링데이터/1. RTAL/RT_AL_02_14490099.json,,,,0,0,0,True
RT_AL_02_14490104,data/raw/steel/01.원천데이터/1. RTAL/RT_AL_02_14490104.jpg,data/raw/steel/02.라벨링데이터/1. RTAL/RT_AL_02_14490104.json,,,,0,0,0,True
RT_AL_02_14490110,data/raw/steel/01.원천데이터/1. RTAL/RT_AL_02_14490110.jpg,data/raw/steel/02.라벨링데이터/1. RTAL/RT_AL_02_14490110.json,,,,0,0,0,True
RT_AL_02_14490112,data/raw/steel/01.원천데이터/1. RTAL/RT_AL_02_14490112.jpg,data/raw/steel/02.라벨링데이터/1. RTAL/RT_AL_02_14490112.json,,,,0,0,0,True
RT_AL_02_14490114,data/raw/steel/01.원천데이터/1. RTAL/RT_AL_02_14490114.jpg,data/raw/steel/02.라벨링데이터/1. RTAL/RT_AL_02_14490114.json,,,,0,0,0,True
RT_AL_02_14490117,data/raw/steel/01.원천데이터/1. RTAL/RT_AL_02_14490117.jpg,data/raw/steel/02.라벨링데이터/1. RTAL/RT_AL_02_14490117.json,,,,0,0,0,True
RT_AL_02_14490120,data/raw/steel/01.원천데이터/1. RTAL/RT_AL_02_14490120.jpg,data/raw/steel/02.라벨링데이터/1. RTAL/RT_AL_02_14490120.json,,,,0,0,0,True
RT_AL_02_14490143,data/raw/steel/01.원천데이터/1. RTAL/RT_AL_02_14490143.jpg,data/raw/steel/02.라벨링데이터/1. RTAL/RT_AL_02_14490143.json,,,,0,0,0,True
RT_AL_02_14490151,data/raw/steel/01.원천데이터/1. RTAL/RT_AL_02_14490151.jpg,data/raw/steel/02.라벨링데이터/1. RTAL/RT_AL_02_14490151.json,,,,0,0,0,True
RT_AL_02_14490164,data/raw/steel/01.원천데이터/1. RTAL/RT_AL_02_14490164.jpg,data/raw/steel/02.라벨링데이터/1. RTAL/RT_AL_02_14490164.json,,,,0,0,0,True
RT_AL_02_14490169,data/raw/steel/01.원천데이터/1. RTAL/RT_AL_02_14490169.jpg,data/raw/steel/02.라벨링데이터/1. RTAL/RT_AL_02_14490169.json,,,,0,0,0,True
RT_AL_02_14490170,data/raw/steel/01.원천데이터/1. RTAL/RT_AL_02_14490170.jpg,data/raw/steel/02.라벨링데이터/1. RTAL/RT_AL_02_14490170.json,,,,0,0,0,True
RT_AL_02_14490182,data/raw/steel/01.원천데이터/1. RTAL/RT_AL_02_14490182.jpg,data/raw/steel/02.라벨링데이터/1. RTAL/RT_AL_02_14490182.json,,,,0,0,0,True
RT_AL_02_14490188,data/raw/steel/01.원천데이터/1. RTAL/RT_AL_02_14490188.jpg,data/raw/steel/02.라벨링데이터/1. RTAL/RT_AL_02_14490188.json,,,,0,0,0,True
RT_AL_02_14490193,data/raw/steel/01.원천데이터/1. RTAL/RT_AL_02_14490193.jpg,data/raw/steel/02.라벨링데이터/1. RTAL/RT_AL_02_14490193.json,,,,0,0,0,True
RT_AL_02_14490203,data/raw/steel/01.원천데이터/1. RTAL/RT_AL_02_14490203.jpg,data/raw/steel/02.라벨링데이터/1. RTAL/RT_AL_02_14490203.json,,,,0,0,0,True
RT_AL_02_14490210,data/raw/steel/01.원천데이터/1. RTAL/RT_AL_02_14490210.jpg,data/raw/steel/02.라벨링데이터/1. RTAL/RT_AL_02_14490210.json,,,,0,0,0,True
RT_AL_02_14490217,data/raw/steel/01.원천데이터/1. RTAL/RT_AL_02_14490217.jpg,data/raw/steel/02.라벨링데이터/1. RTAL/RT_AL_02_14490217.json,,,,0,0,0,True
RT_AL_02_14490230,data/raw/steel/01.원천데이터/1. RTAL/RT_AL_02_14490230.jpg,data/raw/steel/02.라벨링데이터/1. RTAL/RT_AL_02_14490230.json,,,,0,0,0,True
RT_AL_02_14490231,data/raw/steel/01.원천데이터/1. RTAL/RT_AL_02_14490231.jpg,data/raw/steel/02.라벨링데이터/1. RTAL/RT_AL_02_14490231.json,,,,0,0,0,True
RT_AL_02_14490235,data/raw/steel/01.원천데이터/1. RTAL/RT_AL_02_14490235.jpg,data/raw/steel/02.라벨링데이터/1. RTAL/RT_AL_02_14490235.json,,,,0,0,0,True
RT_AL_02_14490238,data/raw/steel/01.원천데이터/1. RTAL/RT_AL_02_14490238.jpg,data/raw/steel/02.라벨링데이터/1. RTAL/RT_AL_02_14490238.json,,,,0,0,0,True
RT_AL_02_14490269,data/raw/steel/01.원천데이터/1. RTAL/RT_AL_02_14490269.jpg,data/raw/steel/02.라벨링데이터/1. RTAL/RT_AL_02_14490269.json,,,,0,0,0,True
RT_AL_02_14490275,data/raw/steel/01.원천데이터/1. RTAL/RT_AL_02_14490275.jpg,data/raw/steel/02.라벨링데이터/1. RTAL/RT_AL_02_14490275.json,,,,0,0,0,True
RT_AL_02_14490276,data/raw/steel/01.원천데이터/1. RTAL/RT_AL_02_14490276.jpg,data/raw/steel/02.라벨링데이터/1. RTAL/RT_AL_02_14490276.json,,,,0,0,0,True
RT_AL_04_14489008,data/raw/steel/01.원천데이터/1. RTAL/RT_AL_04_14489008.jpg,data/raw/steel/02.라벨링데이터/1. RTAL/RT_AL_04_14489008.json,,,,0,0,0,True
RT_AL_04_14491344,data/raw/steel/01.원천데이터/1. RTAL/RT_AL_04_14491344.jpg,data/raw/steel/02.라벨링데이터/1. RTAL/RT_AL_04_14491344.json,,,,0,0,0,True
RT_AL_04_14491365,data/raw/steel/01.원천데이터/1. RTAL/RT_AL_04_14491365.jpg,data/raw/steel/02.라벨링데이터/1. RTAL/RT_AL_04_14491365.json,,,,0,0,0,True
RT_AL_04_14491380,data/raw/steel/01.원천데이터/1. RTAL/RT_AL_04_14491380.jpg,data/raw/steel/02.라벨링데이터/1. RTAL/RT_AL_04_14491380.json,,,,0,0,0,True
RT_AL_04_14491398,data/raw/steel/01.원천데이터/1. RTAL/RT_AL_04_14491398.jpg,data/raw/steel/02.라벨링데이터/1. RTAL/RT_AL_04_14491398.json,,,,0,0,0,True
RT_AL_04_14491400,data/raw/steel/01.원천데이터/1. RTAL/RT_AL_04_14491400.jpg,data/raw/steel/02.라벨링데이터/1. RTAL/RT_AL_04_14491400.json,,,,0,0,0,True
RT_AL_04_14491477,data/raw/steel/01.원천데이터/1. RTAL/RT_AL_04_14491477.jpg,data/raw/steel/02.라벨링데이터/1. RTAL/RT_AL_04_14491477.json,,,,0,0,0,True
RT_AL_04_14491478,data/raw/steel/01.원천데이터/1. RTAL/RT_AL_04_14491478.jpg,data/raw/steel/02.라벨링데이터/1. RTAL/RT_AL_04_14491478.json,,,,0,0,0,True
RT_AL_04_14491507,data/raw/steel/01.원천데이터/1. RTAL/RT_AL_04_14491507.jpg,data/raw/steel/02.라벨링데이터/1. RTAL/RT_AL_04_14491507.json,,,,0,0,0,True
RT_AL_04_14491541,data/raw/steel/01.원천데이터/1. RTAL/RT_AL_04_14491541.jpg,data/raw/steel/02.라벨링데이터/1. RTAL/RT_AL_04_14491541.json,,,,0,0,0,True
RT_AL_04_14491544,data/raw/steel/01.원천데이터/1. RTAL/RT_AL_04_14491544.jpg,data/raw/steel/02.라벨링데이터/1. RTAL/RT_AL_04_14491544.json,,,,0,0,0,True
RT_AL_04_14491596,data/raw/steel/01.원천데이터/1. RTAL/RT_AL_04_14491596.jpg,data/raw/steel/02.라벨링데이터/1. RTAL/RT_AL_04_14491596.json,,,,0,0,0,True
RT_AL_04_14491603,data/raw/steel/01.원천데이터/1. RTAL/RT_AL_04_14491603.jpg,data/raw/steel/02.라벨링데이터/1. RTAL/RT_AL_04_14491603.json,,,,0,0,0,True
RT_AL_04_14491618,data/raw/steel/01.원천데이터/1. RTAL/RT_AL_04_14491618.jpg,data/raw/steel/02.라벨링데이터/1. RTAL/RT_AL_04_14491618.json,,,,0,0,0,True
RT_AL_04_14491619,data/raw/steel/01.원천데이터/1. RTAL/RT_AL_04_14491619.jpg,data/raw/steel/02.라벨링데이터/1. RTAL/RT_AL_04_14491619.json,,,,0,0,0,True
RT_AL_04_14491626,data/raw/steel/01.원천데이터/1. RTAL/RT_AL_04_14491626.jpg,data/raw/steel/02.라벨링데이터/1. RTAL/RT_AL_04_14491626.json,,,,0,0,0,True
RT_AL_04_14491644,data/raw/steel/01.원천데이터/1. RTAL/RT_AL_04_14491644.jpg,data/raw/steel/02.라벨링데이터/1. RTAL/RT_AL_04_14491644.json,,,,0,0,0,True
RT_AL_04_14491645,data/raw/steel/01.원천데이터/1. RTAL/RT_AL_04_14491645.jpg,data/raw/steel/02.라벨링데이터/1. RTAL/RT_AL_04_14491645.json,,,,0,0,0,True
RT_AL_04_14491687,data/raw/steel/01.원천데이터/1. RTAL/RT_AL_04_14491687.jpg,data/raw/steel/02.라벨링데이터/1. RTAL/RT_AL_04_14491687.json,,,,0,0,0,True
RT_AL_04_14491726,data/raw/steel/01.원천데이터/1. RTAL/RT_AL_04_14491726.jpg,data/raw/steel/02.라벨링데이터/1. RTAL/RT_AL_04_14491726.json,,,,0,0,0,True
RT_AL_04_14491758,data/raw/steel/01.원천데이터/1. RTAL/RT_AL_04_14491758.jpg,data/raw/steel/02.라벨링데이터/1. RTAL/RT_AL_04_14491758.json,,,,0,0,0,True
RT_AL_04_14491809,data/raw/steel/01.원천데이터/1. RTAL/RT_AL_04_14491809.jpg,data/raw/steel/02.라벨링데이터/1. RTAL/RT_AL_04_14491809.json,,,,0,0,0,True
RT_AL_04_14491834,data/raw/steel/01.원천데이터/1. RTAL/RT_AL_04_14491834.jpg,data/raw/steel/02.라벨링데이터/1. RTAL/RT_AL_04_14491834.json,,,,0,0,0,True
RT_AL_04_14491854,data/raw/steel/01.원천데이터/1. RTAL/RT_AL_04_14491854.jpg,data/raw/steel/02.라벨링데이터/1. RTAL/RT_AL_04_14491854.json,,,,0,0,0,True
RT_AL_04_14491867,data/raw/steel/01.원천데이터/1. RTAL/RT_AL_04_14491867.jpg,data/raw/steel/02.라벨링데이터/1. RTAL/RT_AL_04_14491867.json,,,,0,0,0,True
RT_AL_04_14491903,data/raw/steel/01.원천데이터/1. RTAL/RT_AL_04_14491903.jpg,data/raw/steel/02.라벨링데이터/1. RTAL/RT_AL_04_14491903.json,,,,0,0,0,True
RT_AL_04_14491906,data/raw/steel/01.원천데이터/1. RTAL/RT_AL_04_14491906.jpg,data/raw/steel/02.라벨링데이터/1. RTAL/RT_AL_04_14491906.json,,,,0,0,0,True
RT_AL_04_14491907,data/raw/steel/01.원천데이터/1. RTAL/RT_AL_04_14491907.jpg,data/raw/steel/02.라벨링데이터/1. RTAL/RT_AL_04_14491907.json,,,,0,0,0,True
RT_AL_04_14491910,data/raw/steel/01.원천데이터/1. RTAL/RT_AL_04_14491910.jpg,data/raw/steel/02.라벨링데이터/1. RTAL/RT_AL_04_14491910.json,,,,0,0,0,True
RT_AL_04_14491913,data/raw/steel/01.원천데이터/1. RTAL/RT_AL_04_14491913.jpg,data/raw/steel/02.라벨링데이터/1. RTAL/RT_AL_04_14491913.json,,,,0,0,0,True
RT_AL_05_14488170,data/raw/steel/01.원천데이터/1. RTAL/RT_AL_05_14488170.jpg,data/raw/steel/02.라벨링데이터/1. RTAL/RT_AL_05_14488170.json,,,,0,0,0,True
RT_AL_05_14488639,data/raw/steel/01.원천데이터/1. RTAL/RT_AL_05_14488639.jpg,data/raw/steel/02.라벨링데이터/1. RTAL/RT_AL_05_14488639.json,,,,0,0,0,True
RT_AL_05_14488931,data/raw/steel/01.원천데이터/1. RTAL/RT_AL_05_14488931.jpg,data/raw/steel/02.라벨링데이터/1. RTAL/RT_AL_05_14488931.json,,,,0,0,0,True
RT_AL_05_14489809,data/raw/steel/01.원천데이터/1. RTAL/RT_AL_05_14489809.jpg,data/raw/steel/02.라벨링데이터/1. RTAL/RT_AL_05_14489809.json,,,,0,0,0,True
RT_AL_05_14489815,data/raw/steel/01.원천데이터/1. RTAL/RT_AL_05_14489815.jpg,data/raw/steel/02.라벨링데이터/1. RTAL/RT_AL_05_14489815.json,,,,0,0,0,True
RT_AL_05_14489913,data/raw/steel/01.원천데이터/1. RTAL/RT_AL_05_14489913.jpg,data/raw/steel/02.라벨링데이터/1. RTAL/RT_AL_05_14489913.json,,,,0,0,0,True
RT_AL_05_14490949,data/raw/steel/01.원천데이터/1. RTAL/RT_AL_05_14490949.jpg,data/raw/steel/02.라벨링데이터/1. RTAL/RT_AL_05_14490949.json,,,,0,0,0,True
RT_AL_05_14491963,data/raw/steel/01.원천데이터/1. RTAL/RT_AL_05_14491963.jpg,data/raw/steel/02.라벨링데이터/1. RTAL/RT_AL_05_14491963.json,,,,0,0,0,True
RT_AL_05_14491964,data/raw/steel/01.원천데이터/1. RTAL/RT_AL_05_14491964.jpg,data/raw/steel/02.라벨링데이터/1. RTAL/RT_AL_05_14491964.json,,,,0,0,0,True
RT_AL_05_14491965,data/raw/steel/01.원천데이터/1. RTAL/RT_AL_05_14491965.jpg,data/raw/steel/02.라벨링데이터/1. RTAL/RT_AL_05_14491965.json,,,,0,0,0,True
RT_AL_05_14491968,data/raw/steel/01.원천데이터/1. RTAL/RT_AL_05_14491968.jpg,data/raw/steel/02.라벨링데이터/1. RTAL/RT_AL_05_14491968.json,,,,0,0,0,True
RT_AL_05_14491979,data/raw/steel/01.원천데이터/1. RTAL/RT_AL_05_14491979.jpg,data/raw/steel/02.라벨링데이터/1. RTAL/RT_AL_05_14491979.json,,,,0,0,0,True
RT_AL_05_14491981,data/raw/steel/01.원천데이터/1. RTAL/RT_AL_05_14491981.jpg,data/raw/steel/02.라벨링데이터/1. RTAL/RT_AL_05_14491981.json,,,,0,0,0,True
RT_AL_05_14491986,data/raw/steel/01.원천데이터/1. RTAL/RT_AL_05_14491986.jpg,data/raw/steel/02.라벨링데이터/1. RTAL/RT_AL_05_14491986.json,,,,0,0,0,True
RT_AL_05_14491992,data/raw/steel/01.원천데이터/1. RTAL/RT_AL_05_14491992.jpg,data/raw/steel/02.라벨링데이터/1. RTAL/RT_AL_05_14491992.json,,,,0,0,0,True
RT_AL_05_14492002,data/raw/steel/01.원천데이터/1. RTAL/RT_AL_05_14492002.jpg,data/raw/steel/02.라벨링데이터/1. RTAL/RT_AL_05_14492002.json,,,,0,0,0,True
RT_AL_05_14492008,data/raw/steel/01.원천데이터/1. RTAL/RT_AL_05_14492008.jpg,data/raw/steel/02.라벨링데이터/1. RTAL/RT_AL_05_14492008.json,,,,0,0,0,True
RT_AL_05_14492028,data/raw/steel/01.원천데이터/1. RTAL/RT_AL_05_14492028.jpg,data/raw/steel/02.라벨링데이터/1. RTAL/RT_AL_05_14492028.json,,,,0,0,0,True
RT_AL_05_14492092,data/raw/steel/01.원천데이터/1. RTAL/RT_AL_05_14492092.jpg,data/raw/steel/02.라벨링데이터/1. RTAL/RT_AL_05_14492092.json,,,,0,0,0,True
RT_AL_05_14492104,data/raw/steel/01.원천데이터/1. RTAL/RT_AL_05_14492104.jpg,data/raw/steel/02.라벨링데이터/1. RTAL/RT_AL_05_14492104.json,,,,0,0,0,True
RT_AL_05_14492106,data/raw/steel/01.원천데이터/1. RTAL/RT_AL_05_14492106.jpg,data/raw/steel/02.라벨링데이터/1. RTAL/RT_AL_05_14492106.json,,,,0,0,0,True
RT_AL_05_14492118,data/raw/steel/01.원천데이터/1. RTAL/RT_AL_05_14492118.jpg,data/raw/steel/02.라벨링데이터/1. RTAL/RT_AL_05_14492118.json,,,,0,0,0,True
RT_AL_05_14492130,data/raw/steel/01.원천데이터/1. RTAL/RT_AL_05_14492130.jpg,data/raw/steel/02.라벨링데이터/1. RTAL/RT_AL_05_14492130.json,,,,0,0,0,True
RT_AL_05_14492133,data/raw/steel/01.원천데이터/1. RTAL/RT_AL_05_14492133.jpg,data/raw/steel/02.라벨링데이터/1. RTAL/RT_AL_05_14492133.json,,,,0,0,0,True
RT_AL_05_14492141,data/raw/steel/01.원천데이터/1. RTAL/RT_AL_05_14492141.jpg,data/raw/steel/02.라벨링데이터/1. RTAL/RT_AL_05_14492141.json,,,,0,0,0,True
RT_AL_05_14492160,data/raw/steel/01.원천데이터/1. RTAL/RT_AL_05_14492160.jpg,data/raw/steel/02.라벨링데이터/1. RTAL/RT_AL_05_14492160.json,,,,0,0,0,True
RT_AL_05_14492165,data/raw/steel/01.원천데이터/1. RTAL/RT_AL_05_14492165.jpg,data/raw/steel/02.라벨링데이터/1. RTAL/RT_AL_05_14492165.json,,,,0,0,0,True
RT_AL_05_14492170,data/raw/steel/01.원천데이터/1. RTAL/RT_AL_05_14492170.jpg,data/raw/steel/02.라벨링데이터/1. RTAL/RT_AL_05_14492170.json,,,,0,0,0,True
RT_AL_05_14492178,data/raw/steel/01.원천데이터/1. RTAL/RT_AL_05_14492178.jpg,data/raw/steel/02.라벨링데이터/1. RTAL/RT_AL_05_14492178.json,,,,0,0,0,True
RT_AL_05_14492184,data/raw/steel/01.원천데이터/1. RTAL/RT_AL_05_14492184.jpg,data/raw/steel/02.라벨링데이터/1. RTAL/RT_AL_05_14492184.json,,,,0,0,0,True
RT_AL_05_14492191,data/raw/steel/01.원천데이터/1. RTAL/RT_AL_05_14492191.jpg,data/raw/steel/02.라벨링데이터/1. RTAL/RT_AL_05_14492191.json,,,,0,0,0,True
RT_AL_05_14492199,data/raw/steel/01.원천데이터/1. RTAL/RT_AL_05_14492199.jpg,data/raw/steel/02.라벨링데이터/1. RTAL/RT_AL_05_14492199.json,,,,0,0,0,True
RT_AL_05_14492206,data/raw/steel/01.원천데이터/1. RTAL/RT_AL_05_14492206.jpg,data/raw/steel/02.라벨링데이터/1. RTAL/RT_AL_05_14492206.json,,,,0,0,0,True
RT_AL_05_14492209,data/raw/steel/01.원천데이터/1. RTAL/RT_AL_05_14492209.jpg,data/raw/steel/02.라벨링데이터/1. RTAL/RT_AL_05_14492209.json,,,,0,0,0,True
RT_AL_05_14492223,data/raw/steel/01.원천데이터/1. RTAL/RT_AL_05_14492223.jpg,data/raw/steel/02.라벨링데이터/1. RTAL/RT_AL_05_14492223.json,,,,0,0,0,True
RT_AL_05_14492250,data/raw/steel/01.원천데이터/1. RTAL/RT_AL_05_14492250.jpg,data/raw/steel/02.라벨링데이터/1. RTAL/RT_AL_05_14492250.json,,,,0,0,0,True
RT_AL_05_14492254,data/raw/steel/01.원천데이터/1. RTAL/RT_AL_05_14492254.jpg,data/raw/steel/02.라벨링데이터/1. RTAL/RT_AL_05_14492254.json,,,,0,0,0,True
RT_AL_05_14492255,data/raw/steel/01.원천데이터/1. RTAL/RT_AL_05_14492255.jpg,data/raw/steel/02.라벨링데이터/1. RTAL/RT_AL_05_14492255.json,,,,0,0,0,True
RT_AL_05_14492256,data/raw/steel/01.원천데이터/1. RTAL/RT_AL_05_14492256.jpg,data/raw/steel/02.라벨링데이터/1. RTAL/RT_AL_05_14492256.json,,,,0,0,0,True
RT_AL_05_14492260,data/raw/steel/01.원천데이터/1. RTAL/RT_AL_05_14492260.jpg,data/raw/steel/02.라벨링데이터/1. RTAL/RT_AL_05_14492260.json,,,,0,0,0,True
RT_AL_05_14492267,data/raw/steel/01.원천데이터/1. RTAL/RT_AL_05_14492267.jpg,data/raw/steel/02.라벨링데이터/1. RTAL/RT_AL_05_14492267.json,,,,0,0,0,True
RT_AL_05_14492277,data/raw/steel/01.원천데이터/1. RTAL/RT_AL_05_14492277.jpg,data/raw/steel/02.라벨링데이터/1. RTAL/RT_AL_05_14492277.json,,,,0,0,0,True
RT_AL_05_14492280,data/raw/steel/01.원천데이터/1. RTAL/RT_AL_05_14492280.jpg,data/raw/steel/02.라벨링데이터/1. RTAL/RT_AL_05_14492280.json,,,,0,0,0,True
RT_AL_05_14492285,data/raw/steel/01.원천데이터/1. RTAL/RT_AL_05_14492285.jpg,data/raw/steel/02.라벨링데이터/1. RTAL/RT_AL_05_14492285.json,,,,0,0,0,True
RT_AL_05_14492310,data/raw/steel/01.원천데이터/1. RTAL/RT_AL_05_14492310.jpg,data/raw/steel/02.라벨링데이터/1. RTAL/RT_AL_05_14492310.json,,,,0,0,0,True
RT_AL_05_14492353,data/raw/steel/01.원천데이터/1. RTAL/RT_AL_05_14492353.jpg,data/raw/steel/02.라벨링데이터/1. RTAL/RT_AL_05_14492353.json,,,,0,0,0,True
RT_AL_05_14492380,data/raw/steel/01.원천데이터/1. RTAL/RT_AL_05_14492380.jpg,data/raw/steel/02.라벨링데이터/1. RTAL/RT_AL_05_14492380.json,,,,0,0,0,True
RT_AL_05_14492383,data/raw/steel/01.원천데이터/1. RTAL/RT_AL_05_14492383.jpg,data/raw/steel/02.라벨링데이터/1. RTAL/RT_AL_05_14492383.json,,,,0,0,0,True
RT_AL_05_14492388,data/raw/steel/01.원천데이터/1. RTAL/RT_AL_05_14492388.jpg,data/raw/steel/02.라벨링데이터/1. RTAL/RT_AL_05_14492388.json,,,,0,0,0,True
RT_AL_05_14492389,data/raw/steel/01.원천데이터/1. RTAL/RT_AL_05_14492389.jpg,data/raw/steel/02.라벨링데이터/1. RTAL/RT_AL_05_14492389.json,,,,0,0,0,True
RT_AL_05_14492395,data/raw/steel/01.원천데이터/1. RTAL/RT_AL_05_14492395.jpg,data/raw/steel/02.라벨링데이터/1. RTAL/RT_AL_05_14492395.json,,,,0,0,0,True
RT_AL_05_14492419,data/raw/steel/01.원천데이터/1. RTAL/RT_AL_05_14492419.jpg,data/raw/steel/02.라벨링데이터/1. RTAL/RT_AL_05_14492419.json,,,,0,0,0,True
RT_AL_05_14492425,data/raw/steel/01.원천데이터/1. RTAL/RT_AL_05_14492425.jpg,data/raw/steel/02.라벨링데이터/1. RTAL/RT_AL_05_14492425.json,,,,0,0,0,True
RT_AL_05_14492428,data/raw/steel/01.원천데이터/1. RTAL/RT_AL_05_14492428.jpg,data/raw/steel/02.라벨링데이터/1. RTAL/RT_AL_05_14492428.json,,,,0,0,0,True
RT_AL_05_14492472,data/raw/steel/01.원천데이터/1. RTAL/RT_AL_05_14492472.jpg,data/raw/steel/02.라벨링데이터/1. RTAL/RT_AL_05_14492472.json,,,,0,0,0,True
RT_AL_05_14492493,data/raw/steel/01.원천데이터/1. RTAL/RT_AL_05_14492493.jpg,data/raw/steel/02.라벨링데이터/1. RTAL/RT_AL_05_14492493.json,,,,0,0,0,True
RT_AL_05_14492527,data/raw/steel/01.원천데이터/1. RTAL/RT_AL_05_14492527.jpg,data/raw/steel/02.라벨링데이터/1. RTAL/RT_AL_05_14492527.json,,,,0,0,0,True
RT_AL_05_14492547,data/raw/steel/01.원천데이터/1. RTAL/RT_AL_05_14492547.jpg,data/raw/steel/02.라벨링데이터/1. RTAL/RT_AL_05_14492547.json,,,,0,0,0,True
RT_AL_05_14492553,data/raw/steel/01.원천데이터/1. RTAL/RT_AL_05_14492553.jpg,data/raw/steel/02.라벨링데이터/1. RTAL/RT_AL_05_14492553.json,,,,0,0,0,True
RT_AL_05_14492576,data/raw/steel/01.원천데이터/1. RTAL/RT_AL_05_14492576.jpg,data/raw/steel/02.라벨링데이터/1. RTAL/RT_AL_05_14492576.json,,,,0,0,0,True
RT_AL_05_14492603,data/raw/steel/01.원천데이터/1. RTAL/RT_AL_05_14492603.jpg,data/raw/steel/02.라벨링데이터/1. RTAL/RT_AL_05_14492603.json,,,,0,0,0,True
RT_AL_05_14492608,data/raw/steel/01.원천데이터/1. RTAL/RT_AL_05_14492608.jpg,data/raw/steel/02.라벨링데이터/1. RTAL/RT_AL_05_14492608.json,,,,0,0,0,True
RT_AL_05_14492632,data/raw/steel/01.원천데이터/1. RTAL/RT_AL_05_14492632.jpg,data/raw/steel/02.라벨링데이터/1. RTAL/RT_AL_05_14492632.json,,,,0,0,0,True
RT_AL_05_14492647,data/raw/steel/01.원천데이터/1. RTAL/RT_AL_05_14492647.jpg,data/raw/steel/02.라벨링데이터/1. RTAL/RT_AL_05_14492647.json,,,,0,0,0,True
RT_AL_05_14492668,data/raw/steel/01.원천데이터/1. RTAL/RT_AL_05_14492668.jpg,data/raw/steel/02.라벨링데이터/1. RTAL/RT_AL_05_14492668.json,,,,0,0,0,True
RT_AL_05_14492681,data/raw/steel/01.원천데이터/1. RTAL/RT_AL_05_14492681.jpg,data/raw/steel/02.라벨링데이터/1. RTAL/RT_AL_05_14492681.json,,,,0,0,0,True
RT_AL_05_14492700,data/raw/steel/01.원천데이터/1. RTAL/RT_AL_05_14492700.jpg,data/raw/steel/02.라벨링데이터/1. RTAL/RT_AL_05_14492700.json,,,,0,0,0,True
RT_AL_05_14492706,data/raw/steel/01.원천데이터/1. RTAL/RT_AL_05_14492706.jpg,data/raw/steel/02.라벨링데이터/1. RTAL/RT_AL_05_14492706.json,,,,0,0,0,True
RT_AL_05_14492741,data/raw/steel/01.원천데이터/1. RTAL/RT_AL_05_14492741.jpg,data/raw/steel/02.라벨링데이터/1. RTAL/RT_AL_05_14492741.json,,,,0,0,0,True
RT_AL_05_14492745,data/raw/steel/01.원천데이터/1. RTAL/RT_AL_05_14492745.jpg,data/raw/steel/02.라벨링데이터/1. RTAL/RT_AL_05_14492745.json,,,,0,0,0,True
RT_AL_05_14492752,data/raw/steel/01.원천데이터/1. RTAL/RT_AL_05_14492752.jpg,data/raw/steel/02.라벨링데이터/1. RTAL/RT_AL_05_14492752.json,,,,0,0,0,True
RT_AL_05_14492773,data/raw/steel/01.원천데이터/1. RTAL/RT_AL_05_14492773.jpg,data/raw/steel/02.라벨링데이터/1. RTAL/RT_AL_05_14492773.json,,,,0,0,0,True
RT_AL_05_14492794,data/raw/steel/01.원천데이터/1. RTAL/RT_AL_05_14492794.jpg,data/raw/steel/02.라벨링데이터/1. RTAL/RT_AL_05_14492794.json,,,,0,0,0,True
RT_AL_05_14492806,data/raw/steel/01.원천데이터/1. RTAL/RT_AL_05_14492806.jpg,data/raw/steel/02.라벨링데이터/1. RTAL/RT_AL_05_14492806.json,,,,0,0,0,True
RT_AL_05_14492843,data/raw/steel/01.원천데이터/1. RTAL/RT_AL_05_14492843.jpg,data/raw/steel/02.라벨링데이터/1. RTAL/RT_AL_05_14492843.json,,,,0,0,0,True
RT_AL_05_14492845,data/raw/steel/01.원천데이터/1. RTAL/RT_AL_05_14492845.jpg,data/raw/steel/02.라벨링데이터/1. RTAL/RT_AL_05_14492845.json,,,,0,0,0,True
RT_AL_05_14492847,data/raw/steel/01.원천데이터/1. RTAL/RT_AL_05_14492847.jpg,data/raw/steel/02.라벨링데이터/1. RTAL/RT_AL_05_14492847.json,,,,0,0,0,True
RT_AL_05_14492884,data/raw/steel/01.원천데이터/1. RTAL/RT_AL_05_14492884.jpg,data/raw/steel/02.라벨링데이터/1. RTAL/RT_AL_05_14492884.json,,,,0,0,0,True
RT_AL_05_14492886,data/raw/steel/01.원천데이터/1. RTAL/RT_AL_05_14492886.jpg,data/raw/steel/02.라벨링데이터/1. RTAL/RT_AL_05_14492886.json,,,,0,0,0,True
RT_AL_05_14492906,data/raw/steel/01.원천데이터/1. RTAL/RT_AL_05_14492906.jpg,data/raw/steel/02.라벨링데이터/1. RTAL/RT_AL_05_14492906.json,,,,0,0,0,True
RT_AL_05_14492910,data/raw/steel/01.원천데이터/1. RTAL/RT_AL_05_14492910.jpg,data/raw/steel/02.라벨링데이터/1. RTAL/RT_AL_05_14492910.json,,,,0,0,0,True
RT_AL_05_14492914,data/raw/steel/01.원천데이터/1. RTAL/RT_AL_05_14492914.jpg,data/raw/steel/02.라벨링데이터/1. RTAL/RT_AL_05_14492914.json,,,,0,0,0,True
RT_AL_05_14492954,data/raw/steel/01.원천데이터/1. RTAL/RT_AL_05_14492954.jpg,data/raw/steel/02.라벨링데이터/1. RTAL/RT_AL_05_14492954.json,,,,0,0,0,True
RT_AL_05_14492977,data/raw/steel/01.원천데이터/1. RTAL/RT_AL_05_14492977.jpg,data/raw/steel/02.라벨링데이터/1. RTAL/RT_AL_05_14492977.json,,,,0,0,0,True
RT_AL_05_14493018,data/raw/steel/01.원천데이터/1. RTAL/RT_AL_05_14493018.jpg,data/raw/steel/02.라벨링데이터/1. RTAL/RT_AL_05_14493018.json,,,,0,0,0,True
RT_AL_05_14493029,data/raw/steel/01.원천데이터/1. RTAL/RT_AL_05_14493029.jpg,data/raw/steel/02.라벨링데이터/1. RTAL/RT_AL_05_14493029.json,,,,0,0,0,True
RT_AL_05_14493049,data/raw/steel/01.원천데이터/1. RTAL/RT_AL_05_14493049.jpg,data/raw/steel/02.라벨링데이터/1. RTAL/RT_AL_05_14493049.json,,,,0,0,0,True
RT_AL_05_14493055,data/raw/steel/01.원천데이터/1. RTAL/RT_AL_05_14493055.jpg,data/raw/steel/02.라벨링데이터/1. RTAL/RT_AL_05_14493055.json,,,,0,0,0,True
RT_AL_05_14493059,data/raw/steel/01.원천데이터/1. RTAL/RT_AL_05_14493059.jpg,data/raw/steel/02.라벨링데이터/1. RTAL/RT_AL_05_14493059.json,,,,0,0,0,True
RT_AL_05_14493063,data/raw/steel/01.원천데이터/1. RTAL/RT_AL_05_14493063.jpg,data/raw/steel/02.라벨링데이터/1. RTAL/RT_AL_05_14493063.json,,,,0,0,0,True
RT_AL_05_14493068,data/raw/steel/01.원천데이터/1. RTAL/RT_AL_05_14493068.jpg,data/raw/steel/02.라벨링데이터/1. RTAL/RT_AL_05_14493068.json,,,,0,0,0,True
RT_AL_05_14493074,data/raw/steel/01.원천데이터/1. RTAL/RT_AL_05_14493074.jpg,data/raw/steel/02.라벨링데이터/1. RTAL/RT_AL_05_14493074.json,,,,0,0,0,True
RT_AL_05_14493100,data/raw/steel/01.원천데이터/1. RTAL/RT_AL_05_14493100.jpg,data/raw/steel/02.라벨링데이터/1. RTAL/RT_AL_05_14493100.json,,,,0,0,0,True
RT_AL_05_14493112,data/raw/steel/01.원천데이터/1. RTAL/RT_AL_05_14493112.jpg,data/raw/steel/02.라벨링데이터/1. RTAL/RT_AL_05_14493112.json,,,,0,0,0,True
RT_AL_05_14493120,data/raw/steel/01.원천데이터/1. RTAL/RT_AL_05_14493120.jpg,data/raw/steel/02.라벨링데이터/1. RTAL/RT_AL_05_14493120.json,,,,0,0,0,True
RT_AL_05_14493125,data/raw/steel/01.원천데이터/1. RTAL/RT_AL_05_14493125.jpg,data/raw/steel/02.라벨링데이터/1. RTAL/RT_AL_05_14493125.json,,,,0,0,0,True
RT_AL_05_14493131,data/raw/steel/01.원천데이터/1. RTAL/RT_AL_05_14493131.jpg,data/raw/steel/02.라벨링데이터/1. RTAL/RT_AL_05_14493131.json,,,,0,0,0,True
RT_AL_05_14493170,data/raw/steel/01.원천데이터/1. RTAL/RT_AL_05_14493170.jpg,data/raw/steel/02.라벨링데이터/1. RTAL/RT_AL_05_14493170.json,,,,0,0,0,True
RT_AL_05_14493196,data/raw/steel/01.원천데이터/1. RTAL/RT_AL_05_14493196.jpg,data/raw/steel/02.라벨링데이터/1. RTAL/RT_AL_05_14493196.json,,,,0,0,0,True
RT_AL_05_14493204,data/raw/steel/01.원천데이터/1. RTAL/RT_AL_05_14493204.jpg,data/raw/steel/02.라벨링데이터/1. RTAL/RT_AL_05_14493204.json,,,,0,0,0,True
RT_AL_05_14493218,data/raw/steel/01.원천데이터/1. RTAL/RT_AL_05_14493218.jpg,data/raw/steel/02.라벨링데이터/1. RTAL/RT_AL_05_14493218.json,,,,0,0,0,True
RT_AL_05_14493241,data/raw/steel/01.원천데이터/1. RTAL/RT_AL_05_14493241.jpg,data/raw/steel/02.라벨링데이터/1. RTAL/RT_AL_05_14493241.json,,,,0,0,0,True
RT_AL_05_14493244,data/raw/steel/01.원천데이터/1. RTAL/RT_AL_05_14493244.jpg,data/raw/steel/02.라벨링데이터/1. RTAL/RT_AL_05_14493244.json,,,,0,0,0,True
RT_AL_05_14493264,data/raw/steel/01.원천데이터/1. RTAL/RT_AL_05_14493264.jpg,data/raw/steel/02.라벨링데이터/1. RTAL/RT_AL_05_14493264.json,,,,0,0,0,True
RT_AL_05_14493280,data/raw/steel/01.원천데이터/1. RTAL/RT_AL_05_14493280.jpg,data/raw/steel/02.라벨링데이터/1. RTAL/RT_AL_05_14493280.json,,,,0,0,0,True
RT_AL_05_14493285,data/raw/steel/01.원천데이터/1. RTAL/RT_AL_05_14493285.jpg,data/raw/steel/02.라벨링데이터/1. RTAL/RT_AL_05_14493285.json,,,possible_self_intersection,0,0,1,True
RT_AL_05_14493287,data/raw/steel/01.원천데이터/1. RTAL/RT_AL_05_14493287.jpg,data/raw/steel/02.라벨링데이터/1. RTAL/RT_AL_05_14493287.json,,,,0,0,0,True
RT_AL_05_14493291,data/raw/steel/01.원천데이터/1. RTAL/RT_AL_05_14493291.jpg,data/raw/steel/02.라벨링데이터/1. RTAL/RT_AL_05_14493291.json,,,,0,0,0,True
RT_AL_05_14493312,data/raw/steel/01.원천데이터/1. RTAL/RT_AL_05_14493312.jpg,data/raw/steel/02.라벨링데이터/1. RTAL/RT_AL_05_14493312.json,,,,0,0,0,True
RT_AL_05_14493316,data/raw/steel/01.원천데이터/1. RTAL/RT_AL_05_14493316.jpg,data/raw/steel/02.라벨링데이터/1. RTAL/RT_AL_05_14493316.json,,,,0,0,0,True
RT_AL_05_14493327,data/raw/steel/01.원천데이터/1. RTAL/RT_AL_05_14493327.jpg,data/raw/steel/02.라벨링데이터/1. RTAL/RT_AL_05_14493327.json,,,,0,0,0,True
RT_AL_05_14493341,data/raw/steel/01.원천데이터/1. RTAL/RT_AL_05_14493341.jpg,data/raw/steel/02.라벨링데이터/1. RTAL/RT_AL_05_14493341.json,,,,0,0,0,True
RT_AL_05_14493343,data/raw/steel/01.원천데이터/1. RTAL/RT_AL_05_14493343.jpg,data/raw/steel/02.라벨링데이터/1. RTAL/RT_AL_05_14493343.json,,,,0,0,0,True
RT_AL_05_14493351,data/raw/steel/01.원천데이터/1. RTAL/RT_AL_05_14493351.jpg,data/raw/steel/02.라벨링데이터/1. RTAL/RT_AL_05_14493351.json,,,,0,0,0,True
RT_AL_05_14493373,data/raw/steel/01.원천데이터/1. RTAL/RT_AL_05_14493373.jpg,data/raw/steel/02.라벨링데이터/1. RTAL/RT_AL_05_14493373.json,,,,0,0,0,True
RT_AL_05_14493376,data/raw/steel/01.원천데이터/1. RTAL/RT_AL_05_14493376.jpg,data/raw/steel/02.라벨링데이터/1. RTAL/RT_AL_05_14493376.json,,,,0,0,0,True
RT_AL_05_14493380,data/raw/steel/01.원천데이터/1. RTAL/RT_AL_05_14493380.jpg,data/raw/steel/02.라벨링데이터/1. RTAL/RT_AL_05_14493380.json,,,,0,0,0,True
RT_AL_05_14493381,data/raw/steel/01.원천데이터/1. RTAL/RT_AL_05_14493381.jpg,data/raw/steel/02.라벨링데이터/1. RTAL/RT_AL_05_14493381.json,,,,0,0,0,True
RT_AL_05_14493390,data/raw/steel/01.원천데이터/1. RTAL/RT_AL_05_14493390.jpg,data/raw/steel/02.라벨링데이터/1. RTAL/RT_AL_05_14493390.json,,,,0,0,0,True
RT_ST_01_14517438,data/raw/steel/01.원천데이터/2. RTST/RT_ST_01_14517438.jpg,data/raw/steel/02.라벨링데이터/2. RTST/RT_ST_01_14517438.json,,,,0,0,0,True
RT_ST_01_14517439,data/raw/steel/01.원천데이터/2. RTST/RT_ST_01_14517439.jpg,data/raw/steel/02.라벨링데이터/2. RTST/RT_ST_01_14517439.json,,,,0,0,0,True
RT_ST_01_14517456,data/raw/steel/01.원천데이터/2. RTST/RT_ST_01_14517456.jpg,data/raw/steel/02.라벨링데이터/2. RTST/RT_ST_01_14517456.json,,,,0,0,0,True
RT_ST_01_14517460,data/raw/steel/01.원천데이터/2. RTST/RT_ST_01_14517460.jpg,data/raw/steel/02.라벨링데이터/2. RTST/RT_ST_01_14517460.json,,,,0,0,0,True
RT_ST_01_14517472,data/raw/steel/01.원천데이터/2. RTST/RT_ST_01_14517472.jpg,data/raw/steel/02.라벨링데이터/2. RTST/RT_ST_01_14517472.json,,,,0,0,0,True
RT_ST_01_14517494,data/raw/steel/01.원천데이터/2. RTST/RT_ST_01_14517494.jpg,data/raw/steel/02.라벨링데이터/2. RTST/RT_ST_01_14517494.json,,,,0,0,0,True
RT_ST_01_14517503,data/raw/steel/01.원천데이터/2. RTST/RT_ST_01_14517503.jpg,data/raw/steel/02.라벨링데이터/2. RTST/RT_ST_01_14517503.json,,,,0,0,0,True
RT_ST_01_14517513,data/raw/steel/01.원천데이터/2. RTST/RT_ST_01_14517513.jpg,data/raw/steel/02.라벨링데이터/2. RTST/RT_ST_01_14517513.json,,,,0,0,0,True
RT_ST_01_14517530,data/raw/steel/01.원천데이터/2. RTST/RT_ST_01_14517530.jpg,data/raw/steel/02.라벨링데이터/2. RTST/RT_ST_01_14517530.json,,,,0,0,0,True
RT_ST_01_14517544,data/raw/steel/01.원천데이터/2. RTST/RT_ST_01_14517544.jpg,data/raw/steel/02.라벨링데이터/2. RTST/RT_ST_01_14517544.json,,,,0,0,0,True
RT_ST_01_14517545,data/raw/steel/01.원천데이터/2. RTST/RT_ST_01_14517545.jpg,data/raw/steel/02.라벨링데이터/2. RTST/RT_ST_01_14517545.json,,,,0,0,0,True
RT_ST_01_14517556,data/raw/steel/01.원천데이터/2. RTST/RT_ST_01_14517556.jpg,data/raw/steel/02.라벨링데이터/2. RTST/RT_ST_01_14517556.json,,,,0,0,0,True
RT_ST_01_14517571,data/raw/steel/01.원천데이터/2. RTST/RT_ST_01_14517571.jpg,data/raw/steel/02.라벨링데이터/2. RTST/RT_ST_01_14517571.json,,,,0,0,0,True
RT_ST_01_14517583,data/raw/steel/01.원천데이터/2. RTST/RT_ST_01_14517583.jpg,data/raw/steel/02.라벨링데이터/2. RTST/RT_ST_01_14517583.json,,,,0,0,0,True
RT_ST_01_14517585,data/raw/steel/01.원천데이터/2. RTST/RT_ST_01_14517585.jpg,data/raw/steel/02.라벨링데이터/2. RTST/RT_ST_01_14517585.json,,,,0,0,0,True
RT_ST_01_14517591,data/raw/steel/01.원천데이터/2. RTST/RT_ST_01_14517591.jpg,data/raw/steel/02.라벨링데이터/2. RTST/RT_ST_01_14517591.json,,,,0,0,0,True
RT_ST_01_14517592,data/raw/steel/01.원천데이터/2. RTST/RT_ST_01_14517592.jpg,data/raw/steel/02.라벨링데이터/2. RTST/RT_ST_01_14517592.json,,,,0,0,0,True
RT_ST_01_14517597,data/raw/steel/01.원천데이터/2. RTST/RT_ST_01_14517597.jpg,data/raw/steel/02.라벨링데이터/2. RTST/RT_ST_01_14517597.json,,,,0,0,0,True
RT_ST_01_14517600,data/raw/steel/01.원천데이터/2. RTST/RT_ST_01_14517600.jpg,data/raw/steel/02.라벨링데이터/2. RTST/RT_ST_01_14517600.json,,,,0,0,0,True
RT_ST_01_14517604,data/raw/steel/01.원천데이터/2. RTST/RT_ST_01_14517604.jpg,data/raw/steel/02.라벨링데이터/2. RTST/RT_ST_01_14517604.json,,,,0,0,0,True
RT_ST_01_14517619,data/raw/steel/01.원천데이터/2. RTST/RT_ST_01_14517619.jpg,data/raw/steel/02.라벨링데이터/2. RTST/RT_ST_01_14517619.json,,,,0,0,0,True
RT_ST_01_14517625,data/raw/steel/01.원천데이터/2. RTST/RT_ST_01_14517625.jpg,data/raw/steel/02.라벨링데이터/2. RTST/RT_ST_01_14517625.json,,,,0,0,0,True
RT_ST_01_14517636,data/raw/steel/01.원천데이터/2. RTST/RT_ST_01_14517636.jpg,data/raw/steel/02.라벨링데이터/2. RTST/RT_ST_01_14517636.json,,,,0,0,0,True
RT_ST_01_14517651,data/raw/steel/01.원천데이터/2. RTST/RT_ST_01_14517651.jpg,data/raw/steel/02.라벨링데이터/2. RTST/RT_ST_01_14517651.json,,,,0,0,0,True
RT_ST_01_14517654,data/raw/steel/01.원천데이터/2. RTST/RT_ST_01_14517654.jpg,data/raw/steel/02.라벨링데이터/2. RTST/RT_ST_01_14517654.json,,,,0,0,0,True
RT_ST_01_14517661,data/raw/steel/01.원천데이터/2. RTST/RT_ST_01_14517661.jpg,data/raw/steel/02.라벨링데이터/2. RTST/RT_ST_01_14517661.json,,,,0,0,0,True
RT_ST_01_14517678,data/raw/steel/01.원천데이터/2. RTST/RT_ST_01_14517678.jpg,data/raw/steel/02.라벨링데이터/2. RTST/RT_ST_01_14517678.json,,,,0,0,0,True
RT_ST_01_14517709,data/raw/steel/01.원천데이터/2. RTST/RT_ST_01_14517709.jpg,data/raw/steel/02.라벨링데이터/2. RTST/RT_ST_01_14517709.json,,,,0,0,0,True
RT_ST_01_14517714,data/raw/steel/01.원천데이터/2. RTST/RT_ST_01_14517714.jpg,data/raw/steel/02.라벨링데이터/2. RTST/RT_ST_01_14517714.json,,,,0,0,0,True
RT_ST_01_14517740,data/raw/steel/01.원천데이터/2. RTST/RT_ST_01_14517740.jpg,data/raw/steel/02.라벨링데이터/2. RTST/RT_ST_01_14517740.json,,,,0,0,0,True
RT_ST_01_14517756,data/raw/steel/01.원천데이터/2. RTST/RT_ST_01_14517756.jpg,data/raw/steel/02.라벨링데이터/2. RTST/RT_ST_01_14517756.json,,,,0,0,0,True
RT_ST_01_14517764,data/raw/steel/01.원천데이터/2. RTST/RT_ST_01_14517764.jpg,data/raw/steel/02.라벨링데이터/2. RTST/RT_ST_01_14517764.json,,,,0,0,0,True
RT_ST_01_14517778,data/raw/steel/01.원천데이터/2. RTST/RT_ST_01_14517778.jpg,data/raw/steel/02.라벨링데이터/2. RTST/RT_ST_01_14517778.json,,,,0,0,0,True
RT_ST_01_14517805,data/raw/steel/01.원천데이터/2. RTST/RT_ST_01_14517805.jpg,data/raw/steel/02.라벨링데이터/2. RTST/RT_ST_01_14517805.json,,,,0,0,0,True
RT_ST_01_14517835,data/raw/steel/01.원천데이터/2. RTST/RT_ST_01_14517835.jpg,data/raw/steel/02.라벨링데이터/2. RTST/RT_ST_01_14517835.json,,,,0,0,0,True
RT_ST_01_14517861,data/raw/steel/01.원천데이터/2. RTST/RT_ST_01_14517861.jpg,data/raw/steel/02.라벨링데이터/2. RTST/RT_ST_01_14517861.json,,,,0,0,0,True
RT_ST_01_14517871,data/raw/steel/01.원천데이터/2. RTST/RT_ST_01_14517871.jpg,data/raw/steel/02.라벨링데이터/2. RTST/RT_ST_01_14517871.json,,,,0,0,0,True
RT_ST_01_14517899,data/raw/steel/01.원천데이터/2. RTST/RT_ST_01_14517899.jpg,data/raw/steel/02.라벨링데이터/2. RTST/RT_ST_01_14517899.json,,,,0,0,0,True
RT_ST_01_14517917,data/raw/steel/01.원천데이터/2. RTST/RT_ST_01_14517917.jpg,data/raw/steel/02.라벨링데이터/2. RTST/RT_ST_01_14517917.json,,,,0,0,0,True
RT_ST_01_14517920,data/raw/steel/01.원천데이터/2. RTST/RT_ST_01_14517920.jpg,data/raw/steel/02.라벨링데이터/2. RTST/RT_ST_01_14517920.json,,,,0,0,0,True
RT_ST_01_14517937,data/raw/steel/01.원천데이터/2. RTST/RT_ST_01_14517937.jpg,data/raw/steel/02.라벨링데이터/2. RTST/RT_ST_01_14517937.json,,,,0,0,0,True
RT_ST_01_14517940,data/raw/steel/01.원천데이터/2. RTST/RT_ST_01_14517940.jpg,data/raw/steel/02.라벨링데이터/2. RTST/RT_ST_01_14517940.json,,,,0,0,0,True
RT_ST_01_14517964,data/raw/steel/01.원천데이터/2. RTST/RT_ST_01_14517964.jpg,data/raw/steel/02.라벨링데이터/2. RTST/RT_ST_01_14517964.json,,,,0,0,0,True
RT_ST_01_14517980,data/raw/steel/01.원천데이터/2. RTST/RT_ST_01_14517980.jpg,data/raw/steel/02.라벨링데이터/2. RTST/RT_ST_01_14517980.json,,,,0,0,0,True
RT_ST_01_14517986,data/raw/steel/01.원천데이터/2. RTST/RT_ST_01_14517986.jpg,data/raw/steel/02.라벨링데이터/2. RTST/RT_ST_01_14517986.json,,,,0,0,0,True
RT_ST_01_14517988,data/raw/steel/01.원천데이터/2. RTST/RT_ST_01_14517988.jpg,data/raw/steel/02.라벨링데이터/2. RTST/RT_ST_01_14517988.json,,,,0,0,0,True
RT_ST_01_14518006,data/raw/steel/01.원천데이터/2. RTST/RT_ST_01_14518006.jpg,data/raw/steel/02.라벨링데이터/2. RTST/RT_ST_01_14518006.json,,,,0,0,0,True
RT_ST_01_14518017,data/raw/steel/01.원천데이터/2. RTST/RT_ST_01_14518017.jpg,data/raw/steel/02.라벨링데이터/2. RTST/RT_ST_01_14518017.json,,,,0,0,0,True
RT_ST_01_14518036,data/raw/steel/01.원천데이터/2. RTST/RT_ST_01_14518036.jpg,data/raw/steel/02.라벨링데이터/2. RTST/RT_ST_01_14518036.json,,,,0,0,0,True
RT_ST_01_14518041,data/raw/steel/01.원천데이터/2. RTST/RT_ST_01_14518041.jpg,data/raw/steel/02.라벨링데이터/2. RTST/RT_ST_01_14518041.json,,,,0,0,0,True
RT_ST_01_14518046,data/raw/steel/01.원천데이터/2. RTST/RT_ST_01_14518046.jpg,data/raw/steel/02.라벨링데이터/2. RTST/RT_ST_01_14518046.json,,,,0,0,0,True
RT_ST_01_14518070,data/raw/steel/01.원천데이터/2. RTST/RT_ST_01_14518070.jpg,data/raw/steel/02.라벨링데이터/2. RTST/RT_ST_01_14518070.json,,,,0,0,0,True
RT_ST_01_14518076,data/raw/steel/01.원천데이터/2. RTST/RT_ST_01_14518076.jpg,data/raw/steel/02.라벨링데이터/2. RTST/RT_ST_01_14518076.json,,,,0,0,0,True
RT_ST_01_14518083,data/raw/steel/01.원천데이터/2. RTST/RT_ST_01_14518083.jpg,data/raw/steel/02.라벨링데이터/2. RTST/RT_ST_01_14518083.json,,,,0,0,0,True
RT_ST_01_14518092,data/raw/steel/01.원천데이터/2. RTST/RT_ST_01_14518092.jpg,data/raw/steel/02.라벨링데이터/2. RTST/RT_ST_01_14518092.json,,,,0,0,0,True
RT_ST_01_14518099,data/raw/steel/01.원천데이터/2. RTST/RT_ST_01_14518099.jpg,data/raw/steel/02.라벨링데이터/2. RTST/RT_ST_01_14518099.json,,,,0,0,0,True
RT_ST_01_14518102,data/raw/steel/01.원천데이터/2. RTST/RT_ST_01_14518102.jpg,data/raw/steel/02.라벨링데이터/2. RTST/RT_ST_01_14518102.json,,,,0,0,0,True
RT_ST_01_14518107,data/raw/steel/01.원천데이터/2. RTST/RT_ST_01_14518107.jpg,data/raw/steel/02.라벨링데이터/2. RTST/RT_ST_01_14518107.json,,,,0,0,0,True
RT_ST_01_14518116,data/raw/steel/01.원천데이터/2. RTST/RT_ST_01_14518116.jpg,data/raw/steel/02.라벨링데이터/2. RTST/RT_ST_01_14518116.json,,,,0,0,0,True
RT_ST_01_14518120,data/raw/steel/01.원천데이터/2. RTST/RT_ST_01_14518120.jpg,data/raw/steel/02.라벨링데이터/2. RTST/RT_ST_01_14518120.json,,,,0,0,0,True
RT_ST_01_14518136,data/raw/steel/01.원천데이터/2. RTST/RT_ST_01_14518136.jpg,data/raw/steel/02.라벨링데이터/2. RTST/RT_ST_01_14518136.json,,,,0,0,0,True
RT_ST_01_14518142,data/raw/steel/01.원천데이터/2. RTST/RT_ST_01_14518142.jpg,data/raw/steel/02.라벨링데이터/2. RTST/RT_ST_01_14518142.json,,,,0,0,0,True
RT_ST_01_14518144,data/raw/steel/01.원천데이터/2. RTST/RT_ST_01_14518144.jpg,data/raw/steel/02.라벨링데이터/2. RTST/RT_ST_01_14518144.json,,,,0,0,0,True
RT_ST_01_14518194,data/raw/steel/01.원천데이터/2. RTST/RT_ST_01_14518194.jpg,data/raw/steel/02.라벨링데이터/2. RTST/RT_ST_01_14518194.json,,,,0,0,0,True
RT_ST_01_14518195,data/raw/steel/01.원천데이터/2. RTST/RT_ST_01_14518195.jpg,data/raw/steel/02.라벨링데이터/2. RTST/RT_ST_01_14518195.json,,,,0,0,0,True
RT_ST_01_14518251,data/raw/steel/01.원천데이터/2. RTST/RT_ST_01_14518251.jpg,data/raw/steel/02.라벨링데이터/2. RTST/RT_ST_01_14518251.json,,,,0,0,0,True
RT_ST_01_14518260,data/raw/steel/01.원천데이터/2. RTST/RT_ST_01_14518260.jpg,data/raw/steel/02.라벨링데이터/2. RTST/RT_ST_01_14518260.json,,,,0,0,0,True
RT_ST_01_14518274,data/raw/steel/01.원천데이터/2. RTST/RT_ST_01_14518274.jpg,data/raw/steel/02.라벨링데이터/2. RTST/RT_ST_01_14518274.json,,,,0,0,0,True
RT_ST_01_14518279,data/raw/steel/01.원천데이터/2. RTST/RT_ST_01_14518279.jpg,data/raw/steel/02.라벨링데이터/2. RTST/RT_ST_01_14518279.json,,,,0,0,0,True
RT_ST_01_14518301,data/raw/steel/01.원천데이터/2. RTST/RT_ST_01_14518301.jpg,data/raw/steel/02.라벨링데이터/2. RTST/RT_ST_01_14518301.json,,,,0,0,0,True
RT_ST_01_14518302,data/raw/steel/01.원천데이터/2. RTST/RT_ST_01_14518302.jpg,data/raw/steel/02.라벨링데이터/2. RTST/RT_ST_01_14518302.json,,,,0,0,0,True
RT_ST_01_14518305,data/raw/steel/01.원천데이터/2. RTST/RT_ST_01_14518305.jpg,data/raw/steel/02.라벨링데이터/2. RTST/RT_ST_01_14518305.json,,,,0,0,0,True
RT_ST_01_14518306,data/raw/steel/01.원천데이터/2. RTST/RT_ST_01_14518306.jpg,data/raw/steel/02.라벨링데이터/2. RTST/RT_ST_01_14518306.json,,,,0,0,0,True
RT_ST_01_14518335,data/raw/steel/01.원천데이터/2. RTST/RT_ST_01_14518335.jpg,data/raw/steel/02.라벨링데이터/2. RTST/RT_ST_01_14518335.json,,,,0,0,0,True
RT_ST_01_14518381,data/raw/steel/01.원천데이터/2. RTST/RT_ST_01_14518381.jpg,data/raw/steel/02.라벨링데이터/2. RTST/RT_ST_01_14518381.json,,,,0,0,0,True
RT_ST_01_14518396,data/raw/steel/01.원천데이터/2. RTST/RT_ST_01_14518396.jpg,data/raw/steel/02.라벨링데이터/2. RTST/RT_ST_01_14518396.json,,,,0,0,0,True
RT_ST_01_14518410,data/raw/steel/01.원천데이터/2. RTST/RT_ST_01_14518410.jpg,data/raw/steel/02.라벨링데이터/2. RTST/RT_ST_01_14518410.json,,,,0,0,0,True
RT_ST_01_14518420,data/raw/steel/01.원천데이터/2. RTST/RT_ST_01_14518420.jpg,data/raw/steel/02.라벨링데이터/2. RTST/RT_ST_01_14518420.json,,,,0,0,0,True
RT_ST_01_14518423,data/raw/steel/01.원천데이터/2. RTST/RT_ST_01_14518423.jpg,data/raw/steel/02.라벨링데이터/2. RTST/RT_ST_01_14518423.json,,,,0,0,0,True
RT_ST_01_14518429,data/raw/steel/01.원천데이터/2. RTST/RT_ST_01_14518429.jpg,data/raw/steel/02.라벨링데이터/2. RTST/RT_ST_01_14518429.json,,,,0,0,0,True
RT_ST_01_14518460,data/raw/steel/01.원천데이터/2. RTST/RT_ST_01_14518460.jpg,data/raw/steel/02.라벨링데이터/2. RTST/RT_ST_01_14518460.json,,,,0,0,0,True
RT_ST_01_14518465,data/raw/steel/01.원천데이터/2. RTST/RT_ST_01_14518465.jpg,data/raw/steel/02.라벨링데이터/2. RTST/RT_ST_01_14518465.json,,,,0,0,0,True
RT_ST_01_14518474,data/raw/steel/01.원천데이터/2. RTST/RT_ST_01_14518474.jpg,data/raw/steel/02.라벨링데이터/2. RTST/RT_ST_01_14518474.json,,,,0,0,0,True
RT_ST_01_14518480,data/raw/steel/01.원천데이터/2. RTST/RT_ST_01_14518480.jpg,data/raw/steel/02.라벨링데이터/2. RTST/RT_ST_01_14518480.json,,,,0,0,0,True
RT_ST_01_14518529,data/raw/steel/01.원천데이터/2. RTST/RT_ST_01_14518529.jpg,data/raw/steel/02.라벨링데이터/2. RTST/RT_ST_01_14518529.json,,,,0,0,0,True
RT_ST_01_14518530,data/raw/steel/01.원천데이터/2. RTST/RT_ST_01_14518530.jpg,data/raw/steel/02.라벨링데이터/2. RTST/RT_ST_01_14518530.json,,,,0,0,0,True
RT_ST_01_14518532,data/raw/steel/01.원천데이터/2. RTST/RT_ST_01_14518532.jpg,data/raw/steel/02.라벨링데이터/2. RTST/RT_ST_01_14518532.json,,,,0,0,0,True
RT_ST_01_14518537,data/raw/steel/01.원천데이터/2. RTST/RT_ST_01_14518537.jpg,data/raw/steel/02.라벨링데이터/2. RTST/RT_ST_01_14518537.json,,,,0,0,0,True
RT_ST_01_14518547,data/raw/steel/01.원천데이터/2. RTST/RT_ST_01_14518547.jpg,data/raw/steel/02.라벨링데이터/2. RTST/RT_ST_01_14518547.json,,,,0,0,0,True
RT_ST_01_14518555,data/raw/steel/01.원천데이터/2. RTST/RT_ST_01_14518555.jpg,data/raw/steel/02.라벨링데이터/2. RTST/RT_ST_01_14518555.json,,,,0,0,0,True
RT_ST_01_14518570,data/raw/steel/01.원천데이터/2. RTST/RT_ST_01_14518570.jpg,data/raw/steel/02.라벨링데이터/2. RTST/RT_ST_01_14518570.json,,,,0,0,0,True
RT_ST_01_14518583,data/raw/steel/01.원천데이터/2. RTST/RT_ST_01_14518583.jpg,data/raw/steel/02.라벨링데이터/2. RTST/RT_ST_01_14518583.json,,,,0,0,0,True
RT_ST_01_14518613,data/raw/steel/01.원천데이터/2. RTST/RT_ST_01_14518613.jpg,data/raw/steel/02.라벨링데이터/2. RTST/RT_ST_01_14518613.json,,,,0,0,0,True
RT_ST_01_14518637,data/raw/steel/01.원천데이터/2. RTST/RT_ST_01_14518637.jpg,data/raw/steel/02.라벨링데이터/2. RTST/RT_ST_01_14518637.json,,,,0,0,0,True
RT_ST_01_14518639,data/raw/steel/01.원천데이터/2. RTST/RT_ST_01_14518639.jpg,data/raw/steel/02.라벨링데이터/2. RTST/RT_ST_01_14518639.json,,,,0,0,0,True
RT_ST_01_14518646,data/raw/steel/01.원천데이터/2. RTST/RT_ST_01_14518646.jpg,data/raw/steel/02.라벨링데이터/2. RTST/RT_ST_01_14518646.json,,,,0,0,0,True
RT_ST_01_14518650,data/raw/steel/01.원천데이터/2. RTST/RT_ST_01_14518650.jpg,data/raw/steel/02.라벨링데이터/2. RTST/RT_ST_01_14518650.json,,,,0,0,0,True
RT_ST_01_14518661,data/raw/steel/01.원천데이터/2. RTST/RT_ST_01_14518661.jpg,data/raw/steel/02.라벨링데이터/2. RTST/RT_ST_01_14518661.json,,,,0,0,0,True
RT_ST_01_14518666,data/raw/steel/01.원천데이터/2. RTST/RT_ST_01_14518666.jpg,data/raw/steel/02.라벨링데이터/2. RTST/RT_ST_01_14518666.json,,,,0,0,0,True
RT_ST_01_14518680,data/raw/steel/01.원천데이터/2. RTST/RT_ST_01_14518680.jpg,data/raw/steel/02.라벨링데이터/2. RTST/RT_ST_01_14518680.json,,,,0,0,0,True
RT_ST_01_14518683,data/raw/steel/01.원천데이터/2. RTST/RT_ST_01_14518683.jpg,data/raw/steel/02.라벨링데이터/2. RTST/RT_ST_01_14518683.json,,,,0,0,0,True
RT_ST_01_14518692,data/raw/steel/01.원천데이터/2. RTST/RT_ST_01_14518692.jpg,data/raw/steel/02.라벨링데이터/2. RTST/RT_ST_01_14518692.json,,,,0,0,0,True
RT_ST_01_14518722,data/raw/steel/01.원천데이터/2. RTST/RT_ST_01_14518722.jpg,data/raw/steel/02.라벨링데이터/2. RTST/RT_ST_01_14518722.json,,,,0,0,0,True
RT_ST_01_14518728,data/raw/steel/01.원천데이터/2. RTST/RT_ST_01_14518728.jpg,data/raw/steel/02.라벨링데이터/2. RTST/RT_ST_01_14518728.json,,,,0,0,0,True
RT_ST_01_14518735,data/raw/steel/01.원천데이터/2. RTST/RT_ST_01_14518735.jpg,data/raw/steel/02.라벨링데이터/2. RTST/RT_ST_01_14518735.json,,,,0,0,0,True
RT_ST_01_14518740,data/raw/steel/01.원천데이터/2. RTST/RT_ST_01_14518740.jpg,data/raw/steel/02.라벨링데이터/2. RTST/RT_ST_01_14518740.json,,,,0,0,0,True
RT_ST_01_14518753,data/raw/steel/01.원천데이터/2. RTST/RT_ST_01_14518753.jpg,data/raw/steel/02.라벨링데이터/2. RTST/RT_ST_01_14518753.json,,,,0,0,0,True
RT_ST_01_14518757,data/raw/steel/01.원천데이터/2. RTST/RT_ST_01_14518757.jpg,data/raw/steel/02.라벨링데이터/2. RTST/RT_ST_01_14518757.json,,,,0,0,0,True
RT_ST_01_14518761,data/raw/steel/01.원천데이터/2. RTST/RT_ST_01_14518761.jpg,data/raw/steel/02.라벨링데이터/2. RTST/RT_ST_01_14518761.json,,,,0,0,0,True
RT_ST_01_14518762,data/raw/steel/01.원천데이터/2. RTST/RT_ST_01_14518762.jpg,data/raw/steel/02.라벨링데이터/2. RTST/RT_ST_01_14518762.json,,,,0,0,0,True
RT_ST_01_14518767,data/raw/steel/01.원천데이터/2. RTST/RT_ST_01_14518767.jpg,data/raw/steel/02.라벨링데이터/2. RTST/RT_ST_01_14518767.json,,,,0,0,0,True
RT_ST_01_14518790,data/raw/steel/01.원천데이터/2. RTST/RT_ST_01_14518790.jpg,data/raw/steel/02.라벨링데이터/2. RTST/RT_ST_01_14518790.json,,,,0,0,0,True
RT_ST_01_14518798,data/raw/steel/01.원천데이터/2. RTST/RT_ST_01_14518798.jpg,data/raw/steel/02.라벨링데이터/2. RTST/RT_ST_01_14518798.json,,,,0,0,0,True
RT_ST_01_14518799,data/raw/steel/01.원천데이터/2. RTST/RT_ST_01_14518799.jpg,data/raw/steel/02.라벨링데이터/2. RTST/RT_ST_01_14518799.json,,,,0,0,0,True
RT_ST_01_14518802,data/raw/steel/01.원천데이터/2. RTST/RT_ST_01_14518802.jpg,data/raw/steel/02.라벨링데이터/2. RTST/RT_ST_01_14518802.json,,,,0,0,0,True
RT_ST_01_14518825,data/raw/steel/01.원천데이터/2. RTST/RT_ST_01_14518825.jpg,data/raw/steel/02.라벨링데이터/2. RTST/RT_ST_01_14518825.json,,,,0,0,0,True
RT_ST_01_14518826,data/raw/steel/01.원천데이터/2. RTST/RT_ST_01_14518826.jpg,data/raw/steel/02.라벨링데이터/2. RTST/RT_ST_01_14518826.json,,,,0,0,0,True
RT_ST_01_14518839,data/raw/steel/01.원천데이터/2. RTST/RT_ST_01_14518839.jpg,data/raw/steel/02.라벨링데이터/2. RTST/RT_ST_01_14518839.json,,,,0,0,0,True
RT_ST_01_14518840,data/raw/steel/01.원천데이터/2. RTST/RT_ST_01_14518840.jpg,data/raw/steel/02.라벨링데이터/2. RTST/RT_ST_01_14518840.json,,,,0,0,0,True
RT_ST_01_14518851,data/raw/steel/01.원천데이터/2. RTST/RT_ST_01_14518851.jpg,data/raw/steel/02.라벨링데이터/2. RTST/RT_ST_01_14518851.json,,,,0,0,0,True
RT_ST_01_14518853,data/raw/steel/01.원천데이터/2. RTST/RT_ST_01_14518853.jpg,data/raw/steel/02.라벨링데이터/2. RTST/RT_ST_01_14518853.json,,,,0,0,0,True
RT_ST_01_14518856,data/raw/steel/01.원천데이터/2. RTST/RT_ST_01_14518856.jpg,data/raw/steel/02.라벨링데이터/2. RTST/RT_ST_01_14518856.json,,,,0,0,0,True
RT_ST_01_14518881,data/raw/steel/01.원천데이터/2. RTST/RT_ST_01_14518881.jpg,data/raw/steel/02.라벨링데이터/2. RTST/RT_ST_01_14518881.json,,,,0,0,0,True
RT_ST_01_14518885,data/raw/steel/01.원천데이터/2. RTST/RT_ST_01_14518885.jpg,data/raw/steel/02.라벨링데이터/2. RTST/RT_ST_01_14518885.json,,,,0,0,0,True
RT_ST_01_14518890,data/raw/steel/01.원천데이터/2. RTST/RT_ST_01_14518890.jpg,data/raw/steel/02.라벨링데이터/2. RTST/RT_ST_01_14518890.json,,,,0,0,0,True
RT_ST_01_14518898,data/raw/steel/01.원천데이터/2. RTST/RT_ST_01_14518898.jpg,data/raw/steel/02.라벨링데이터/2. RTST/RT_ST_01_14518898.json,,,,0,0,0,True
RT_ST_01_14518903,data/raw/steel/01.원천데이터/2. RTST/RT_ST_01_14518903.jpg,data/raw/steel/02.라벨링데이터/2. RTST/RT_ST_01_14518903.json,,,,0,0,0,True
RT_ST_01_14518907,data/raw/steel/01.원천데이터/2. RTST/RT_ST_01_14518907.jpg,data/raw/steel/02.라벨링데이터/2. RTST/RT_ST_01_14518907.json,,,,0,0,0,True
RT_ST_01_14518949,data/raw/steel/01.원천데이터/2. RTST/RT_ST_01_14518949.jpg,data/raw/steel/02.라벨링데이터/2. RTST/RT_ST_01_14518949.json,,,,0,0,0,True
RT_ST_01_14518951,data/raw/steel/01.원천데이터/2. RTST/RT_ST_01_14518951.jpg,data/raw/steel/02.라벨링데이터/2. RTST/RT_ST_01_14518951.json,,,,0,0,0,True
RT_ST_01_14518958,data/raw/steel/01.원천데이터/2. RTST/RT_ST_01_14518958.jpg,data/raw/steel/02.라벨링데이터/2. RTST/RT_ST_01_14518958.json,,,,0,0,0,True
RT_ST_01_14518975,data/raw/steel/01.원천데이터/2. RTST/RT_ST_01_14518975.jpg,data/raw/steel/02.라벨링데이터/2. RTST/RT_ST_01_14518975.json,,,,0,0,0,True
RT_ST_01_14518989,data/raw/steel/01.원천데이터/2. RTST/RT_ST_01_14518989.jpg,data/raw/steel/02.라벨링데이터/2. RTST/RT_ST_01_14518989.json,,,,0,0,0,True
RT_ST_01_14518996,data/raw/steel/01.원천데이터/2. RTST/RT_ST_01_14518996.jpg,data/raw/steel/02.라벨링데이터/2. RTST/RT_ST_01_14518996.json,,,,0,0,0,True
RT_ST_01_14519021,data/raw/steel/01.원천데이터/2. RTST/RT_ST_01_14519021.jpg,data/raw/steel/02.라벨링데이터/2. RTST/RT_ST_01_14519021.json,,,,0,0,0,True
RT_ST_01_14519028,data/raw/steel/01.원천데이터/2. RTST/RT_ST_01_14519028.jpg,data/raw/steel/02.라벨링데이터/2. RTST/RT_ST_01_14519028.json,,,,0,0,0,True
RT_ST_01_14519042,data/raw/steel/01.원천데이터/2. RTST/RT_ST_01_14519042.jpg,data/raw/steel/02.라벨링데이터/2. RTST/RT_ST_01_14519042.json,,,,0,0,0,True
RT_ST_01_14519056,data/raw/steel/01.원천데이터/2. RTST/RT_ST_01_14519056.jpg,data/raw/steel/02.라벨링데이터/2. RTST/RT_ST_01_14519056.json,,,,0,0,0,True
RT_ST_01_14519058,data/raw/steel/01.원천데이터/2. RTST/RT_ST_01_14519058.jpg,data/raw/steel/02.라벨링데이터/2. RTST/RT_ST_01_14519058.json,,,,0,0,0,True
RT_ST_01_14519060,data/raw/steel/01.원천데이터/2. RTST/RT_ST_01_14519060.jpg,data/raw/steel/02.라벨링데이터/2. RTST/RT_ST_01_14519060.json,,,,0,0,0,True
RT_ST_01_14519068,data/raw/steel/01.원천데이터/2. RTST/RT_ST_01_14519068.jpg,data/raw/steel/02.라벨링데이터/2. RTST/RT_ST_01_14519068.json,,,,0,0,0,True
RT_ST_01_14519076,data/raw/steel/01.원천데이터/2. RTST/RT_ST_01_14519076.jpg,data/raw/steel/02.라벨링데이터/2. RTST/RT_ST_01_14519076.json,,,,0,0,0,True
RT_ST_01_14519086,data/raw/steel/01.원천데이터/2. RTST/RT_ST_01_14519086.jpg,data/raw/steel/02.라벨링데이터/2. RTST/RT_ST_01_14519086.json,,,,0,0,0,True
RT_ST_01_14519088,data/raw/steel/01.원천데이터/2. RTST/RT_ST_01_14519088.jpg,data/raw/steel/02.라벨링데이터/2. RTST/RT_ST_01_14519088.json,,,,0,0,0,True
RT_ST_01_14519110,data/raw/steel/01.원천데이터/2. RTST/RT_ST_01_14519110.jpg,data/raw/steel/02.라벨링데이터/2. RTST/RT_ST_01_14519110.json,,,,0,0,0,True
RT_ST_01_14519122,data/raw/steel/01.원천데이터/2. RTST/RT_ST_01_14519122.jpg,data/raw/steel/02.라벨링데이터/2. RTST/RT_ST_01_14519122.json,,,,0,0,0,True
RT_ST_01_14519132,data/raw/steel/01.원천데이터/2. RTST/RT_ST_01_14519132.jpg,data/raw/steel/02.라벨링데이터/2. RTST/RT_ST_01_14519132.json,,,,0,0,0,True
RT_ST_01_14519138,data/raw/steel/01.원천데이터/2. RTST/RT_ST_01_14519138.jpg,data/raw/steel/02.라벨링데이터/2. RTST/RT_ST_01_14519138.json,,,,0,0,0,True
RT_ST_01_14519144,data/raw/steel/01.원천데이터/2. RTST/RT_ST_01_14519144.jpg,data/raw/steel/02.라벨링데이터/2. RTST/RT_ST_01_14519144.json,,,,0,0,0,True
RT_ST_01_14519149,data/raw/steel/01.원천데이터/2. RTST/RT_ST_01_14519149.jpg,data/raw/steel/02.라벨링데이터/2. RTST/RT_ST_01_14519149.json,,,,0,0,0,True
RT_ST_01_14519151,data/raw/steel/01.원천데이터/2. RTST/RT_ST_01_14519151.jpg,data/raw/steel/02.라벨링데이터/2. RTST/RT_ST_01_14519151.json,,,,0,0,0,True
RT_ST_01_14519154,data/raw/steel/01.원천데이터/2. RTST/RT_ST_01_14519154.jpg,data/raw/steel/02.라벨링데이터/2. RTST/RT_ST_01_14519154.json,,,,0,0,0,True
RT_ST_01_14519156,data/raw/steel/01.원천데이터/2. RTST/RT_ST_01_14519156.jpg,data/raw/steel/02.라벨링데이터/2. RTST/RT_ST_01_14519156.json,,,,0,0,0,True
RT_ST_01_14519159,data/raw/steel/01.원천데이터/2. RTST/RT_ST_01_14519159.jpg,data/raw/steel/02.라벨링데이터/2. RTST/RT_ST_01_14519159.json,,,,0,0,0,True
RT_ST_01_14519194,data/raw/steel/01.원천데이터/2. RTST/RT_ST_01_14519194.jpg,data/raw/steel/02.라벨링데이터/2. RTST/RT_ST_01_14519194.json,,,,0,0,0,True
RT_ST_01_14519208,data/raw/steel/01.원천데이터/2. RTST/RT_ST_01_14519208.jpg,data/raw/steel/02.라벨링데이터/2. RTST/RT_ST_01_14519208.json,,,,0,0,0,True
RT_ST_01_14519213,data/raw/steel/01.원천데이터/2. RTST/RT_ST_01_14519213.jpg,data/raw/steel/02.라벨링데이터/2. RTST/RT_ST_01_14519213.json,,,,0,0,0,True
RT_ST_01_14519214,data/raw/steel/01.원천데이터/2. RTST/RT_ST_01_14519214.jpg,data/raw/steel/02.라벨링데이터/2. RTST/RT_ST_01_14519214.json,,,,0,0,0,True
RT_ST_01_14519216,data/raw/steel/01.원천데이터/2. RTST/RT_ST_01_14519216.jpg,data/raw/steel/02.라벨링데이터/2. RTST/RT_ST_01_14519216.json,,,,0,0,0,True
RT_ST_01_14519217,data/raw/steel/01.원천데이터/2. RTST/RT_ST_01_14519217.jpg,data/raw/steel/02.라벨링데이터/2. RTST/RT_ST_01_14519217.json,,,,0,0,0,True
RT_ST_01_14519218,data/raw/steel/01.원천데이터/2. RTST/RT_ST_01_14519218.jpg,data/raw/steel/02.라벨링데이터/2. RTST/RT_ST_01_14519218.json,,,,0,0,0,True
RT_ST_01_14519232,data/raw/steel/01.원천데이터/2. RTST/RT_ST_01_14519232.jpg,data/raw/steel/02.라벨링데이터/2. RTST/RT_ST_01_14519232.json,,,,0,0,0,True
RT_ST_01_14519243,data/raw/steel/01.원천데이터/2. RTST/RT_ST_01_14519243.jpg,data/raw/steel/02.라벨링데이터/2. RTST/RT_ST_01_14519243.json,,,,0,0,0,True
RT_ST_01_14519258,data/raw/steel/01.원천데이터/2. RTST/RT_ST_01_14519258.jpg,data/raw/steel/02.라벨링데이터/2. RTST/RT_ST_01_14519258.json,,,,0,0,0,True
RT_ST_01_14519269,data/raw/steel/01.원천데이터/2. RTST/RT_ST_01_14519269.jpg,data/raw/steel/02.라벨링데이터/2. RTST/RT_ST_01_14519269.json,,,,0,0,0,True
RT_ST_01_14519282,data/raw/steel/01.원천데이터/2. RTST/RT_ST_01_14519282.jpg,data/raw/steel/02.라벨링데이터/2. RTST/RT_ST_01_14519282.json,,,,0,0,0,True
RT_ST_01_14519299,data/raw/steel/01.원천데이터/2. RTST/RT_ST_01_14519299.jpg,data/raw/steel/02.라벨링데이터/2. RTST/RT_ST_01_14519299.json,,,,0,0,0,True
RT_ST_01_14519304,data/raw/steel/01.원천데이터/2. RTST/RT_ST_01_14519304.jpg,data/raw/steel/02.라벨링데이터/2. RTST/RT_ST_01_14519304.json,,,,0,0,0,True
RT_ST_01_14519316,data/raw/steel/01.원천데이터/2. RTST/RT_ST_01_14519316.jpg,data/raw/steel/02.라벨링데이터/2. RTST/RT_ST_01_14519316.json,,,,0,0,0,True
RT_ST_01_14519337,data/raw/steel/01.원천데이터/2. RTST/RT_ST_01_14519337.jpg,data/raw/steel/02.라벨링데이터/2. RTST/RT_ST_01_14519337.json,,,,0,0,0,True
RT_ST_01_14519348,data/raw/steel/01.원천데이터/2. RTST/RT_ST_01_14519348.jpg,data/raw/steel/02.라벨링데이터/2. RTST/RT_ST_01_14519348.json,,,,0,0,0,True
RT_ST_01_14519349,data/raw/steel/01.원천데이터/2. RTST/RT_ST_01_14519349.jpg,data/raw/steel/02.라벨링데이터/2. RTST/RT_ST_01_14519349.json,,,,0,0,0,True
RT_ST_01_14519353,data/raw/steel/01.원천데이터/2. RTST/RT_ST_01_14519353.jpg,data/raw/steel/02.라벨링데이터/2. RTST/RT_ST_01_14519353.json,,,,0,0,0,True
RT_ST_01_14519358,data/raw/steel/01.원천데이터/2. RTST/RT_ST_01_14519358.jpg,data/raw/steel/02.라벨링데이터/2. RTST/RT_ST_01_14519358.json,,,,0,0,0,True
RT_ST_01_14519384,data/raw/steel/01.원천데이터/2. RTST/RT_ST_01_14519384.jpg,data/raw/steel/02.라벨링데이터/2. RTST/RT_ST_01_14519384.json,,,,0,0,0,True
RT_ST_01_14519386,data/raw/steel/01.원천데이터/2. RTST/RT_ST_01_14519386.jpg,data/raw/steel/02.라벨링데이터/2. RTST/RT_ST_01_14519386.json,,,,0,0,0,True
RT_ST_01_14519401,data/raw/steel/01.원천데이터/2. RTST/RT_ST_01_14519401.jpg,data/raw/steel/02.라벨링데이터/2. RTST/RT_ST_01_14519401.json,,,,0,0,0,True
RT_ST_01_14519412,data/raw/steel/01.원천데이터/2. RTST/RT_ST_01_14519412.jpg,data/raw/steel/02.라벨링데이터/2. RTST/RT_ST_01_14519412.json,,,,0,0,0,True
RT_ST_01_14519433,data/raw/steel/01.원천데이터/2. RTST/RT_ST_01_14519433.jpg,data/raw/steel/02.라벨링데이터/2. RTST/RT_ST_01_14519433.json,,,,0,0,0,True
RT_ST_01_14519436,data/raw/steel/01.원천데이터/2. RTST/RT_ST_01_14519436.jpg,data/raw/steel/02.라벨링데이터/2. RTST/RT_ST_01_14519436.json,,,,0,0,0,True
RT_ST_01_14519439,data/raw/steel/01.원천데이터/2. RTST/RT_ST_01_14519439.jpg,data/raw/steel/02.라벨링데이터/2. RTST/RT_ST_01_14519439.json,,,,0,0,0,True
RT_ST_01_14519467,data/raw/steel/01.원천데이터/2. RTST/RT_ST_01_14519467.jpg,data/raw/steel/02.라벨링데이터/2. RTST/RT_ST_01_14519467.json,,,,0,0,0,True
RT_ST_01_14519468,data/raw/steel/01.원천데이터/2. RTST/RT_ST_01_14519468.jpg,data/raw/steel/02.라벨링데이터/2. RTST/RT_ST_01_14519468.json,,,,0,0,0,True
RT_ST_01_14519469,data/raw/steel/01.원천데이터/2. RTST/RT_ST_01_14519469.jpg,data/raw/steel/02.라벨링데이터/2. RTST/RT_ST_01_14519469.json,,,,0,0,0,True
RT_ST_01_14519471,data/raw/steel/01.원천데이터/2. RTST/RT_ST_01_14519471.jpg,data/raw/steel/02.라벨링데이터/2. RTST/RT_ST_01_14519471.json,,,,0,0,0,True
RT_ST_01_14519473,data/raw/steel/01.원천데이터/2. RTST/RT_ST_01_14519473.jpg,data/raw/steel/02.라벨링데이터/2. RTST/RT_ST_01_14519473.json,,,,0,0,0,True
RT_ST_01_14519474,data/raw/steel/01.원천데이터/2. RTST/RT_ST_01_14519474.jpg,data/raw/steel/02.라벨링데이터/2. RTST/RT_ST_01_14519474.json,,,,0,0,0,True
RT_ST_04_14523261,data/raw/steel/01.원천데이터/2. RTST/RT_ST_04_14523261.jpg,data/raw/steel/02.라벨링데이터/2. RTST/RT_ST_04_14523261.json,,,,0,0,0,True
RT_ST_04_14530476,data/raw/steel/01.원천데이터/2. RTST/RT_ST_04_14530476.jpg,data/raw/steel/02.라벨링데이터/2. RTST/RT_ST_04_14530476.json,,,,0,0,0,True
RT_ST_04_14531694,data/raw/steel/01.원천데이터/2. RTST/RT_ST_04_14531694.jpg,data/raw/steel/02.라벨링데이터/2. RTST/RT_ST_04_14531694.json,,,,0,0,0,True
RT_ST_04_14533280,data/raw/steel/01.원천데이터/2. RTST/RT_ST_04_14533280.jpg,data/raw/steel/02.라벨링데이터/2. RTST/RT_ST_04_14533280.json,,,,0,0,0,True
RT_ST_04_14533739,data/raw/steel/01.원천데이터/2. RTST/RT_ST_04_14533739.jpg,data/raw/steel/02.라벨링데이터/2. RTST/RT_ST_04_14533739.json,,,,0,0,0,True
RT_ST_04_14549116,data/raw/steel/01.원천데이터/2. RTST/RT_ST_04_14549116.jpg,data/raw/steel/02.라벨링데이터/2. RTST/RT_ST_04_14549116.json,,,,0,0,0,True
RT_ST_04_14549137,data/raw/steel/01.원천데이터/2. RTST/RT_ST_04_14549137.jpg,data/raw/steel/02.라벨링데이터/2. RTST/RT_ST_04_14549137.json,,,,0,0,0,True
RT_ST_04_14549138,data/raw/steel/01.원천데이터/2. RTST/RT_ST_04_14549138.jpg,data/raw/steel/02.라벨링데이터/2. RTST/RT_ST_04_14549138.json,,,,0,0,0,True
RT_ST_04_14549151,data/raw/steel/01.원천데이터/2. RTST/RT_ST_04_14549151.jpg,data/raw/steel/02.라벨링데이터/2. RTST/RT_ST_04_14549151.json,,,,0,0,0,True
RT_ST_04_14549166,data/raw/steel/01.원천데이터/2. RTST/RT_ST_04_14549166.jpg,data/raw/steel/02.라벨링데이터/2. RTST/RT_ST_04_14549166.json,,,,0,0,0,True
RT_ST_04_14549173,data/raw/steel/01.원천데이터/2. RTST/RT_ST_04_14549173.jpg,data/raw/steel/02.라벨링데이터/2. RTST/RT_ST_04_14549173.json,,,,0,0,0,True
RT_ST_04_14549186,data/raw/steel/01.원천데이터/2. RTST/RT_ST_04_14549186.jpg,data/raw/steel/02.라벨링데이터/2. RTST/RT_ST_04_14549186.json,,,,0,0,0,True
RT_ST_04_14549197,data/raw/steel/01.원천데이터/2. RTST/RT_ST_04_14549197.jpg,data/raw/steel/02.라벨링데이터/2. RTST/RT_ST_04_14549197.json,,,,0,0,0,True
RT_ST_04_14549201,data/raw/steel/01.원천데이터/2. RTST/RT_ST_04_14549201.jpg,data/raw/steel/02.라벨링데이터/2. RTST/RT_ST_04_14549201.json,,,,0,0,0,True
RT_ST_04_14549210,data/raw/steel/01.원천데이터/2. RTST/RT_ST_04_14549210.jpg,data/raw/steel/02.라벨링데이터/2. RTST/RT_ST_04_14549210.json,,,,0,0,0,True
RT_ST_04_14549219,data/raw/steel/01.원천데이터/2. RTST/RT_ST_04_14549219.jpg,data/raw/steel/02.라벨링데이터/2. RTST/RT_ST_04_14549219.json,,,,0,0,0,True
RT_ST_04_14549228,data/raw/steel/01.원천데이터/2. RTST/RT_ST_04_14549228.jpg,data/raw/steel/02.라벨링데이터/2. RTST/RT_ST_04_14549228.json,,,,0,0,0,True
RT_ST_04_14549233,data/raw/steel/01.원천데이터/2. RTST/RT_ST_04_14549233.jpg,data/raw/steel/02.라벨링데이터/2. RTST/RT_ST_04_14549233.json,,,,0,0,0,True
RT_ST_04_14549237,data/raw/steel/01.원천데이터/2. RTST/RT_ST_04_14549237.jpg,data/raw/steel/02.라벨링데이터/2. RTST/RT_ST_04_14549237.json,,,,0,0,0,True
RT_ST_04_14549241,data/raw/steel/01.원천데이터/2. RTST/RT_ST_04_14549241.jpg,data/raw/steel/02.라벨링데이터/2. RTST/RT_ST_04_14549241.json,,,,0,0,0,True
RT_ST_04_14549248,data/raw/steel/01.원천데이터/2. RTST/RT_ST_04_14549248.jpg,data/raw/steel/02.라벨링데이터/2. RTST/RT_ST_04_14549248.json,,,,0,0,0,True
RT_ST_04_14549252,data/raw/steel/01.원천데이터/2. RTST/RT_ST_04_14549252.jpg,data/raw/steel/02.라벨링데이터/2. RTST/RT_ST_04_14549252.json,,,,0,0,0,True
RT_ST_04_14549271,data/raw/steel/01.원천데이터/2. RTST/RT_ST_04_14549271.jpg,data/raw/steel/02.라벨링데이터/2. RTST/RT_ST_04_14549271.json,,,,0,0,0,True
RT_ST_04_14549277,data/raw/steel/01.원천데이터/2. RTST/RT_ST_04_14549277.jpg,data/raw/steel/02.라벨링데이터/2. RTST/RT_ST_04_14549277.json,,,,0,0,0,True
RT_ST_04_14549283,data/raw/steel/01.원천데이터/2. RTST/RT_ST_04_14549283.jpg,data/raw/steel/02.라벨링데이터/2. RTST/RT_ST_04_14549283.json,,,,0,0,0,True
RT_ST_04_14549288,data/raw/steel/01.원천데이터/2. RTST/RT_ST_04_14549288.jpg,data/raw/steel/02.라벨링데이터/2. RTST/RT_ST_04_14549288.json,,,,0,0,0,True
RT_ST_04_14549309,data/raw/steel/01.원천데이터/2. RTST/RT_ST_04_14549309.jpg,data/raw/steel/02.라벨링데이터/2. RTST/RT_ST_04_14549309.json,,,,0,0,0,True
RT_ST_04_14549313,data/raw/steel/01.원천데이터/2. RTST/RT_ST_04_14549313.jpg,data/raw/steel/02.라벨링데이터/2. RTST/RT_ST_04_14549313.json,,,,0,0,0,True
RT_ST_04_14549315,data/raw/steel/01.원천데이터/2. RTST/RT_ST_04_14549315.jpg,data/raw/steel/02.라벨링데이터/2. RTST/RT_ST_04_14549315.json,,,,0,0,0,True
RT_ST_04_14549319,data/raw/steel/01.원천데이터/2. RTST/RT_ST_04_14549319.jpg,data/raw/steel/02.라벨링데이터/2. RTST/RT_ST_04_14549319.json,,,,0,0,0,True
RT_ST_04_14549321,data/raw/steel/01.원천데이터/2. RTST/RT_ST_04_14549321.jpg,data/raw/steel/02.라벨링데이터/2. RTST/RT_ST_04_14549321.json,,,,0,0,0,True
RT_ST_04_14549341,data/raw/steel/01.원천데이터/2. RTST/RT_ST_04_14549341.jpg,data/raw/steel/02.라벨링데이터/2. RTST/RT_ST_04_14549341.json,,,,0,0,0,True
RT_ST_04_14549352,data/raw/steel/01.원천데이터/2. RTST/RT_ST_04_14549352.jpg,data/raw/steel/02.라벨링데이터/2. RTST/RT_ST_04_14549352.json,,,,0,0,0,True
RT_ST_04_14549353,data/raw/steel/01.원천데이터/2. RTST/RT_ST_04_14549353.jpg,data/raw/steel/02.라벨링데이터/2. RTST/RT_ST_04_14549353.json,,,,0,0,0,True
RT_ST_04_14549369,data/raw/steel/01.원천데이터/2. RTST/RT_ST_04_14549369.jpg,data/raw/steel/02.라벨링데이터/2. RTST/RT_ST_04_14549369.json,,,,0,0,0,True
RT_ST_04_14549371,data/raw/steel/01.원천데이터/2. RTST/RT_ST_04_14549371.jpg,data/raw/steel/02.라벨링데이터/2. RTST/RT_ST_04_14549371.json,,,,0,0,0,True
RT_ST_04_14549396,data/raw/steel/01.원천데이터/2. RTST/RT_ST_04_14549396.jpg,data/raw/steel/02.라벨링데이터/2. RTST/RT_ST_04_14549396.json,,,,0,0,0,True
RT_ST_04_14549425,data/raw/steel/01.원천데이터/2. RTST/RT_ST_04_14549425.jpg,data/raw/steel/02.라벨링데이터/2. RTST/RT_ST_04_14549425.json,,,,0,0,0,True
RT_ST_04_14549431,data/raw/steel/01.원천데이터/2. RTST/RT_ST_04_14549431.jpg,data/raw/steel/02.라벨링데이터/2. RTST/RT_ST_04_14549431.json,,,,0,0,0,True
RT_ST_04_14549442,data/raw/steel/01.원천데이터/2. RTST/RT_ST_04_14549442.jpg,data/raw/steel/02.라벨링데이터/2. RTST/RT_ST_04_14549442.json,,,,0,0,0,True
RT_ST_04_14549457,data/raw/steel/01.원천데이터/2. RTST/RT_ST_04_14549457.jpg,data/raw/steel/02.라벨링데이터/2. RTST/RT_ST_04_14549457.json,,,,0,0,0,True
RT_ST_04_14549458,data/raw/steel/01.원천데이터/2. RTST/RT_ST_04_14549458.jpg,data/raw/steel/02.라벨링데이터/2. RTST/RT_ST_04_14549458.json,,,,0,0,0,True
RT_ST_04_14549480,data/raw/steel/01.원천데이터/2. RTST/RT_ST_04_14549480.jpg,data/raw/steel/02.라벨링데이터/2. RTST/RT_ST_04_14549480.json,,,,0,0,0,True
RT_ST_04_14549488,data/raw/steel/01.원천데이터/2. RTST/RT_ST_04_14549488.jpg,data/raw/steel/02.라벨링데이터/2. RTST/RT_ST_04_14549488.json,,,,0,0,0,True
RT_ST_04_14549498,data/raw/steel/01.원천데이터/2. RTST/RT_ST_04_14549498.jpg,data/raw/steel/02.라벨링데이터/2. RTST/RT_ST_04_14549498.json,,,,0,0,0,True
RT_ST_04_14549503,data/raw/steel/01.원천데이터/2. RTST/RT_ST_04_14549503.jpg,data/raw/steel/02.라벨링데이터/2. RTST/RT_ST_04_14549503.json,,,,0,0,0,True
RT_ST_04_14549504,data/raw/steel/01.원천데이터/2. RTST/RT_ST_04_14549504.jpg,data/raw/steel/02.라벨링데이터/2. RTST/RT_ST_04_14549504.json,,,,0,0,0,True
RT_ST_04_14549516,data/raw/steel/01.원천데이터/2. RTST/RT_ST_04_14549516.jpg,data/raw/steel/02.라벨링데이터/2. RTST/RT_ST_04_14549516.json,,,,0,0,0,True
RT_ST_04_14549527,data/raw/steel/01.원천데이터/2. RTST/RT_ST_04_14549527.jpg,data/raw/steel/02.라벨링데이터/2. RTST/RT_ST_04_14549527.json,,,,0,0,0,True
RT_ST_04_14549539,data/raw/steel/01.원천데이터/2. RTST/RT_ST_04_14549539.jpg,data/raw/steel/02.라벨링데이터/2. RTST/RT_ST_04_14549539.json,,,,0,0,0,True
RT_ST_04_14549549,data/raw/steel/01.원천데이터/2. RTST/RT_ST_04_14549549.jpg,data/raw/steel/02.라벨링데이터/2. RTST/RT_ST_04_14549549.json,,,,0,0,0,True
RT_ST_04_14549550,data/raw/steel/01.원천데이터/2. RTST/RT_ST_04_14549550.jpg,data/raw/steel/02.라벨링데이터/2. RTST/RT_ST_04_14549550.json,,,,0,0,0,True
RT_ST_04_14549554,data/raw/steel/01.원천데이터/2. RTST/RT_ST_04_14549554.jpg,data/raw/steel/02.라벨링데이터/2. RTST/RT_ST_04_14549554.json,,,,0,0,0,True
RT_ST_04_14549563,data/raw/steel/01.원천데이터/2. RTST/RT_ST_04_14549563.jpg,data/raw/steel/02.라벨링데이터/2. RTST/RT_ST_04_14549563.json,,,,0,0,0,True
RT_ST_04_14549569,data/raw/steel/01.원천데이터/2. RTST/RT_ST_04_14549569.jpg,data/raw/steel/02.라벨링데이터/2. RTST/RT_ST_04_14549569.json,,,,0,0,0,True
RT_ST_04_14549584,data/raw/steel/01.원천데이터/2. RTST/RT_ST_04_14549584.jpg,data/raw/steel/02.라벨링데이터/2. RTST/RT_ST_04_14549584.json,,,,0,0,0,True
RT_ST_04_14549587,data/raw/steel/01.원천데이터/2. RTST/RT_ST_04_14549587.jpg,data/raw/steel/02.라벨링데이터/2. RTST/RT_ST_04_14549587.json,,,,0,0,0,True
RT_ST_04_14549595,data/raw/steel/01.원천데이터/2. RTST/RT_ST_04_14549595.jpg,data/raw/steel/02.라벨링데이터/2. RTST/RT_ST_04_14549595.json,,,,0,0,0,True
RT_ST_04_14549598,data/raw/steel/01.원천데이터/2. RTST/RT_ST_04_14549598.jpg,data/raw/steel/02.라벨링데이터/2. RTST/RT_ST_04_14549598.json,,,,0,0,0,True
RT_ST_04_14549621,data/raw/steel/01.원천데이터/2. RTST/RT_ST_04_14549621.jpg,data/raw/steel/02.라벨링데이터/2. RTST/RT_ST_04_14549621.json,,,,0,0,0,True
RT_ST_04_14549625,data/raw/steel/01.원천데이터/2. RTST/RT_ST_04_14549625.jpg,data/raw/steel/02.라벨링데이터/2. RTST/RT_ST_04_14549625.json,,,,0,0,0,True
RT_ST_04_14549640,data/raw/steel/01.원천데이터/2. RTST/RT_ST_04_14549640.jpg,data/raw/steel/02.라벨링데이터/2. RTST/RT_ST_04_14549640.json,,,,0,0,0,True
RT_ST_04_14549648,data/raw/steel/01.원천데이터/2. RTST/RT_ST_04_14549648.jpg,data/raw/steel/02.라벨링데이터/2. RTST/RT_ST_04_14549648.json,,,,0,0,0,True
RT_ST_04_14549661,data/raw/steel/01.원천데이터/2. RTST/RT_ST_04_14549661.jpg,data/raw/steel/02.라벨링데이터/2. RTST/RT_ST_04_14549661.json,,,,0,0,0,True
RT_ST_04_14549667,data/raw/steel/01.원천데이터/2. RTST/RT_ST_04_14549667.jpg,data/raw/steel/02.라벨링데이터/2. RTST/RT_ST_04_14549667.json,,,,0,0,0,True
RT_ST_04_14549678,data/raw/steel/01.원천데이터/2. RTST/RT_ST_04_14549678.jpg,data/raw/steel/02.라벨링데이터/2. RTST/RT_ST_04_14549678.json,,,,0,0,0,True
RT_ST_04_14549686,data/raw/steel/01.원천데이터/2. RTST/RT_ST_04_14549686.jpg,data/raw/steel/02.라벨링데이터/2. RTST/RT_ST_04_14549686.json,,,,0,0,0,True
RT_ST_04_14549697,data/raw/steel/01.원천데이터/2. RTST/RT_ST_04_14549697.jpg,data/raw/steel/02.라벨링데이터/2. RTST/RT_ST_04_14549697.json,,,,0,0,0,True
RT_ST_04_14549700,data/raw/steel/01.원천데이터/2. RTST/RT_ST_04_14549700.jpg,data/raw/steel/02.라벨링데이터/2. RTST/RT_ST_04_14549700.json,,,,0,0,0,True
RT_ST_04_14549711,data/raw/steel/01.원천데이터/2. RTST/RT_ST_04_14549711.jpg,data/raw/steel/02.라벨링데이터/2. RTST/RT_ST_04_14549711.json,,,,0,0,0,True
RT_ST_04_14549723,data/raw/steel/01.원천데이터/2. RTST/RT_ST_04_14549723.jpg,data/raw/steel/02.라벨링데이터/2. RTST/RT_ST_04_14549723.json,,,,0,0,0,True
RT_ST_04_14549757,data/raw/steel/01.원천데이터/2. RTST/RT_ST_04_14549757.jpg,data/raw/steel/02.라벨링데이터/2. RTST/RT_ST_04_14549757.json,,,,0,0,0,True
RT_ST_04_14549774,data/raw/steel/01.원천데이터/2. RTST/RT_ST_04_14549774.jpg,data/raw/steel/02.라벨링데이터/2. RTST/RT_ST_04_14549774.json,,,,0,0,0,True
RT_ST_04_14549805,data/raw/steel/01.원천데이터/2. RTST/RT_ST_04_14549805.jpg,data/raw/steel/02.라벨링데이터/2. RTST/RT_ST_04_14549805.json,,,,0,0,0,True
RT_ST_04_14549810,data/raw/steel/01.원천데이터/2. RTST/RT_ST_04_14549810.jpg,data/raw/steel/02.라벨링데이터/2. RTST/RT_ST_04_14549810.json,,,,0,0,0,True
RT_ST_04_14549819,data/raw/steel/01.원천데이터/2. RTST/RT_ST_04_14549819.jpg,data/raw/steel/02.라벨링데이터/2. RTST/RT_ST_04_14549819.json,,,,0,0,0,True
RT_ST_04_14549826,data/raw/steel/01.원천데이터/2. RTST/RT_ST_04_14549826.jpg,data/raw/steel/02.라벨링데이터/2. RTST/RT_ST_04_14549826.json,,,,0,0,0,True
RT_ST_04_14549837,data/raw/steel/01.원천데이터/2. RTST/RT_ST_04_14549837.jpg,data/raw/steel/02.라벨링데이터/2. RTST/RT_ST_04_14549837.json,,,,0,0,0,True
RT_ST_04_14549862,data/raw/steel/01.원천데이터/2. RTST/RT_ST_04_14549862.jpg,data/raw/steel/02.라벨링데이터/2. RTST/RT_ST_04_14549862.json,,,,0,0,0,True
RT_ST_04_14549863,data/raw/steel/01.원천데이터/2. RTST/RT_ST_04_14549863.jpg,data/raw/steel/02.라벨링데이터/2. RTST/RT_ST_04_14549863.json,,,,0,0,0,True
RT_ST_04_14549864,data/raw/steel/01.원천데이터/2. RTST/RT_ST_04_14549864.jpg,data/raw/steel/02.라벨링데이터/2. RTST/RT_ST_04_14549864.json,,,,0,0,0,True
RT_ST_04_14549866,data/raw/steel/01.원천데이터/2. RTST/RT_ST_04_14549866.jpg,data/raw/steel/02.라벨링데이터/2. RTST/RT_ST_04_14549866.json,,,,0,0,0,True
RT_ST_04_14549873,data/raw/steel/01.원천데이터/2. RTST/RT_ST_04_14549873.jpg,data/raw/steel/02.라벨링데이터/2. RTST/RT_ST_04_14549873.json,,,,0,0,0,True
RT_ST_04_14549875,data/raw/steel/01.원천데이터/2. RTST/RT_ST_04_14549875.jpg,data/raw/steel/02.라벨링데이터/2. RTST/RT_ST_04_14549875.json,,,,0,0,0,True
RT_ST_04_14549880,data/raw/steel/01.원천데이터/2. RTST/RT_ST_04_14549880.jpg,data/raw/steel/02.라벨링데이터/2. RTST/RT_ST_04_14549880.json,,,,0,0,0,True
RT_ST_04_14549897,data/raw/steel/01.원천데이터/2. RTST/RT_ST_04_14549897.jpg,data/raw/steel/02.라벨링데이터/2. RTST/RT_ST_04_14549897.json,,,,0,0,0,True
RT_ST_04_14549924,data/raw/steel/01.원천데이터/2. RTST/RT_ST_04_14549924.jpg,data/raw/steel/02.라벨링데이터/2. RTST/RT_ST_04_14549924.json,,,,0,0,0,True
RT_ST_04_14549940,data/raw/steel/01.원천데이터/2. RTST/RT_ST_04_14549940.jpg,data/raw/steel/02.라벨링데이터/2. RTST/RT_ST_04_14549940.json,,,,0,0,0,True
RT_ST_04_14549965,data/raw/steel/01.원천데이터/2. RTST/RT_ST_04_14549965.jpg,data/raw/steel/02.라벨링데이터/2. RTST/RT_ST_04_14549965.json,,,,0,0,0,True
RT_ST_04_14549969,data/raw/steel/01.원천데이터/2. RTST/RT_ST_04_14549969.jpg,data/raw/steel/02.라벨링데이터/2. RTST/RT_ST_04_14549969.json,,,,0,0,0,True
RT_ST_04_14549973,data/raw/steel/01.원천데이터/2. RTST/RT_ST_04_14549973.jpg,data/raw/steel/02.라벨링데이터/2. RTST/RT_ST_04_14549973.json,,,,0,0,0,True
RT_ST_04_14549975,data/raw/steel/01.원천데이터/2. RTST/RT_ST_04_14549975.jpg,data/raw/steel/02.라벨링데이터/2. RTST/RT_ST_04_14549975.json,,,,0,0,0,True
RT_ST_04_14549981,data/raw/steel/01.원천데이터/2. RTST/RT_ST_04_14549981.jpg,data/raw/steel/02.라벨링데이터/2. RTST/RT_ST_04_14549981.json,,,,0,0,0,True
RT_ST_04_14549984,data/raw/steel/01.원천데이터/2. RTST/RT_ST_04_14549984.jpg,data/raw/steel/02.라벨링데이터/2. RTST/RT_ST_04_14549984.json,,,,0,0,0,True
RT_ST_04_14550008,data/raw/steel/01.원천데이터/2. RTST/RT_ST_04_14550008.jpg,data/raw/steel/02.라벨링데이터/2. RTST/RT_ST_04_14550008.json,,,,0,0,0,True
RT_ST_04_14550037,data/raw/steel/01.원천데이터/2. RTST/RT_ST_04_14550037.jpg,data/raw/steel/02.라벨링데이터/2. RTST/RT_ST_04_14550037.json,,,,0,0,0,True
RT_ST_04_14550048,data/raw/steel/01.원천데이터/2. RTST/RT_ST_04_14550048.jpg,data/raw/steel/02.라벨링데이터/2. RTST/RT_ST_04_14550048.json,,,,0,0,0,True
RT_ST_04_14550050,data/raw/steel/01.원천데이터/2. RTST/RT_ST_04_14550050.jpg,data/raw/steel/02.라벨링데이터/2. RTST/RT_ST_04_14550050.json,,,,0,0,0,True
RT_ST_04_14550063,data/raw/steel/01.원천데이터/2. RTST/RT_ST_04_14550063.jpg,data/raw/steel/02.라벨링데이터/2. RTST/RT_ST_04_14550063.json,,,,0,0,0,True
RT_ST_04_14550101,data/raw/steel/01.원천데이터/2. RTST/RT_ST_04_14550101.jpg,data/raw/steel/02.라벨링데이터/2. RTST/RT_ST_04_14550101.json,,,,0,0,0,True
RT_ST_04_14550103,data/raw/steel/01.원천데이터/2. RTST/RT_ST_04_14550103.jpg,data/raw/steel/02.라벨링데이터/2. RTST/RT_ST_04_14550103.json,,,,0,0,0,True
RT_ST_04_14550144,data/raw/steel/01.원천데이터/2. RTST/RT_ST_04_14550144.jpg,data/raw/steel/02.라벨링데이터/2. RTST/RT_ST_04_14550144.json,,,,0,0,0,True
RT_ST_04_14550157,data/raw/steel/01.원천데이터/2. RTST/RT_ST_04_14550157.jpg,data/raw/steel/02.라벨링데이터/2. RTST/RT_ST_04_14550157.json,,,,0,0,0,True
RT_ST_04_14550165,data/raw/steel/01.원천데이터/2. RTST/RT_ST_04_14550165.jpg,data/raw/steel/02.라벨링데이터/2. RTST/RT_ST_04_14550165.json,,,,0,0,0,True
RT_ST_04_14550172,data/raw/steel/01.원천데이터/2. RTST/RT_ST_04_14550172.jpg,data/raw/steel/02.라벨링데이터/2. RTST/RT_ST_04_14550172.json,,,,0,0,0,True
RT_ST_04_14550178,data/raw/steel/01.원천데이터/2. RTST/RT_ST_04_14550178.jpg,data/raw/steel/02.라벨링데이터/2. RTST/RT_ST_04_14550178.json,,,,0,0,0,True
RT_ST_04_14550187,data/raw/steel/01.원천데이터/2. RTST/RT_ST_04_14550187.jpg,data/raw/steel/02.라벨링데이터/2. RTST/RT_ST_04_14550187.json,,,,0,0,0,True
RT_ST_04_14550206,data/raw/steel/01.원천데이터/2. RTST/RT_ST_04_14550206.jpg,data/raw/steel/02.라벨링데이터/2. RTST/RT_ST_04_14550206.json,,,,0,0,0,True
RT_ST_04_14550208,data/raw/steel/01.원천데이터/2. RTST/RT_ST_04_14550208.jpg,data/raw/steel/02.라벨링데이터/2. RTST/RT_ST_04_14550208.json,,,,0,0,0,True
RT_ST_04_14550235,data/raw/steel/01.원천데이터/2. RTST/RT_ST_04_14550235.jpg,data/raw/steel/02.라벨링데이터/2. RTST/RT_ST_04_14550235.json,,,,0,0,0,True
RT_ST_04_14550240,data/raw/steel/01.원천데이터/2. RTST/RT_ST_04_14550240.jpg,data/raw/steel/02.라벨링데이터/2. RTST/RT_ST_04_14550240.json,,,,0,0,0,True
RT_ST_04_14550242,data/raw/steel/01.원천데이터/2. RTST/RT_ST_04_14550242.jpg,data/raw/steel/02.라벨링데이터/2. RTST/RT_ST_04_14550242.json,,,,0,0,0,True
RT_ST_04_14550255,data/raw/steel/01.원천데이터/2. RTST/RT_ST_04_14550255.jpg,data/raw/steel/02.라벨링데이터/2. RTST/RT_ST_04_14550255.json,,,,0,0,0,True
RT_ST_04_14550266,data/raw/steel/01.원천데이터/2. RTST/RT_ST_04_14550266.jpg,data/raw/steel/02.라벨링데이터/2. RTST/RT_ST_04_14550266.json,,,,0,0,0,True
RT_ST_04_14550267,data/raw/steel/01.원천데이터/2. RTST/RT_ST_04_14550267.jpg,data/raw/steel/02.라벨링데이터/2. RTST/RT_ST_04_14550267.json,,,,0,0,0,True
RT_ST_04_14550270,data/raw/steel/01.원천데이터/2. RTST/RT_ST_04_14550270.jpg,data/raw/steel/02.라벨링데이터/2. RTST/RT_ST_04_14550270.json,,,,0,0,0,True
RT_ST_04_14550271,data/raw/steel/01.원천데이터/2. RTST/RT_ST_04_14550271.jpg,data/raw/steel/02.라벨링데이터/2. RTST/RT_ST_04_14550271.json,,,,0,0,0,True
RT_ST_04_14550272,data/raw/steel/01.원천데이터/2. RTST/RT_ST_04_14550272.jpg,data/raw/steel/02.라벨링데이터/2. RTST/RT_ST_04_14550272.json,,,,0,0,0,True
RT_ST_04_14550273,data/raw/steel/01.원천데이터/2. RTST/RT_ST_04_14550273.jpg,data/raw/steel/02.라벨링데이터/2. RTST/RT_ST_04_14550273.json,,,,0,0,0,True
RT_ST_04_14550284,data/raw/steel/01.원천데이터/2. RTST/RT_ST_04_14550284.jpg,data/raw/steel/02.라벨링데이터/2. RTST/RT_ST_04_14550284.json,,,,0,0,0,True
RT_ST_04_14550286,data/raw/steel/01.원천데이터/2. RTST/RT_ST_04_14550286.jpg,data/raw/steel/02.라벨링데이터/2. RTST/RT_ST_04_14550286.json,,,,0,0,0,True
RT_ST_04_14550302,data/raw/steel/01.원천데이터/2. RTST/RT_ST_04_14550302.jpg,data/raw/steel/02.라벨링데이터/2. RTST/RT_ST_04_14550302.json,,,,0,0,0,True
RT_ST_04_14550308,data/raw/steel/01.원천데이터/2. RTST/RT_ST_04_14550308.jpg,data/raw/steel/02.라벨링데이터/2. RTST/RT_ST_04_14550308.json,,,,0,0,0,True
RT_ST_04_14550311,data/raw/steel/01.원천데이터/2. RTST/RT_ST_04_14550311.jpg,data/raw/steel/02.라벨링데이터/2. RTST/RT_ST_04_14550311.json,,,,0,0,0,True
RT_ST_04_14550320,data/raw/steel/01.원천데이터/2. RTST/RT_ST_04_14550320.jpg,data/raw/steel/02.라벨링데이터/2. RTST/RT_ST_04_14550320.json,,,,0,0,0,True
RT_ST_04_14550325,data/raw/steel/01.원천데이터/2. RTST/RT_ST_04_14550325.jpg,data/raw/steel/02.라벨링데이터/2. RTST/RT_ST_04_14550325.json,,,,0,0,0,True
RT_ST_04_14550328,data/raw/steel/01.원천데이터/2. RTST/RT_ST_04_14550328.jpg,data/raw/steel/02.라벨링데이터/2. RTST/RT_ST_04_14550328.json,,,,0,0,0,True
RT_ST_04_14550330,data/raw/steel/01.원천데이터/2. RTST/RT_ST_04_14550330.jpg,data/raw/steel/02.라벨링데이터/2. RTST/RT_ST_04_14550330.json,,,,0,0,0,True
RT_ST_04_14550331,data/raw/steel/01.원천데이터/2. RTST/RT_ST_04_14550331.jpg,data/raw/steel/02.라벨링데이터/2. RTST/RT_ST_04_14550331.json,,,,0,0,0,True
RT_ST_04_14550354,data/raw/steel/01.원천데이터/2. RTST/RT_ST_04_14550354.jpg,data/raw/steel/02.라벨링데이터/2. RTST/RT_ST_04_14550354.json,,,,0,0,0,True
RT_ST_04_14550355,data/raw/steel/01.원천데이터/2. RTST/RT_ST_04_14550355.jpg,data/raw/steel/02.라벨링데이터/2. RTST/RT_ST_04_14550355.json,,,,0,0,0,True
RT_ST_04_14550378,data/raw/steel/01.원천데이터/2. RTST/RT_ST_04_14550378.jpg,data/raw/steel/02.라벨링데이터/2. RTST/RT_ST_04_14550378.json,,,,0,0,0,True
RT_ST_04_14550384,data/raw/steel/01.원천데이터/2. RTST/RT_ST_04_14550384.jpg,data/raw/steel/02.라벨링데이터/2. RTST/RT_ST_04_14550384.json,,,,0,0,0,True
RT_ST_04_14550405,data/raw/steel/01.원천데이터/2. RTST/RT_ST_04_14550405.jpg,data/raw/steel/02.라벨링데이터/2. RTST/RT_ST_04_14550405.json,,,,0,0,0,True
RT_ST_04_14550415,data/raw/steel/01.원천데이터/2. RTST/RT_ST_04_14550415.jpg,data/raw/steel/02.라벨링데이터/2. RTST/RT_ST_04_14550415.json,,,,0,0,0,True
RT_ST_04_14550416,data/raw/steel/01.원천데이터/2. RTST/RT_ST_04_14550416.jpg,data/raw/steel/02.라벨링데이터/2. RTST/RT_ST_04_14550416.json,,,,0,0,0,True
RT_ST_04_14550419,data/raw/steel/01.원천데이터/2. RTST/RT_ST_04_14550419.jpg,data/raw/steel/02.라벨링데이터/2. RTST/RT_ST_04_14550419.json,,,,0,0,0,True
RT_ST_04_14550423,data/raw/steel/01.원천데이터/2. RTST/RT_ST_04_14550423.jpg,data/raw/steel/02.라벨링데이터/2. RTST/RT_ST_04_14550423.json,,,,0,0,0,True
RT_ST_04_14550464,data/raw/steel/01.원천데이터/2. RTST/RT_ST_04_14550464.jpg,data/raw/steel/02.라벨링데이터/2. RTST/RT_ST_04_14550464.json,,,,0,0,0,True
RT_ST_04_14550502,data/raw/steel/01.원천데이터/2. RTST/RT_ST_04_14550502.jpg,data/raw/steel/02.라벨링데이터/2. RTST/RT_ST_04_14550502.json,,,,0,0,0,True
RT_ST_04_14550519,data/raw/steel/01.원천데이터/2. RTST/RT_ST_04_14550519.jpg,data/raw/steel/02.라벨링데이터/2. RTST/RT_ST_04_14550519.json,,,,0,0,0,True
RT_ST_04_14550526,data/raw/steel/01.원천데이터/2. RTST/RT_ST_04_14550526.jpg,data/raw/steel/02.라벨링데이터/2. RTST/RT_ST_04_14550526.json,,,,0,0,0,True
RT_ST_04_14550539,data/raw/steel/01.원천데이터/2. RTST/RT_ST_04_14550539.jpg,data/raw/steel/02.라벨링데이터/2. RTST/RT_ST_04_14550539.json,,,,0,0,0,True
RT_ST_04_14550540,data/raw/steel/01.원천데이터/2. RTST/RT_ST_04_14550540.jpg,data/raw/steel/02.라벨링데이터/2. RTST/RT_ST_04_14550540.json,,,,0,0,0,True
RT_ST_04_14550544,data/raw/steel/01.원천데이터/2. RTST/RT_ST_04_14550544.jpg,data/raw/steel/02.라벨링데이터/2. RTST/RT_ST_04_14550544.json,,,,0,0,0,True
RT_ST_04_14550546,data/raw/steel/01.원천데이터/2. RTST/RT_ST_04_14550546.jpg,data/raw/steel/02.라벨링데이터/2. RTST/RT_ST_04_14550546.json,,,,0,0,0,True
RT_ST_04_14550582,data/raw/steel/01.원천데이터/2. RTST/RT_ST_04_14550582.jpg,data/raw/steel/02.라벨링데이터/2. RTST/RT_ST_04_14550582.json,,,,0,0,0,True
RT_ST_04_14550596,data/raw/steel/01.원천데이터/2. RTST/RT_ST_04_14550596.jpg,data/raw/steel/02.라벨링데이터/2. RTST/RT_ST_04_14550596.json,,,,0,0,0,True
RT_ST_04_14550597,data/raw/steel/01.원천데이터/2. RTST/RT_ST_04_14550597.jpg,data/raw/steel/02.라벨링데이터/2. RTST/RT_ST_04_14550597.json,,,,0,0,0,True
RT_ST_04_14550626,data/raw/steel/01.원천데이터/2. RTST/RT_ST_04_14550626.jpg,data/raw/steel/02.라벨링데이터/2. RTST/RT_ST_04_14550626.json,,,,0,0,0,True
RT_ST_04_14550658,data/raw/steel/01.원천데이터/2. RTST/RT_ST_04_14550658.jpg,data/raw/steel/02.라벨링데이터/2. RTST/RT_ST_04_14550658.json,,,,0,0,0,True
RT_ST_04_14550666,data/raw/steel/01.원천데이터/2. RTST/RT_ST_04_14550666.jpg,data/raw/steel/02.라벨링데이터/2. RTST/RT_ST_04_14550666.json,,,,0,0,0,True
RT_ST_04_14550674,data/raw/steel/01.원천데이터/2. RTST/RT_ST_04_14550674.jpg,data/raw/steel/02.라벨링데이터/2. RTST/RT_ST_04_14550674.json,,,,0,0,0,True
RT_ST_04_14550676,data/raw/steel/01.원천데이터/2. RTST/RT_ST_04_14550676.jpg,data/raw/steel/02.라벨링데이터/2. RTST/RT_ST_04_14550676.json,,,,0,0,0,True
RT_ST_04_14550685,data/raw/steel/01.원천데이터/2. RTST/RT_ST_04_14550685.jpg,data/raw/steel/02.라벨링데이터/2. RTST/RT_ST_04_14550685.json,,,,0,0,0,True
RT_ST_04_14550705,data/raw/steel/01.원천데이터/2. RTST/RT_ST_04_14550705.jpg,data/raw/steel/02.라벨링데이터/2. RTST/RT_ST_04_14550705.json,,,,0,0,0,True
RT_ST_04_14550720,data/raw/steel/01.원천데이터/2. RTST/RT_ST_04_14550720.jpg,data/raw/steel/02.라벨링데이터/2. RTST/RT_ST_04_14550720.json,,,,0,0,0,True
RT_ST_04_14550725,data/raw/steel/01.원천데이터/2. RTST/RT_ST_04_14550725.jpg,data/raw/steel/02.라벨링데이터/2. RTST/RT_ST_04_14550725.json,,,,0,0,0,True
RT_ST_04_14550730,data/raw/steel/01.원천데이터/2. RTST/RT_ST_04_14550730.jpg,data/raw/steel/02.라벨링데이터/2. RTST/RT_ST_04_14550730.json,,,,0,0,0,True
RT_ST_04_14550744,data/raw/steel/01.원천데이터/2. RTST/RT_ST_04_14550744.jpg,data/raw/steel/02.라벨링데이터/2. RTST/RT_ST_04_14550744.json,,,,0,0,0,True
RT_ST_04_14550752,data/raw/steel/01.원천데이터/2. RTST/RT_ST_04_14550752.jpg,data/raw/steel/02.라벨링데이터/2. RTST/RT_ST_04_14550752.json,,,,0,0,0,True
RT_ST_04_14550762,data/raw/steel/01.원천데이터/2. RTST/RT_ST_04_14550762.jpg,data/raw/steel/02.라벨링데이터/2. RTST/RT_ST_04_14550762.json,,,,0,0,0,True
RT_ST_04_14550763,data/raw/steel/01.원천데이터/2. RTST/RT_ST_04_14550763.jpg,data/raw/steel/02.라벨링데이터/2. RTST/RT_ST_04_14550763.json,,,,0,0,0,True
RT_ST_04_14550770,data/raw/steel/01.원천데이터/2. RTST/RT_ST_04_14550770.jpg,data/raw/steel/02.라벨링데이터/2. RTST/RT_ST_04_14550770.json,,,,0,0,0,True
RT_ST_04_14550781,data/raw/steel/01.원천데이터/2. RTST/RT_ST_04_14550781.jpg,data/raw/steel/02.라벨링데이터/2. RTST/RT_ST_04_14550781.json,,,,0,0,0,True
RT_ST_04_14550806,data/raw/steel/01.원천데이터/2. RTST/RT_ST_04_14550806.jpg,data/raw/steel/02.라벨링데이터/2. RTST/RT_ST_04_14550806.json,,,,0,0,0,True
RT_ST_04_14550811,data/raw/steel/01.원천데이터/2. RTST/RT_ST_04_14550811.jpg,data/raw/steel/02.라벨링데이터/2. RTST/RT_ST_04_14550811.json,,,,0,0,0,True
RT_ST_04_14550821,data/raw/steel/01.원천데이터/2. RTST/RT_ST_04_14550821.jpg,data/raw/steel/02.라벨링데이터/2. RTST/RT_ST_04_14550821.json,,,,0,0,0,True
RT_ST_04_14550826,data/raw/steel/01.원천데이터/2. RTST/RT_ST_04_14550826.jpg,data/raw/steel/02.라벨링데이터/2. RTST/RT_ST_04_14550826.json,,,,0,0,0,True
RT_ST_04_14550828,data/raw/steel/01.원천데이터/2. RTST/RT_ST_04_14550828.jpg,data/raw/steel/02.라벨링데이터/2. RTST/RT_ST_04_14550828.json,,,,0,0,0,True
RT_ST_04_14550831,data/raw/steel/01.원천데이터/2. RTST/RT_ST_04_14550831.jpg,data/raw/steel/02.라벨링데이터/2. RTST/RT_ST_04_14550831.json,,,,0,0,0,True
RT_ST_04_14550832,data/raw/steel/01.원천데이터/2. RTST/RT_ST_04_14550832.jpg,data/raw/steel/02.라벨링데이터/2. RTST/RT_ST_04_14550832.json,,,,0,0,0,True
RT_ST_04_14550847,data/raw/steel/01.원천데이터/2. RTST/RT_ST_04_14550847.jpg,data/raw/steel/02.라벨링데이터/2. RTST/RT_ST_04_14550847.json,,,,0,0,0,True
RT_ST_04_14550848,data/raw/steel/01.원천데이터/2. RTST/RT_ST_04_14550848.jpg,data/raw/steel/02.라벨링데이터/2. RTST/RT_ST_04_14550848.json,,,,0,0,0,True
RT_ST_04_14550852,data/raw/steel/01.원천데이터/2. RTST/RT_ST_04_14550852.jpg,data/raw/steel/02.라벨링데이터/2. RTST/RT_ST_04_14550852.json,,,,0,0,0,True
RT_ST_04_14550854,data/raw/steel/01.원천데이터/2. RTST/RT_ST_04_14550854.jpg,data/raw/steel/02.라벨링데이터/2. RTST/RT_ST_04_14550854.json,,,,0,0,0,True
RT_ST_04_14550893,data/raw/steel/01.원천데이터/2. RTST/RT_ST_04_14550893.jpg,data/raw/steel/02.라벨링데이터/2. RTST/RT_ST_04_14550893.json,,,,0,0,0,True
RT_ST_04_14550894,data/raw/steel/01.원천데이터/2. RTST/RT_ST_04_14550894.jpg,data/raw/steel/02.라벨링데이터/2. RTST/RT_ST_04_14550894.json,,,,0,0,0,True
RT_ST_04_14550901,data/raw/steel/01.원천데이터/2. RTST/RT_ST_04_14550901.jpg,data/raw/steel/02.라벨링데이터/2. RTST/RT_ST_04_14550901.json,,,,0,0,0,True
RT_ST_04_14550905,data/raw/steel/01.원천데이터/2. RTST/RT_ST_04_14550905.jpg,data/raw/steel/02.라벨링데이터/2. RTST/RT_ST_04_14550905.json,,,,0,0,0,True
RT_ST_04_14550910,data/raw/steel/01.원천데이터/2. RTST/RT_ST_04_14550910.jpg,data/raw/steel/02.라벨링데이터/2. RTST/RT_ST_04_14550910.json,,,,0,0,0,True
RT_ST_04_14550917,data/raw/steel/01.원천데이터/2. RTST/RT_ST_04_14550917.jpg,data/raw/steel/02.라벨링데이터/2. RTST/RT_ST_04_14550917.json,,,,0,0,0,True
RT_ST_04_14550919,data/raw/steel/01.원천데이터/2. RTST/RT_ST_04_14550919.jpg,data/raw/steel/02.라벨링데이터/2. RTST/RT_ST_04_14550919.json,,,,0,0,0,True
RT_ST_04_14550920,data/raw/steel/01.원천데이터/2. RTST/RT_ST_04_14550920.jpg,data/raw/steel/02.라벨링데이터/2. RTST/RT_ST_04_14550920.json,,,,0,0,0,True
RT_ST_04_14550921,data/raw/steel/01.원천데이터/2. RTST/RT_ST_04_14550921.jpg,data/raw/steel/02.라벨링데이터/2. RTST/RT_ST_04_14550921.json,,,,0,0,0,True
RT_ST_04_14550922,data/raw/steel/01.원천데이터/2. RTST/RT_ST_04_14550922.jpg,data/raw/steel/02.라벨링데이터/2. RTST/RT_ST_04_14550922.json,,,,0,0,0,True
RT_ST_04_14550926,data/raw/steel/01.원천데이터/2. RTST/RT_ST_04_14550926.jpg,data/raw/steel/02.라벨링데이터/2. RTST/RT_ST_04_14550926.json,,,,0,0,0,True
RT_ST_04_14550929,data/raw/steel/01.원천데이터/2. RTST/RT_ST_04_14550929.jpg,data/raw/steel/02.라벨링데이터/2. RTST/RT_ST_04_14550929.json,,,,0,0,0,True
RT_ST_04_14550938,data/raw/steel/01.원천데이터/2. RTST/RT_ST_04_14550938.jpg,data/raw/steel/02.라벨링데이터/2. RTST/RT_ST_04_14550938.json,,,,0,0,0,True
RT_ST_04_14550955,data/raw/steel/01.원천데이터/2. RTST/RT_ST_04_14550955.jpg,data/raw/steel/02.라벨링데이터/2. RTST/RT_ST_04_14550955.json,,,,0,0,0,True
RT_ST_04_14550957,data/raw/steel/01.원천데이터/2. RTST/RT_ST_04_14550957.jpg,data/raw/steel/02.라벨링데이터/2. RTST/RT_ST_04_14550957.json,,,,0,0,0,True
RT_ST_04_14550967,data/raw/steel/01.원천데이터/2. RTST/RT_ST_04_14550967.jpg,data/raw/steel/02.라벨링데이터/2. RTST/RT_ST_04_14550967.json,,,,0,0,0,True
RT_ST_04_14550971,data/raw/steel/01.원천데이터/2. RTST/RT_ST_04_14550971.jpg,data/raw/steel/02.라벨링데이터/2. RTST/RT_ST_04_14550971.json,,,,0,0,0,True
RT_ST_04_14550973,data/raw/steel/01.원천데이터/2. RTST/RT_ST_04_14550973.jpg,data/raw/steel/02.라벨링데이터/2. RTST/RT_ST_04_14550973.json,,,,0,0,0,True
RT_ST_04_14550980,data/raw/steel/01.원천데이터/2. RTST/RT_ST_04_14550980.jpg,data/raw/steel/02.라벨링데이터/2. RTST/RT_ST_04_14550980.json,,,,0,0,0,True
RT_ST_05_14519808,data/raw/steel/01.원천데이터/2. RTST/RT_ST_05_14519808.jpg,data/raw/steel/02.라벨링데이터/2. RTST/RT_ST_05_14519808.json,,,,0,0,0,True
RT_ST_05_14521801,data/raw/steel/01.원천데이터/2. RTST/RT_ST_05_14521801.jpg,data/raw/steel/02.라벨링데이터/2. RTST/RT_ST_05_14521801.json,,,,0,0,0,True
RT_ST_05_14533277,data/raw/steel/01.원천데이터/2. RTST/RT_ST_05_14533277.jpg,data/raw/steel/02.라벨링데이터/2. RTST/RT_ST_05_14533277.json,,,,0,0,0,True
RT_ST_05_14533827,data/raw/steel/01.원천데이터/2. RTST/RT_ST_05_14533827.jpg,data/raw/steel/02.라벨링데이터/2. RTST/RT_ST_05_14533827.json,,,,0,0,0,True
RT_ST_05_14552304,data/raw/steel/01.원천데이터/2. RTST/RT_ST_05_14552304.jpg,data/raw/steel/02.라벨링데이터/2. RTST/RT_ST_05_14552304.json,,,,0,0,0,True
RT_ST_05_14552314,data/raw/steel/01.원천데이터/2. RTST/RT_ST_05_14552314.jpg,data/raw/steel/02.라벨링데이터/2. RTST/RT_ST_05_14552314.json,,,,0,0,0,True
RT_ST_05_14552315,data/raw/steel/01.원천데이터/2. RTST/RT_ST_05_14552315.jpg,data/raw/steel/02.라벨링데이터/2. RTST/RT_ST_05_14552315.json,,,,0,0,0,True
RT_ST_05_14552320,data/raw/steel/01.원천데이터/2. RTST/RT_ST_05_14552320.jpg,data/raw/steel/02.라벨링데이터/2. RTST/RT_ST_05_14552320.json,,,,0,0,0,True
RT_ST_05_14552329,data/raw/steel/01.원천데이터/2. RTST/RT_ST_05_14552329.jpg,data/raw/steel/02.라벨링데이터/2. RTST/RT_ST_05_14552329.json,,,,0,0,0,True
RT_ST_05_14552355,data/raw/steel/01.원천데이터/2. RTST/RT_ST_05_14552355.jpg,data/raw/steel/02.라벨링데이터/2. RTST/RT_ST_05_14552355.json,,,,0,0,0,True
RT_ST_05_14552363,data/raw/steel/01.원천데이터/2. RTST/RT_ST_05_14552363.jpg,data/raw/steel/02.라벨링데이터/2. RTST/RT_ST_05_14552363.json,,,,0,0,0,True
RT_ST_05_14552371,data/raw/steel/01.원천데이터/2. RTST/RT_ST_05_14552371.jpg,data/raw/steel/02.라벨링데이터/2. RTST/RT_ST_05_14552371.json,,,,0,0,0,True
RT_ST_05_14552385,data/raw/steel/01.원천데이터/2. RTST/RT_ST_05_14552385.jpg,data/raw/steel/02.라벨링데이터/2. RTST/RT_ST_05_14552385.json,,,,0,0,0,True
RT_ST_05_14552395,data/raw/steel/01.원천데이터/2. RTST/RT_ST_05_14552395.jpg,data/raw/steel/02.라벨링데이터/2. RTST/RT_ST_05_14552395.json,,,,0,0,0,True
RT_ST_05_14552406,data/raw/steel/01.원천데이터/2. RTST/RT_ST_05_14552406.jpg,data/raw/steel/02.라벨링데이터/2. RTST/RT_ST_05_14552406.json,,,,0,0,0,True
RT_ST_05_14552407,data/raw/steel/01.원천데이터/2. RTST/RT_ST_05_14552407.jpg,data/raw/steel/02.라벨링데이터/2. RTST/RT_ST_05_14552407.json,,,,0,0,0,True
RT_ST_05_14552408,data/raw/steel/01.원천데이터/2. RTST/RT_ST_05_14552408.jpg,data/raw/steel/02.라벨링데이터/2. RTST/RT_ST_05_14552408.json,,,,0,0,0,True
RT_ST_05_14552451,data/raw/steel/01.원천데이터/2. RTST/RT_ST_05_14552451.jpg,data/raw/steel/02.라벨링데이터/2. RTST/RT_ST_05_14552451.json,,,,0,0,0,True
RT_ST_05_14552475,data/raw/steel/01.원천데이터/2. RTST/RT_ST_05_14552475.jpg,data/raw/steel/02.라벨링데이터/2. RTST/RT_ST_05_14552475.json,,,,0,0,0,True
RT_ST_05_14552518,data/raw/steel/01.원천데이터/2. RTST/RT_ST_05_14552518.jpg,data/raw/steel/02.라벨링데이터/2. RTST/RT_ST_05_14552518.json,,,,0,0,0,True
RT_ST_05_14552528,data/raw/steel/01.원천데이터/2. RTST/RT_ST_05_14552528.jpg,data/raw/steel/02.라벨링데이터/2. RTST/RT_ST_05_14552528.json,,,,0,0,0,True
RT_ST_05_14552530,data/raw/steel/01.원천데이터/2. RTST/RT_ST_05_14552530.jpg,data/raw/steel/02.라벨링데이터/2. RTST/RT_ST_05_14552530.json,,,,0,0,0,True
RT_ST_05_14552531,data/raw/steel/01.원천데이터/2. RTST/RT_ST_05_14552531.jpg,data/raw/steel/02.라벨링데이터/2. RTST/RT_ST_05_14552531.json,,,,0,0,0,True
RT_ST_05_14552544,data/raw/steel/01.원천데이터/2. RTST/RT_ST_05_14552544.jpg,data/raw/steel/02.라벨링데이터/2. RTST/RT_ST_05_14552544.json,,,,0,0,0,True
RT_ST_05_14552553,data/raw/steel/01.원천데이터/2. RTST/RT_ST_05_14552553.jpg,data/raw/steel/02.라벨링데이터/2. RTST/RT_ST_05_14552553.json,,,,0,0,0,True
RT_ST_05_14552557,data/raw/steel/01.원천데이터/2. RTST/RT_ST_05_14552557.jpg,data/raw/steel/02.라벨링데이터/2. RTST/RT_ST_05_14552557.json,,,,0,0,0,True
RT_ST_05_14552571,data/raw/steel/01.원천데이터/2. RTST/RT_ST_05_14552571.jpg,data/raw/steel/02.라벨링데이터/2. RTST/RT_ST_05_14552571.json,,,,0,0,0,True
RT_ST_05_14552588,data/raw/steel/01.원천데이터/2. RTST/RT_ST_05_14552588.jpg,data/raw/steel/02.라벨링데이터/2. RTST/RT_ST_05_14552588.json,,,,0,0,0,True
RT_ST_05_14552596,data/raw/steel/01.원천데이터/2. RTST/RT_ST_05_14552596.jpg,data/raw/steel/02.라벨링데이터/2. RTST/RT_ST_05_14552596.json,,,,0,0,0,True
RT_ST_05_14552619,data/raw/steel/01.원천데이터/2. RTST/RT_ST_05_14552619.jpg,data/raw/steel/02.라벨링데이터/2. RTST/RT_ST_05_14552619.json,,,,0,0,0,True
RT_ST_05_14552622,data/raw/steel/01.원천데이터/2. RTST/RT_ST_05_14552622.jpg,data/raw/steel/02.라벨링데이터/2. RTST/RT_ST_05_14552622.json,,,,0,0,0,True
RT_ST_05_14552636,data/raw/steel/01.원천데이터/2. RTST/RT_ST_05_14552636.jpg,data/raw/steel/02.라벨링데이터/2. RTST/RT_ST_05_14552636.json,,,,0,0,0,True
RT_ST_05_14552640,data/raw/steel/01.원천데이터/2. RTST/RT_ST_05_14552640.jpg,data/raw/steel/02.라벨링데이터/2. RTST/RT_ST_05_14552640.json,,,,0,0,0,True
RT_ST_05_14552665,data/raw/steel/01.원천데이터/2. RTST/RT_ST_05_14552665.jpg,data/raw/steel/02.라벨링데이터/2. RTST/RT_ST_05_14552665.json,,,,0,0,0,True
RT_ST_05_14552670,data/raw/steel/01.원천데이터/2. RTST/RT_ST_05_14552670.jpg,data/raw/steel/02.라벨링데이터/2. RTST/RT_ST_05_14552670.json,,,,0,0,0,True
RT_ST_05_14552701,data/raw/steel/01.원천데이터/2. RTST/RT_ST_05_14552701.jpg,data/raw/steel/02.라벨링데이터/2. RTST/RT_ST_05_14552701.json,,,,0,0,0,True
RT_ST_05_14552705,data/raw/steel/01.원천데이터/2. RTST/RT_ST_05_14552705.jpg,data/raw/steel/02.라벨링데이터/2. RTST/RT_ST_05_14552705.json,,,,0,0,0,True
RT_ST_05_14552717,data/raw/steel/01.원천데이터/2. RTST/RT_ST_05_14552717.jpg,data/raw/steel/02.라벨링데이터/2. RTST/RT_ST_05_14552717.json,,,,0,0,0,True
RT_ST_05_14552748,data/raw/steel/01.원천데이터/2. RTST/RT_ST_05_14552748.jpg,data/raw/steel/02.라벨링데이터/2. RTST/RT_ST_05_14552748.json,,,,0,0,0,True
RT_ST_05_14552755,data/raw/steel/01.원천데이터/2. RTST/RT_ST_05_14552755.jpg,data/raw/steel/02.라벨링데이터/2. RTST/RT_ST_05_14552755.json,,,,0,0,0,True
RT_ST_05_14552771,data/raw/steel/01.원천데이터/2. RTST/RT_ST_05_14552771.jpg,data/raw/steel/02.라벨링데이터/2. RTST/RT_ST_05_14552771.json,,,,0,0,0,True
RT_ST_05_14552772,data/raw/steel/01.원천데이터/2. RTST/RT_ST_05_14552772.jpg,data/raw/steel/02.라벨링데이터/2. RTST/RT_ST_05_14552772.json,,,,0,0,0,True
RT_ST_05_14552775,data/raw/steel/01.원천데이터/2. RTST/RT_ST_05_14552775.jpg,data/raw/steel/02.라벨링데이터/2. RTST/RT_ST_05_14552775.json,,,,0,0,0,True
RT_ST_05_14552777,data/raw/steel/01.원천데이터/2. RTST/RT_ST_05_14552777.jpg,data/raw/steel/02.라벨링데이터/2. RTST/RT_ST_05_14552777.json,,,,0,0,0,True
RT_ST_05_14552786,data/raw/steel/01.원천데이터/2. RTST/RT_ST_05_14552786.jpg,data/raw/steel/02.라벨링데이터/2. RTST/RT_ST_05_14552786.json,,,,0,0,0,True
RT_ST_05_14552787,data/raw/steel/01.원천데이터/2. RTST/RT_ST_05_14552787.jpg,data/raw/steel/02.라벨링데이터/2. RTST/RT_ST_05_14552787.json,,,,0,0,0,True
RT_ST_05_14552792,data/raw/steel/01.원천데이터/2. RTST/RT_ST_05_14552792.jpg,data/raw/steel/02.라벨링데이터/2. RTST/RT_ST_05_14552792.json,,,,0,0,0,True
RT_ST_05_14552796,data/raw/steel/01.원천데이터/2. RTST/RT_ST_05_14552796.jpg,data/raw/steel/02.라벨링데이터/2. RTST/RT_ST_05_14552796.json,,,,0,0,0,True
RT_ST_05_14552798,data/raw/steel/01.원천데이터/2. RTST/RT_ST_05_14552798.jpg,data/raw/steel/02.라벨링데이터/2. RTST/RT_ST_05_14552798.json,,,,0,0,0,True
RT_ST_05_14552813,data/raw/steel/01.원천데이터/2. RTST/RT_ST_05_14552813.jpg,data/raw/steel/02.라벨링데이터/2. RTST/RT_ST_05_14552813.json,,,,0,0,0,True
RT_ST_05_14552815,data/raw/steel/01.원천데이터/2. RTST/RT_ST_05_14552815.jpg,data/raw/steel/02.라벨링데이터/2. RTST/RT_ST_05_14552815.json,,,,0,0,0,True
RT_ST_05_14552832,data/raw/steel/01.원천데이터/2. RTST/RT_ST_05_14552832.jpg,data/raw/steel/02.라벨링데이터/2. RTST/RT_ST_05_14552832.json,,,,0,0,0,True
RT_ST_05_14552854,data/raw/steel/01.원천데이터/2. RTST/RT_ST_05_14552854.jpg,data/raw/steel/02.라벨링데이터/2. RTST/RT_ST_05_14552854.json,,,,0,0,0,True
RT_ST_05_14552862,data/raw/steel/01.원천데이터/2. RTST/RT_ST_05_14552862.jpg,data/raw/steel/02.라벨링데이터/2. RTST/RT_ST_05_14552862.json,,,,0,0,0,True
RT_ST_05_14552881,data/raw/steel/01.원천데이터/2. RTST/RT_ST_05_14552881.jpg,data/raw/steel/02.라벨링데이터/2. RTST/RT_ST_05_14552881.json,,,,0,0,0,True
RT_ST_05_14552882,data/raw/steel/01.원천데이터/2. RTST/RT_ST_05_14552882.jpg,data/raw/steel/02.라벨링데이터/2. RTST/RT_ST_05_14552882.json,,,,0,0,0,True
RT_ST_05_14552912,data/raw/steel/01.원천데이터/2. RTST/RT_ST_05_14552912.jpg,data/raw/steel/02.라벨링데이터/2. RTST/RT_ST_05_14552912.json,,,,0,0,0,True
RT_ST_05_14552919,data/raw/steel/01.원천데이터/2. RTST/RT_ST_05_14552919.jpg,data/raw/steel/02.라벨링데이터/2. RTST/RT_ST_05_14552919.json,,,,0,0,0,True
RT_ST_05_14552953,data/raw/steel/01.원천데이터/2. RTST/RT_ST_05_14552953.jpg,data/raw/steel/02.라벨링데이터/2. RTST/RT_ST_05_14552953.json,,,,0,0,0,True
RT_ST_05_14552955,data/raw/steel/01.원천데이터/2. RTST/RT_ST_05_14552955.jpg,data/raw/steel/02.라벨링데이터/2. RTST/RT_ST_05_14552955.json,,,,0,0,0,True
RT_ST_05_14552959,data/raw/steel/01.원천데이터/2. RTST/RT_ST_05_14552959.jpg,data/raw/steel/02.라벨링데이터/2. RTST/RT_ST_05_14552959.json,,,,0,0,0,True
RT_ST_05_14552989,data/raw/steel/01.원천데이터/2. RTST/RT_ST_05_14552989.jpg,data/raw/steel/02.라벨링데이터/2. RTST/RT_ST_05_14552989.json,,,,0,0,0,True
RT_ST_05_14552995,data/raw/steel/01.원천데이터/2. RTST/RT_ST_05_14552995.jpg,data/raw/steel/02.라벨링데이터/2. RTST/RT_ST_05_14552995.json,,,,0,0,0,True
RT_ST_05_14553000,data/raw/steel/01.원천데이터/2. RTST/RT_ST_05_14553000.jpg,data/raw/steel/02.라벨링데이터/2. RTST/RT_ST_05_14553000.json,,,,0,0,0,True
RT_ST_05_14553012,data/raw/steel/01.원천데이터/2. RTST/RT_ST_05_14553012.jpg,data/raw/steel/02.라벨링데이터/2. RTST/RT_ST_05_14553012.json,,,,0,0,0,True
RT_ST_05_14553018,data/raw/steel/01.원천데이터/2. RTST/RT_ST_05_14553018.jpg,data/raw/steel/02.라벨링데이터/2. RTST/RT_ST_05_14553018.json,,,,0,0,0,True
RT_ST_05_14553029,data/raw/steel/01.원천데이터/2. RTST/RT_ST_05_14553029.jpg,data/raw/steel/02.라벨링데이터/2. RTST/RT_ST_05_14553029.json,,,,0,0,0,True
RT_ST_05_14553043,data/raw/steel/01.원천데이터/2. RTST/RT_ST_05_14553043.jpg,data/raw/steel/02.라벨링데이터/2. RTST/RT_ST_05_14553043.json,,,,0,0,0,True
RT_ST_05_14553053,data/raw/steel/01.원천데이터/2. RTST/RT_ST_05_14553053.jpg,data/raw/steel/02.라벨링데이터/2. RTST/RT_ST_05_14553053.json,,,,0,0,0,True
RT_ST_05_14553061,data/raw/steel/01.원천데이터/2. RTST/RT_ST_05_14553061.jpg,data/raw/steel/02.라벨링데이터/2. RTST/RT_ST_05_14553061.json,,,,0,0,0,True
RT_ST_05_14553072,data/raw/steel/01.원천데이터/2. RTST/RT_ST_05_14553072.jpg,data/raw/steel/02.라벨링데이터/2. RTST/RT_ST_05_14553072.json,,,,0,0,0,True
RT_ST_05_14553080,data/raw/steel/01.원천데이터/2. RTST/RT_ST_05_14553080.jpg,data/raw/steel/02.라벨링데이터/2. RTST/RT_ST_05_14553080.json,,,,0,0,0,True
RT_ST_05_14553082,data/raw/steel/01.원천데이터/2. RTST/RT_ST_05_14553082.jpg,data/raw/steel/02.라벨링데이터/2. RTST/RT_ST_05_14553082.json,,,,0,0,0,True
RT_ST_05_14553092,data/raw/steel/01.원천데이터/2. RTST/RT_ST_05_14553092.jpg,data/raw/steel/02.라벨링데이터/2. RTST/RT_ST_05_14553092.json,,,,0,0,0,True
RT_ST_05_14553097,data/raw/steel/01.원천데이터/2. RTST/RT_ST_05_14553097.jpg,data/raw/steel/02.라벨링데이터/2. RTST/RT_ST_05_14553097.json,,,,0,0,0,True
RT_ST_05_14553100,data/raw/steel/01.원천데이터/2. RTST/RT_ST_05_14553100.jpg,data/raw/steel/02.라벨링데이터/2. RTST/RT_ST_05_14553100.json,,,,0,0,0,True
RT_ST_05_14553116,data/raw/steel/01.원천데이터/2. RTST/RT_ST_05_14553116.jpg,data/raw/steel/02.라벨링데이터/2. RTST/RT_ST_05_14553116.json,,,,0,0,0,True
RT_ST_05_14553131,data/raw/steel/01.원천데이터/2. RTST/RT_ST_05_14553131.jpg,data/raw/steel/02.라벨링데이터/2. RTST/RT_ST_05_14553131.json,,,,0,0,0,True
RT_ST_05_14553134,data/raw/steel/01.원천데이터/2. RTST/RT_ST_05_14553134.jpg,data/raw/steel/02.라벨링데이터/2. RTST/RT_ST_05_14553134.json,,,,0,0,0,True
RT_ST_05_14553138,data/raw/steel/01.원천데이터/2. RTST/RT_ST_05_14553138.jpg,data/raw/steel/02.라벨링데이터/2. RTST/RT_ST_05_14553138.json,,,,0,0,0,True
RT_ST_05_14553144,data/raw/steel/01.원천데이터/2. RTST/RT_ST_05_14553144.jpg,data/raw/steel/02.라벨링데이터/2. RTST/RT_ST_05_14553144.json,,,possible_self_intersection,0,0,1,True
RT_ST_05_14553155,data/raw/steel/01.원천데이터/2. RTST/RT_ST_05_14553155.jpg,data/raw/steel/02.라벨링데이터/2. RTST/RT_ST_05_14553155.json,,,,0,0,0,True
RT_ST_05_14553167,data/raw/steel/01.원천데이터/2. RTST/RT_ST_05_14553167.jpg,data/raw/steel/02.라벨링데이터/2. RTST/RT_ST_05_14553167.json,,,,0,0,0,True
RT_ST_05_14553196,data/raw/steel/01.원천데이터/2. RTST/RT_ST_05_14553196.jpg,data/raw/steel/02.라벨링데이터/2. RTST/RT_ST_05_14553196.json,,,,0,0,0,True
RT_ST_05_14553198,data/raw/steel/01.원천데이터/2. RTST/RT_ST_05_14553198.jpg,data/raw/steel/02.라벨링데이터/2. RTST/RT_ST_05_14553198.json,,,,0,0,0,True
RT_ST_05_14553207,data/raw/steel/01.원천데이터/2. RTST/RT_ST_05_14553207.jpg,data/raw/steel/02.라벨링데이터/2. RTST/RT_ST_05_14553207.json,,,,0,0,0,True
RT_ST_05_14553212,data/raw/steel/01.원천데이터/2. RTST/RT_ST_05_14553212.jpg,data/raw/steel/02.라벨링데이터/2. RTST/RT_ST_05_14553212.json,,,,0,0,0,True
RT_ST_05_14553226,data/raw/steel/01.원천데이터/2. RTST/RT_ST_05_14553226.jpg,data/raw/steel/02.라벨링데이터/2. RTST/RT_ST_05_14553226.json,,,,0,0,0,True
RT_ST_05_14553227,data/raw/steel/01.원천데이터/2. RTST/RT_ST_05_14553227.jpg,data/raw/steel/02.라벨링데이터/2. RTST/RT_ST_05_14553227.json,,,,0,0,0,True
RT_ST_05_14553235,data/raw/steel/01.원천데이터/2. RTST/RT_ST_05_14553235.jpg,data/raw/steel/02.라벨링데이터/2. RTST/RT_ST_05_14553235.json,,,,0,0,0,True
RT_ST_05_14553243,data/raw/steel/01.원천데이터/2. RTST/RT_ST_05_14553243.jpg,data/raw/steel/02.라벨링데이터/2. RTST/RT_ST_05_14553243.json,,,,0,0,0,True
RT_ST_05_14553244,data/raw/steel/01.원천데이터/2. RTST/RT_ST_05_14553244.jpg,data/raw/steel/02.라벨링데이터/2. RTST/RT_ST_05_14553244.json,,,,0,0,0,True
RT_ST_05_14553256,data/raw/steel/01.원천데이터/2. RTST/RT_ST_05_14553256.jpg,data/raw/steel/02.라벨링데이터/2. RTST/RT_ST_05_14553256.json,,,,0,0,0,True
RT_ST_05_14553258,data/raw/steel/01.원천데이터/2. RTST/RT_ST_05_14553258.jpg,data/raw/steel/02.라벨링데이터/2. RTST/RT_ST_05_14553258.json,,,,0,0,0,True
RT_ST_05_14553272,data/raw/steel/01.원천데이터/2. RTST/RT_ST_05_14553272.jpg,data/raw/steel/02.라벨링데이터/2. RTST/RT_ST_05_14553272.json,,,,0,0,0,True
RT_ST_05_14553285,data/raw/steel/01.원천데이터/2. RTST/RT_ST_05_14553285.jpg,data/raw/steel/02.라벨링데이터/2. RTST/RT_ST_05_14553285.json,,,,0,0,0,True
RT_ST_05_14553293,data/raw/steel/01.원천데이터/2. RTST/RT_ST_05_14553293.jpg,data/raw/steel/02.라벨링데이터/2. RTST/RT_ST_05_14553293.json,,,,0,0,0,True
RT_ST_05_14553303,data/raw/steel/01.원천데이터/2. RTST/RT_ST_05_14553303.jpg,data/raw/steel/02.라벨링데이터/2. RTST/RT_ST_05_14553303.json,,,,0,0,0,True
RT_ST_05_14553306,data/raw/steel/01.원천데이터/2. RTST/RT_ST_05_14553306.jpg,data/raw/steel/02.라벨링데이터/2. RTST/RT_ST_05_14553306.json,,,,0,0,0,True
RT_ST_05_14553321,data/raw/steel/01.원천데이터/2. RTST/RT_ST_05_14553321.jpg,data/raw/steel/02.라벨링데이터/2. RTST/RT_ST_05_14553321.json,,,,0,0,0,True
RT_ST_05_14553327,data/raw/steel/01.원천데이터/2. RTST/RT_ST_05_14553327.jpg,data/raw/steel/02.라벨링데이터/2. RTST/RT_ST_05_14553327.json,,,,0,0,0,True
RT_ST_05_14553328,data/raw/steel/01.원천데이터/2. RTST/RT_ST_05_14553328.jpg,data/raw/steel/02.라벨링데이터/2. RTST/RT_ST_05_14553328.json,,,,0,0,0,True
RT_ST_05_14553331,data/raw/steel/01.원천데이터/2. RTST/RT_ST_05_14553331.jpg,data/raw/steel/02.라벨링데이터/2. RTST/RT_ST_05_14553331.json,,,,0,0,0,True
RT_ST_05_14553333,data/raw/steel/01.원천데이터/2. RTST/RT_ST_05_14553333.jpg,data/raw/steel/02.라벨링데이터/2. RTST/RT_ST_05_14553333.json,,,,0,0,0,True
RT_ST_05_14553337,data/raw/steel/01.원천데이터/2. RTST/RT_ST_05_14553337.jpg,data/raw/steel/02.라벨링데이터/2. RTST/RT_ST_05_14553337.json,,,,0,0,0,True
RT_ST_05_14553341,data/raw/steel/01.원천데이터/2. RTST/RT_ST_05_14553341.jpg,data/raw/steel/02.라벨링데이터/2. RTST/RT_ST_05_14553341.json,,,,0,0,0,True
VT_ST_00_14561915,data/raw/steel/01.원천데이터/3. VTST/VT_ST_00_14561915.jpg,data/raw/steel/02.라벨링데이터/3. VTST/VT_ST_00_14561915.json,,,,0,0,0,True
VT_ST_00_14561933,data/raw/steel/01.원천데이터/3. VTST/VT_ST_00_14561933.jpg,data/raw/steel/02.라벨링데이터/3. VTST/VT_ST_00_14561933.json,,,,0,0,0,True
VT_ST_00_14561942,data/raw/steel/01.원천데이터/3. VTST/VT_ST_00_14561942.jpg,data/raw/steel/02.라벨링데이터/3. VTST/VT_ST_00_14561942.json,,,,0,0,0,True
VT_ST_00_14561947,data/raw/steel/01.원천데이터/3. VTST/VT_ST_00_14561947.jpg,data/raw/steel/02.라벨링데이터/3. VTST/VT_ST_00_14561947.json,,,,0,0,0,True
VT_ST_00_14561968,data/raw/steel/01.원천데이터/3. VTST/VT_ST_00_14561968.jpg,data/raw/steel/02.라벨링데이터/3. VTST/VT_ST_00_14561968.json,,,,0,0,0,True
VT_ST_00_14561969,data/raw/steel/01.원천데이터/3. VTST/VT_ST_00_14561969.jpg,data/raw/steel/02.라벨링데이터/3. VTST/VT_ST_00_14561969.json,,,,0,0,0,True
VT_ST_00_14561978,data/raw/steel/01.원천데이터/3. VTST/VT_ST_00_14561978.jpg,data/raw/steel/02.라벨링데이터/3. VTST/VT_ST_00_14561978.json,,,,0,0,0,True
VT_ST_00_14561997,data/raw/steel/01.원천데이터/3. VTST/VT_ST_00_14561997.jpg,data/raw/steel/02.라벨링데이터/3. VTST/VT_ST_00_14561997.json,,,,0,0,0,True
VT_ST_00_14562006,data/raw/steel/01.원천데이터/3. VTST/VT_ST_00_14562006.jpg,data/raw/steel/02.라벨링데이터/3. VTST/VT_ST_00_14562006.json,,,,0,0,0,True
VT_ST_00_14562012,data/raw/steel/01.원천데이터/3. VTST/VT_ST_00_14562012.jpg,data/raw/steel/02.라벨링데이터/3. VTST/VT_ST_00_14562012.json,,,,0,0,0,True
VT_ST_00_14562027,data/raw/steel/01.원천데이터/3. VTST/VT_ST_00_14562027.jpg,data/raw/steel/02.라벨링데이터/3. VTST/VT_ST_00_14562027.json,,,,0,0,0,True
VT_ST_00_14562034,data/raw/steel/01.원천데이터/3. VTST/VT_ST_00_14562034.jpg,data/raw/steel/02.라벨링데이터/3. VTST/VT_ST_00_14562034.json,,,,0,0,0,True
VT_ST_00_14562048,data/raw/steel/01.원천데이터/3. VTST/VT_ST_00_14562048.jpg,data/raw/steel/02.라벨링데이터/3. VTST/VT_ST_00_14562048.json,,,,0,0,0,True
VT_ST_00_14562049,data/raw/steel/01.원천데이터/3. VTST/VT_ST_00_14562049.jpg,data/raw/steel/02.라벨링데이터/3. VTST/VT_ST_00_14562049.json,,,,0,0,0,True
VT_ST_00_14562051,data/raw/steel/01.원천데이터/3. VTST/VT_ST_00_14562051.jpg,data/raw/steel/02.라벨링데이터/3. VTST/VT_ST_00_14562051.json,,,,0,0,0,True
VT_ST_00_14562066,data/raw/steel/01.원천데이터/3. VTST/VT_ST_00_14562066.jpg,data/raw/steel/02.라벨링데이터/3. VTST/VT_ST_00_14562066.json,,,,0,0,0,True
VT_ST_00_14562069,data/raw/steel/01.원천데이터/3. VTST/VT_ST_00_14562069.jpg,data/raw/steel/02.라벨링데이터/3. VTST/VT_ST_00_14562069.json,,,,0,0,0,True
VT_ST_00_14562070,data/raw/steel/01.원천데이터/3. VTST/VT_ST_00_14562070.jpg,data/raw/steel/02.라벨링데이터/3. VTST/VT_ST_00_14562070.json,,,,0,0,0,True
VT_ST_00_14562105,data/raw/steel/01.원천데이터/3. VTST/VT_ST_00_14562105.jpg,data/raw/steel/02.라벨링데이터/3. VTST/VT_ST_00_14562105.json,,,,0,0,0,True
VT_ST_00_14562108,data/raw/steel/01.원천데이터/3. VTST/VT_ST_00_14562108.jpg,data/raw/steel/02.라벨링데이터/3. VTST/VT_ST_00_14562108.json,,,,0,0,0,True
VT_ST_00_14562121,data/raw/steel/01.원천데이터/3. VTST/VT_ST_00_14562121.jpg,data/raw/steel/02.라벨링데이터/3. VTST/VT_ST_00_14562121.json,,,,0,0,0,True
VT_ST_00_14562151,data/raw/steel/01.원천데이터/3. VTST/VT_ST_00_14562151.jpg,data/raw/steel/02.라벨링데이터/3. VTST/VT_ST_00_14562151.json,,,,0,0,0,True
VT_ST_00_14562155,data/raw/steel/01.원천데이터/3. VTST/VT_ST_00_14562155.jpg,data/raw/steel/02.라벨링데이터/3. VTST/VT_ST_00_14562155.json,,,,0,0,0,True
VT_ST_00_14562167,data/raw/steel/01.원천데이터/3. VTST/VT_ST_00_14562167.jpg,data/raw/steel/02.라벨링데이터/3. VTST/VT_ST_00_14562167.json,,,,0,0,0,True
VT_ST_00_14562172,data/raw/steel/01.원천데이터/3. VTST/VT_ST_00_14562172.jpg,data/raw/steel/02.라벨링데이터/3. VTST/VT_ST_00_14562172.json,,,,0,0,0,True
VT_ST_00_14562174,data/raw/steel/01.원천데이터/3. VTST/VT_ST_00_14562174.jpg,data/raw/steel/02.라벨링데이터/3. VTST/VT_ST_00_14562174.json,,,,0,0,0,True
VT_ST_00_14562183,data/raw/steel/01.원천데이터/3. VTST/VT_ST_00_14562183.jpg,data/raw/steel/02.라벨링데이터/3. VTST/VT_ST_00_14562183.json,,,,0,0,0,True
VT_ST_00_14562192,data/raw/steel/01.원천데이터/3. VTST/VT_ST_00_14562192.jpg,data/raw/steel/02.라벨링데이터/3. VTST/VT_ST_00_14562192.json,,,,0,0,0,True
VT_ST_00_14562202,data/raw/steel/01.원천데이터/3. VTST/VT_ST_00_14562202.jpg,data/raw/steel/02.라벨링데이터/3. VTST/VT_ST_00_14562202.json,,,,0,0,0,True
VT_ST_00_14562207,data/raw/steel/01.원천데이터/3. VTST/VT_ST_00_14562207.jpg,data/raw/steel/02.라벨링데이터/3. VTST/VT_ST_00_14562207.json,,,,0,0,0,True
VT_ST_00_14562213,data/raw/steel/01.원천데이터/3. VTST/VT_ST_00_14562213.jpg,data/raw/steel/02.라벨링데이터/3. VTST/VT_ST_00_14562213.json,,,,0,0,0,True
VT_ST_00_14562217,data/raw/steel/01.원천데이터/3. VTST/VT_ST_00_14562217.jpg,data/raw/steel/02.라벨링데이터/3. VTST/VT_ST_00_14562217.json,,,,0,0,0,True
VT_ST_00_14562231,data/raw/steel/01.원천데이터/3. VTST/VT_ST_00_14562231.jpg,data/raw/steel/02.라벨링데이터/3. VTST/VT_ST_00_14562231.json,,,,0,0,0,True
VT_ST_00_14562233,data/raw/steel/01.원천데이터/3. VTST/VT_ST_00_14562233.jpg,data/raw/steel/02.라벨링데이터/3. VTST/VT_ST_00_14562233.json,,,,0,0,0,True
VT_ST_00_14562236,data/raw/steel/01.원천데이터/3. VTST/VT_ST_00_14562236.jpg,data/raw/steel/02.라벨링데이터/3. VTST/VT_ST_00_14562236.json,,,,0,0,0,True
VT_ST_00_14562249,data/raw/steel/01.원천데이터/3. VTST/VT_ST_00_14562249.jpg,data/raw/steel/02.라벨링데이터/3. VTST/VT_ST_00_14562249.json,,,,0,0,0,True
VT_ST_00_14562253,data/raw/steel/01.원천데이터/3. VTST/VT_ST_00_14562253.jpg,data/raw/steel/02.라벨링데이터/3. VTST/VT_ST_00_14562253.json,,,,0,0,0,True
VT_ST_00_14562254,data/raw/steel/01.원천데이터/3. VTST/VT_ST_00_14562254.jpg,data/raw/steel/02.라벨링데이터/3. VTST/VT_ST_00_14562254.json,,,,0,0,0,True
VT_ST_00_14562291,data/raw/steel/01.원천데이터/3. VTST/VT_ST_00_14562291.jpg,data/raw/steel/02.라벨링데이터/3. VTST/VT_ST_00_14562291.json,,,,0,0,0,True
VT_ST_00_14562298,data/raw/steel/01.원천데이터/3. VTST/VT_ST_00_14562298.jpg,data/raw/steel/02.라벨링데이터/3. VTST/VT_ST_00_14562298.json,,,,0,0,0,True
VT_ST_00_14562310,data/raw/steel/01.원천데이터/3. VTST/VT_ST_00_14562310.jpg,data/raw/steel/02.라벨링데이터/3. VTST/VT_ST_00_14562310.json,,,,0,0,0,True
VT_ST_00_14562312,data/raw/steel/01.원천데이터/3. VTST/VT_ST_00_14562312.jpg,data/raw/steel/02.라벨링데이터/3. VTST/VT_ST_00_14562312.json,,,,0,0,0,True
VT_ST_00_14562318,data/raw/steel/01.원천데이터/3. VTST/VT_ST_00_14562318.jpg,data/raw/steel/02.라벨링데이터/3. VTST/VT_ST_00_14562318.json,,,,0,0,0,True
VT_ST_00_14562319,data/raw/steel/01.원천데이터/3. VTST/VT_ST_00_14562319.jpg,data/raw/steel/02.라벨링데이터/3. VTST/VT_ST_00_14562319.json,,,,0,0,0,True
VT_ST_00_14562322,data/raw/steel/01.원천데이터/3. VTST/VT_ST_00_14562322.jpg,data/raw/steel/02.라벨링데이터/3. VTST/VT_ST_00_14562322.json,,,,0,0,0,True
VT_ST_00_14562343,data/raw/steel/01.원천데이터/3. VTST/VT_ST_00_14562343.jpg,data/raw/steel/02.라벨링데이터/3. VTST/VT_ST_00_14562343.json,,,,0,0,0,True
VT_ST_00_14562345,data/raw/steel/01.원천데이터/3. VTST/VT_ST_00_14562345.jpg,data/raw/steel/02.라벨링데이터/3. VTST/VT_ST_00_14562345.json,,,,0,0,0,True
VT_ST_00_14562357,data/raw/steel/01.원천데이터/3. VTST/VT_ST_00_14562357.jpg,data/raw/steel/02.라벨링데이터/3. VTST/VT_ST_00_14562357.json,,,,0,0,0,True
VT_ST_00_14562374,data/raw/steel/01.원천데이터/3. VTST/VT_ST_00_14562374.jpg,data/raw/steel/02.라벨링데이터/3. VTST/VT_ST_00_14562374.json,,,,0,0,0,True
VT_ST_00_14562395,data/raw/steel/01.원천데이터/3. VTST/VT_ST_00_14562395.jpg,data/raw/steel/02.라벨링데이터/3. VTST/VT_ST_00_14562395.json,,,,0,0,0,True
VT_ST_00_14562407,data/raw/steel/01.원천데이터/3. VTST/VT_ST_00_14562407.jpg,data/raw/steel/02.라벨링데이터/3. VTST/VT_ST_00_14562407.json,,,,0,0,0,True
VT_ST_00_14562411,data/raw/steel/01.원천데이터/3. VTST/VT_ST_00_14562411.jpg,data/raw/steel/02.라벨링데이터/3. VTST/VT_ST_00_14562411.json,,,,0,0,0,True
VT_ST_00_14562414,data/raw/steel/01.원천데이터/3. VTST/VT_ST_00_14562414.jpg,data/raw/steel/02.라벨링데이터/3. VTST/VT_ST_00_14562414.json,,,,0,0,0,True
VT_ST_00_14562427,data/raw/steel/01.원천데이터/3. VTST/VT_ST_00_14562427.jpg,data/raw/steel/02.라벨링데이터/3. VTST/VT_ST_00_14562427.json,,,,0,0,0,True
VT_ST_00_14562437,data/raw/steel/01.원천데이터/3. VTST/VT_ST_00_14562437.jpg,data/raw/steel/02.라벨링데이터/3. VTST/VT_ST_00_14562437.json,,,,0,0,0,True
VT_ST_00_14562440,data/raw/steel/01.원천데이터/3. VTST/VT_ST_00_14562440.jpg,data/raw/steel/02.라벨링데이터/3. VTST/VT_ST_00_14562440.json,,,,0,0,0,True
VT_ST_00_14562441,data/raw/steel/01.원천데이터/3. VTST/VT_ST_00_14562441.jpg,data/raw/steel/02.라벨링데이터/3. VTST/VT_ST_00_14562441.json,,,,0,0,0,True
VT_ST_00_14562448,data/raw/steel/01.원천데이터/3. VTST/VT_ST_00_14562448.jpg,data/raw/steel/02.라벨링데이터/3. VTST/VT_ST_00_14562448.json,,,,0,0,0,True
VT_ST_00_14562451,data/raw/steel/01.원천데이터/3. VTST/VT_ST_00_14562451.jpg,data/raw/steel/02.라벨링데이터/3. VTST/VT_ST_00_14562451.json,,,,0,0,0,True
VT_ST_00_14562461,data/raw/steel/01.원천데이터/3. VTST/VT_ST_00_14562461.jpg,data/raw/steel/02.라벨링데이터/3. VTST/VT_ST_00_14562461.json,,,,0,0,0,True
VT_ST_00_14562470,data/raw/steel/01.원천데이터/3. VTST/VT_ST_00_14562470.jpg,data/raw/steel/02.라벨링데이터/3. VTST/VT_ST_00_14562470.json,,,,0,0,0,True
VT_ST_00_14562480,data/raw/steel/01.원천데이터/3. VTST/VT_ST_00_14562480.jpg,data/raw/steel/02.라벨링데이터/3. VTST/VT_ST_00_14562480.json,,,,0,0,0,True
VT_ST_00_14562481,data/raw/steel/01.원천데이터/3. VTST/VT_ST_00_14562481.jpg,data/raw/steel/02.라벨링데이터/3. VTST/VT_ST_00_14562481.json,,,,0,0,0,True
VT_ST_00_14562488,data/raw/steel/01.원천데이터/3. VTST/VT_ST_00_14562488.jpg,data/raw/steel/02.라벨링데이터/3. VTST/VT_ST_00_14562488.json,,,,0,0,0,True
VT_ST_00_14562489,data/raw/steel/01.원천데이터/3. VTST/VT_ST_00_14562489.jpg,data/raw/steel/02.라벨링데이터/3. VTST/VT_ST_00_14562489.json,,,,0,0,0,True
VT_ST_00_14562493,data/raw/steel/01.원천데이터/3. VTST/VT_ST_00_14562493.jpg,data/raw/steel/02.라벨링데이터/3. VTST/VT_ST_00_14562493.json,,,,0,0,0,True
VT_ST_00_14562530,data/raw/steel/01.원천데이터/3. VTST/VT_ST_00_14562530.jpg,data/raw/steel/02.라벨링데이터/3. VTST/VT_ST_00_14562530.json,,,,0,0,0,True
VT_ST_00_14562576,data/raw/steel/01.원천데이터/3. VTST/VT_ST_00_14562576.jpg,data/raw/steel/02.라벨링데이터/3. VTST/VT_ST_00_14562576.json,,,,0,0,0,True
VT_ST_00_14562623,data/raw/steel/01.원천데이터/3. VTST/VT_ST_00_14562623.jpg,data/raw/steel/02.라벨링데이터/3. VTST/VT_ST_00_14562623.json,,,,0,0,0,True
VT_ST_00_14562627,data/raw/steel/01.원천데이터/3. VTST/VT_ST_00_14562627.jpg,data/raw/steel/02.라벨링데이터/3. VTST/VT_ST_00_14562627.json,,,,0,0,0,True
VT_ST_00_14562665,data/raw/steel/01.원천데이터/3. VTST/VT_ST_00_14562665.jpg,data/raw/steel/02.라벨링데이터/3. VTST/VT_ST_00_14562665.json,,,,0,0,0,True
VT_ST_00_14562677,data/raw/steel/01.원천데이터/3. VTST/VT_ST_00_14562677.jpg,data/raw/steel/02.라벨링데이터/3. VTST/VT_ST_00_14562677.json,,,,0,0,0,True
VT_ST_00_14562688,data/raw/steel/01.원천데이터/3. VTST/VT_ST_00_14562688.jpg,data/raw/steel/02.라벨링데이터/3. VTST/VT_ST_00_14562688.json,,,,0,0,0,True
VT_ST_00_14562690,data/raw/steel/01.원천데이터/3. VTST/VT_ST_00_14562690.jpg,data/raw/steel/02.라벨링데이터/3. VTST/VT_ST_00_14562690.json,,,,0,0,0,True
VT_ST_00_14562694,data/raw/steel/01.원천데이터/3. VTST/VT_ST_00_14562694.jpg,data/raw/steel/02.라벨링데이터/3. VTST/VT_ST_00_14562694.json,,,,0,0,0,True
VT_ST_00_14562734,data/raw/steel/01.원천데이터/3. VTST/VT_ST_00_14562734.jpg,data/raw/steel/02.라벨링데이터/3. VTST/VT_ST_00_14562734.json,,,,0,0,0,True
VT_ST_00_14562740,data/raw/steel/01.원천데이터/3. VTST/VT_ST_00_14562740.jpg,data/raw/steel/02.라벨링데이터/3. VTST/VT_ST_00_14562740.json,,,,0,0,0,True
VT_ST_00_14562761,data/raw/steel/01.원천데이터/3. VTST/VT_ST_00_14562761.jpg,data/raw/steel/02.라벨링데이터/3. VTST/VT_ST_00_14562761.json,,,,0,0,0,True
VT_ST_00_14562764,data/raw/steel/01.원천데이터/3. VTST/VT_ST_00_14562764.jpg,data/raw/steel/02.라벨링데이터/3. VTST/VT_ST_00_14562764.json,,,,0,0,0,True
VT_ST_00_14562772,data/raw/steel/01.원천데이터/3. VTST/VT_ST_00_14562772.jpg,data/raw/steel/02.라벨링데이터/3. VTST/VT_ST_00_14562772.json,,,,0,0,0,True
VT_ST_00_14562784,data/raw/steel/01.원천데이터/3. VTST/VT_ST_00_14562784.jpg,data/raw/steel/02.라벨링데이터/3. VTST/VT_ST_00_14562784.json,,,,0,0,0,True
VT_ST_00_14562790,data/raw/steel/01.원천데이터/3. VTST/VT_ST_00_14562790.jpg,data/raw/steel/02.라벨링데이터/3. VTST/VT_ST_00_14562790.json,,,,0,0,0,True
VT_ST_00_14562791,data/raw/steel/01.원천데이터/3. VTST/VT_ST_00_14562791.jpg,data/raw/steel/02.라벨링데이터/3. VTST/VT_ST_00_14562791.json,,,,0,0,0,True
VT_ST_00_14562795,data/raw/steel/01.원천데이터/3. VTST/VT_ST_00_14562795.jpg,data/raw/steel/02.라벨링데이터/3. VTST/VT_ST_00_14562795.json,,,,0,0,0,True
VT_ST_00_14562798,data/raw/steel/01.원천데이터/3. VTST/VT_ST_00_14562798.jpg,data/raw/steel/02.라벨링데이터/3. VTST/VT_ST_00_14562798.json,,,,0,0,0,True
VT_ST_00_14562803,data/raw/steel/01.원천데이터/3. VTST/VT_ST_00_14562803.jpg,data/raw/steel/02.라벨링데이터/3. VTST/VT_ST_00_14562803.json,,,,0,0,0,True
VT_ST_00_14562811,data/raw/steel/01.원천데이터/3. VTST/VT_ST_00_14562811.jpg,data/raw/steel/02.라벨링데이터/3. VTST/VT_ST_00_14562811.json,,,,0,0,0,True
VT_ST_00_14562812,data/raw/steel/01.원천데이터/3. VTST/VT_ST_00_14562812.jpg,data/raw/steel/02.라벨링데이터/3. VTST/VT_ST_00_14562812.json,,,,0,0,0,True
VT_ST_00_14562823,data/raw/steel/01.원천데이터/3. VTST/VT_ST_00_14562823.jpg,data/raw/steel/02.라벨링데이터/3. VTST/VT_ST_00_14562823.json,,,,0,0,0,True
VT_ST_00_14562835,data/raw/steel/01.원천데이터/3. VTST/VT_ST_00_14562835.jpg,data/raw/steel/02.라벨링데이터/3. VTST/VT_ST_00_14562835.json,,,,0,0,0,True
VT_ST_00_14562858,data/raw/steel/01.원천데이터/3. VTST/VT_ST_00_14562858.jpg,data/raw/steel/02.라벨링데이터/3. VTST/VT_ST_00_14562858.json,,,,0,0,0,True
VT_ST_00_14562861,data/raw/steel/01.원천데이터/3. VTST/VT_ST_00_14562861.jpg,data/raw/steel/02.라벨링데이터/3. VTST/VT_ST_00_14562861.json,,,,0,0,0,True
VT_ST_00_14562873,data/raw/steel/01.원천데이터/3. VTST/VT_ST_00_14562873.jpg,data/raw/steel/02.라벨링데이터/3. VTST/VT_ST_00_14562873.json,,,,0,0,0,True
VT_ST_00_14562885,data/raw/steel/01.원천데이터/3. VTST/VT_ST_00_14562885.jpg,data/raw/steel/02.라벨링데이터/3. VTST/VT_ST_00_14562885.json,,,,0,0,0,True
VT_ST_00_14562897,data/raw/steel/01.원천데이터/3. VTST/VT_ST_00_14562897.jpg,data/raw/steel/02.라벨링데이터/3. VTST/VT_ST_00_14562897.json,,,,0,0,0,True
VT_ST_00_14562899,data/raw/steel/01.원천데이터/3. VTST/VT_ST_00_14562899.jpg,data/raw/steel/02.라벨링데이터/3. VTST/VT_ST_00_14562899.json,,,,0,0,0,True
VT_ST_00_14562920,data/raw/steel/01.원천데이터/3. VTST/VT_ST_00_14562920.jpg,data/raw/steel/02.라벨링데이터/3. VTST/VT_ST_00_14562920.json,,,,0,0,0,True
VT_ST_00_14562930,data/raw/steel/01.원천데이터/3. VTST/VT_ST_00_14562930.jpg,data/raw/steel/02.라벨링데이터/3. VTST/VT_ST_00_14562930.json,,,,0,0,0,True
VT_ST_00_14562934,data/raw/steel/01.원천데이터/3. VTST/VT_ST_00_14562934.jpg,data/raw/steel/02.라벨링데이터/3. VTST/VT_ST_00_14562934.json,,,,0,0,0,True
VT_ST_00_14562935,data/raw/steel/01.원천데이터/3. VTST/VT_ST_00_14562935.jpg,data/raw/steel/02.라벨링데이터/3. VTST/VT_ST_00_14562935.json,,,,0,0,0,True
VT_ST_00_14562950,data/raw/steel/01.원천데이터/3. VTST/VT_ST_00_14562950.jpg,data/raw/steel/02.라벨링데이터/3. VTST/VT_ST_00_14562950.json,,,,0,0,0,True
VT_ST_00_14562955,data/raw/steel/01.원천데이터/3. VTST/VT_ST_00_14562955.jpg,data/raw/steel/02.라벨링데이터/3. VTST/VT_ST_00_14562955.json,,,,0,0,0,True
VT_ST_00_14562959,data/raw/steel/01.원천데이터/3. VTST/VT_ST_00_14562959.jpg,data/raw/steel/02.라벨링데이터/3. VTST/VT_ST_00_14562959.json,,,,0,0,0,True
VT_ST_00_14562960,data/raw/steel/01.원천데이터/3. VTST/VT_ST_00_14562960.jpg,data/raw/steel/02.라벨링데이터/3. VTST/VT_ST_00_14562960.json,,,,0,0,0,True
VT_ST_00_14562964,data/raw/steel/01.원천데이터/3. VTST/VT_ST_00_14562964.jpg,data/raw/steel/02.라벨링데이터/3. VTST/VT_ST_00_14562964.json,,,,0,0,0,True
VT_ST_00_14562972,data/raw/steel/01.원천데이터/3. VTST/VT_ST_00_14562972.jpg,data/raw/steel/02.라벨링데이터/3. VTST/VT_ST_00_14562972.json,,,,0,0,0,True
VT_ST_00_14562977,data/raw/steel/01.원천데이터/3. VTST/VT_ST_00_14562977.jpg,data/raw/steel/02.라벨링데이터/3. VTST/VT_ST_00_14562977.json,,,,0,0,0,True
VT_ST_00_14562983,data/raw/steel/01.원천데이터/3. VTST/VT_ST_00_14562983.jpg,data/raw/steel/02.라벨링데이터/3. VTST/VT_ST_00_14562983.json,,,,0,0,0,True
VT_ST_00_14562987,data/raw/steel/01.원천데이터/3. VTST/VT_ST_00_14562987.jpg,data/raw/steel/02.라벨링데이터/3. VTST/VT_ST_00_14562987.json,,,,0,0,0,True
VT_ST_00_14562994,data/raw/steel/01.원천데이터/3. VTST/VT_ST_00_14562994.jpg,data/raw/steel/02.라벨링데이터/3. VTST/VT_ST_00_14562994.json,,,,0,0,0,True
VT_ST_00_14563004,data/raw/steel/01.원천데이터/3. VTST/VT_ST_00_14563004.jpg,data/raw/steel/02.라벨링데이터/3. VTST/VT_ST_00_14563004.json,,,,0,0,0,True
VT_ST_00_14563012,data/raw/steel/01.원천데이터/3. VTST/VT_ST_00_14563012.jpg,data/raw/steel/02.라벨링데이터/3. VTST/VT_ST_00_14563012.json,,,,0,0,0,True
VT_ST_00_14563019,data/raw/steel/01.원천데이터/3. VTST/VT_ST_00_14563019.jpg,data/raw/steel/02.라벨링데이터/3. VTST/VT_ST_00_14563019.json,,,,0,0,0,True
VT_ST_00_14563023,data/raw/steel/01.원천데이터/3. VTST/VT_ST_00_14563023.jpg,data/raw/steel/02.라벨링데이터/3. VTST/VT_ST_00_14563023.json,,,,0,0,0,True
VT_ST_00_14563026,data/raw/steel/01.원천데이터/3. VTST/VT_ST_00_14563026.jpg,data/raw/steel/02.라벨링데이터/3. VTST/VT_ST_00_14563026.json,,,,0,0,0,True
VT_ST_00_14563031,data/raw/steel/01.원천데이터/3. VTST/VT_ST_00_14563031.jpg,data/raw/steel/02.라벨링데이터/3. VTST/VT_ST_00_14563031.json,,,,0,0,0,True
VT_ST_00_14563035,data/raw/steel/01.원천데이터/3. VTST/VT_ST_00_14563035.jpg,data/raw/steel/02.라벨링데이터/3. VTST/VT_ST_00_14563035.json,,,,0,0,0,True
VT_ST_00_14563037,data/raw/steel/01.원천데이터/3. VTST/VT_ST_00_14563037.jpg,data/raw/steel/02.라벨링데이터/3. VTST/VT_ST_00_14563037.json,,,,0,0,0,True
VT_ST_00_14563043,data/raw/steel/01.원천데이터/3. VTST/VT_ST_00_14563043.jpg,data/raw/steel/02.라벨링데이터/3. VTST/VT_ST_00_14563043.json,,,,0,0,0,True
VT_ST_00_14563083,data/raw/steel/01.원천데이터/3. VTST/VT_ST_00_14563083.jpg,data/raw/steel/02.라벨링데이터/3. VTST/VT_ST_00_14563083.json,,,,0,0,0,True
VT_ST_00_14563092,data/raw/steel/01.원천데이터/3. VTST/VT_ST_00_14563092.jpg,data/raw/steel/02.라벨링데이터/3. VTST/VT_ST_00_14563092.json,,,,0,0,0,True
VT_ST_00_14563099,data/raw/steel/01.원천데이터/3. VTST/VT_ST_00_14563099.jpg,data/raw/steel/02.라벨링데이터/3. VTST/VT_ST_00_14563099.json,,,,0,0,0,True
VT_ST_00_14563100,data/raw/steel/01.원천데이터/3. VTST/VT_ST_00_14563100.jpg,data/raw/steel/02.라벨링데이터/3. VTST/VT_ST_00_14563100.json,,,,0,0,0,True
VT_ST_00_14563107,data/raw/steel/01.원천데이터/3. VTST/VT_ST_00_14563107.jpg,data/raw/steel/02.라벨링데이터/3. VTST/VT_ST_00_14563107.json,,,,0,0,0,True
VT_ST_00_14563117,data/raw/steel/01.원천데이터/3. VTST/VT_ST_00_14563117.jpg,data/raw/steel/02.라벨링데이터/3. VTST/VT_ST_00_14563117.json,,,,0,0,0,True
VT_ST_00_14563134,data/raw/steel/01.원천데이터/3. VTST/VT_ST_00_14563134.jpg,data/raw/steel/02.라벨링데이터/3. VTST/VT_ST_00_14563134.json,,,,0,0,0,True
VT_ST_00_14563146,data/raw/steel/01.원천데이터/3. VTST/VT_ST_00_14563146.jpg,data/raw/steel/02.라벨링데이터/3. VTST/VT_ST_00_14563146.json,,,,0,0,0,True
VT_ST_00_14563147,data/raw/steel/01.원천데이터/3. VTST/VT_ST_00_14563147.jpg,data/raw/steel/02.라벨링데이터/3. VTST/VT_ST_00_14563147.json,,,,0,0,0,True
VT_ST_00_14563152,data/raw/steel/01.원천데이터/3. VTST/VT_ST_00_14563152.jpg,data/raw/steel/02.라벨링데이터/3. VTST/VT_ST_00_14563152.json,,,,0,0,0,True
VT_ST_00_14563156,data/raw/steel/01.원천데이터/3. VTST/VT_ST_00_14563156.jpg,data/raw/steel/02.라벨링데이터/3. VTST/VT_ST_00_14563156.json,,,,0,0,0,True
VT_ST_00_14563165,data/raw/steel/01.원천데이터/3. VTST/VT_ST_00_14563165.jpg,data/raw/steel/02.라벨링데이터/3. VTST/VT_ST_00_14563165.json,,,,0,0,0,True
VT_ST_00_14563166,data/raw/steel/01.원천데이터/3. VTST/VT_ST_00_14563166.jpg,data/raw/steel/02.라벨링데이터/3. VTST/VT_ST_00_14563166.json,,,,0,0,0,True
VT_ST_00_14563172,data/raw/steel/01.원천데이터/3. VTST/VT_ST_00_14563172.jpg,data/raw/steel/02.라벨링데이터/3. VTST/VT_ST_00_14563172.json,,,,0,0,0,True
VT_ST_00_14563184,data/raw/steel/01.원천데이터/3. VTST/VT_ST_00_14563184.jpg,data/raw/steel/02.라벨링데이터/3. VTST/VT_ST_00_14563184.json,,,,0,0,0,True
VT_ST_00_14563186,data/raw/steel/01.원천데이터/3. VTST/VT_ST_00_14563186.jpg,data/raw/steel/02.라벨링데이터/3. VTST/VT_ST_00_14563186.json,,,,0,0,0,True
VT_ST_00_14563190,data/raw/steel/01.원천데이터/3. VTST/VT_ST_00_14563190.jpg,data/raw/steel/02.라벨링데이터/3. VTST/VT_ST_00_14563190.json,,,,0,0,0,True
VT_ST_00_14563196,data/raw/steel/01.원천데이터/3. VTST/VT_ST_00_14563196.jpg,data/raw/steel/02.라벨링데이터/3. VTST/VT_ST_00_14563196.json,,,,0,0,0,True
VT_ST_00_14563207,data/raw/steel/01.원천데이터/3. VTST/VT_ST_00_14563207.jpg,data/raw/steel/02.라벨링데이터/3. VTST/VT_ST_00_14563207.json,,,,0,0,0,True
VT_ST_00_14563217,data/raw/steel/01.원천데이터/3. VTST/VT_ST_00_14563217.jpg,data/raw/steel/02.라벨링데이터/3. VTST/VT_ST_00_14563217.json,,,,0,0,0,True
VT_ST_00_14563218,data/raw/steel/01.원천데이터/3. VTST/VT_ST_00_14563218.jpg,data/raw/steel/02.라벨링데이터/3. VTST/VT_ST_00_14563218.json,,,,0,0,0,True
VT_ST_00_14563228,data/raw/steel/01.원천데이터/3. VTST/VT_ST_00_14563228.jpg,data/raw/steel/02.라벨링데이터/3. VTST/VT_ST_00_14563228.json,,,,0,0,0,True
VT_ST_00_14563238,data/raw/steel/01.원천데이터/3. VTST/VT_ST_00_14563238.jpg,data/raw/steel/02.라벨링데이터/3. VTST/VT_ST_00_14563238.json,,,,0,0,0,True
VT_ST_00_14563239,data/raw/steel/01.원천데이터/3. VTST/VT_ST_00_14563239.jpg,data/raw/steel/02.라벨링데이터/3. VTST/VT_ST_00_14563239.json,,,,0,0,0,True
VT_ST_00_14563248,data/raw/steel/01.원천데이터/3. VTST/VT_ST_00_14563248.jpg,data/raw/steel/02.라벨링데이터/3. VTST/VT_ST_00_14563248.json,,,,0,0,0,True
VT_ST_00_14563279,data/raw/steel/01.원천데이터/3. VTST/VT_ST_00_14563279.jpg,data/raw/steel/02.라벨링데이터/3. VTST/VT_ST_00_14563279.json,,,,0,0,0,True
VT_ST_00_14563284,data/raw/steel/01.원천데이터/3. VTST/VT_ST_00_14563284.jpg,data/raw/steel/02.라벨링데이터/3. VTST/VT_ST_00_14563284.json,,,,0,0,0,True
VT_ST_00_14563291,data/raw/steel/01.원천데이터/3. VTST/VT_ST_00_14563291.jpg,data/raw/steel/02.라벨링데이터/3. VTST/VT_ST_00_14563291.json,,,,0,0,0,True
VT_ST_00_14563310,data/raw/steel/01.원천데이터/3. VTST/VT_ST_00_14563310.jpg,data/raw/steel/02.라벨링데이터/3. VTST/VT_ST_00_14563310.json,,,,0,0,0,True
VT_ST_00_14563361,data/raw/steel/01.원천데이터/3. VTST/VT_ST_00_14563361.jpg,data/raw/steel/02.라벨링데이터/3. VTST/VT_ST_00_14563361.json,,,,0,0,0,True
VT_ST_00_14563370,data/raw/steel/01.원천데이터/3. VTST/VT_ST_00_14563370.jpg,data/raw/steel/02.라벨링데이터/3. VTST/VT_ST_00_14563370.json,,,,0,0,0,True
VT_ST_00_14563391,data/raw/steel/01.원천데이터/3. VTST/VT_ST_00_14563391.jpg,data/raw/steel/02.라벨링데이터/3. VTST/VT_ST_00_14563391.json,,,,0,0,0,True
VT_ST_00_14563396,data/raw/steel/01.원천데이터/3. VTST/VT_ST_00_14563396.jpg,data/raw/steel/02.라벨링데이터/3. VTST/VT_ST_00_14563396.json,,,,0,0,0,True
VT_ST_00_14563398,data/raw/steel/01.원천데이터/3. VTST/VT_ST_00_14563398.jpg,data/raw/steel/02.라벨링데이터/3. VTST/VT_ST_00_14563398.json,,,,0,0,0,True
VT_ST_00_14563419,data/raw/steel/01.원천데이터/3. VTST/VT_ST_00_14563419.jpg,data/raw/steel/02.라벨링데이터/3. VTST/VT_ST_00_14563419.json,,,,0,0,0,True
VT_ST_00_14563422,data/raw/steel/01.원천데이터/3. VTST/VT_ST_00_14563422.jpg,data/raw/steel/02.라벨링데이터/3. VTST/VT_ST_00_14563422.json,,,,0,0,0,True
VT_ST_00_14563449,data/raw/steel/01.원천데이터/3. VTST/VT_ST_00_14563449.jpg,data/raw/steel/02.라벨링데이터/3. VTST/VT_ST_00_14563449.json,,,,0,0,0,True
VT_ST_00_14563457,data/raw/steel/01.원천데이터/3. VTST/VT_ST_00_14563457.jpg,data/raw/steel/02.라벨링데이터/3. VTST/VT_ST_00_14563457.json,,,,0,0,0,True
VT_ST_00_14563458,data/raw/steel/01.원천데이터/3. VTST/VT_ST_00_14563458.jpg,data/raw/steel/02.라벨링데이터/3. VTST/VT_ST_00_14563458.json,,,,0,0,0,True
VT_ST_00_14563464,data/raw/steel/01.원천데이터/3. VTST/VT_ST_00_14563464.jpg,data/raw/steel/02.라벨링데이터/3. VTST/VT_ST_00_14563464.json,,,,0,0,0,True
VT_ST_00_14563474,data/raw/steel/01.원천데이터/3. VTST/VT_ST_00_14563474.jpg,data/raw/steel/02.라벨링데이터/3. VTST/VT_ST_00_14563474.json,,,,0,0,0,True
VT_ST_00_14563479,data/raw/steel/01.원천데이터/3. VTST/VT_ST_00_14563479.jpg,data/raw/steel/02.라벨링데이터/3. VTST/VT_ST_00_14563479.json,,,,0,0,0,True
VT_ST_00_14563501,data/raw/steel/01.원천데이터/3. VTST/VT_ST_00_14563501.jpg,data/raw/steel/02.라벨링데이터/3. VTST/VT_ST_00_14563501.json,,,,0,0,0,True
VT_ST_00_14563504,data/raw/steel/01.원천데이터/3. VTST/VT_ST_00_14563504.jpg,data/raw/steel/02.라벨링데이터/3. VTST/VT_ST_00_14563504.json,,,,0,0,0,True
VT_ST_00_14563513,data/raw/steel/01.원천데이터/3. VTST/VT_ST_00_14563513.jpg,data/raw/steel/02.라벨링데이터/3. VTST/VT_ST_00_14563513.json,,,,0,0,0,True
VT_ST_00_14563538,data/raw/steel/01.원천데이터/3. VTST/VT_ST_00_14563538.jpg,data/raw/steel/02.라벨링데이터/3. VTST/VT_ST_00_14563538.json,,,,0,0,0,True
VT_ST_00_14563541,data/raw/steel/01.원천데이터/3. VTST/VT_ST_00_14563541.jpg,data/raw/steel/02.라벨링데이터/3. VTST/VT_ST_00_14563541.json,,,,0,0,0,True
VT_ST_00_14563552,data/raw/steel/01.원천데이터/3. VTST/VT_ST_00_14563552.jpg,data/raw/steel/02.라벨링데이터/3. VTST/VT_ST_00_14563552.json,,,,0,0,0,True
VT_ST_00_14563563,data/raw/steel/01.원천데이터/3. VTST/VT_ST_00_14563563.jpg,data/raw/steel/02.라벨링데이터/3. VTST/VT_ST_00_14563563.json,,,,0,0,0,True
VT_ST_00_14563577,data/raw/steel/01.원천데이터/3. VTST/VT_ST_00_14563577.jpg,data/raw/steel/02.라벨링데이터/3. VTST/VT_ST_00_14563577.json,,,,0,0,0,True
VT_ST_00_14563613,data/raw/steel/01.원천데이터/3. VTST/VT_ST_00_14563613.jpg,data/raw/steel/02.라벨링데이터/3. VTST/VT_ST_00_14563613.json,,,,0,0,0,True
VT_ST_00_14563626,data/raw/steel/01.원천데이터/3. VTST/VT_ST_00_14563626.jpg,data/raw/steel/02.라벨링데이터/3. VTST/VT_ST_00_14563626.json,,,,0,0,0,True
VT_ST_00_14563654,data/raw/steel/01.원천데이터/3. VTST/VT_ST_00_14563654.jpg,data/raw/steel/02.라벨링데이터/3. VTST/VT_ST_00_14563654.json,,,,0,0,0,True
VT_ST_00_14563669,data/raw/steel/01.원천데이터/3. VTST/VT_ST_00_14563669.jpg,data/raw/steel/02.라벨링데이터/3. VTST/VT_ST_00_14563669.json,,,,0,0,0,True
VT_ST_00_14563676,data/raw/steel/01.원천데이터/3. VTST/VT_ST_00_14563676.jpg,data/raw/steel/02.라벨링데이터/3. VTST/VT_ST_00_14563676.json,,,,0,0,0,True
VT_ST_00_14563693,data/raw/steel/01.원천데이터/3. VTST/VT_ST_00_14563693.jpg,data/raw/steel/02.라벨링데이터/3. VTST/VT_ST_00_14563693.json,,,,0,0,0,True
VT_ST_00_14563719,data/raw/steel/01.원천데이터/3. VTST/VT_ST_00_14563719.jpg,data/raw/steel/02.라벨링데이터/3. VTST/VT_ST_00_14563719.json,,,,0,0,0,True
VT_ST_00_14563725,data/raw/steel/01.원천데이터/3. VTST/VT_ST_00_14563725.jpg,data/raw/steel/02.라벨링데이터/3. VTST/VT_ST_00_14563725.json,,,,0,0,0,True
VT_ST_00_14563735,data/raw/steel/01.원천데이터/3. VTST/VT_ST_00_14563735.jpg,data/raw/steel/02.라벨링데이터/3. VTST/VT_ST_00_14563735.json,,,,0,0,0,True
VT_ST_00_14563737,data/raw/steel/01.원천데이터/3. VTST/VT_ST_00_14563737.jpg,data/raw/steel/02.라벨링데이터/3. VTST/VT_ST_00_14563737.json,,,,0,0,0,True
VT_ST_00_14563738,data/raw/steel/01.원천데이터/3. VTST/VT_ST_00_14563738.jpg,data/raw/steel/02.라벨링데이터/3. VTST/VT_ST_00_14563738.json,,,,0,0,0,True
VT_ST_00_14563742,data/raw/steel/01.원천데이터/3. VTST/VT_ST_00_14563742.jpg,data/raw/steel/02.라벨링데이터/3. VTST/VT_ST_00_14563742.json,,,,0,0,0,True
VT_ST_00_14563745,data/raw/steel/01.원천데이터/3. VTST/VT_ST_00_14563745.jpg,data/raw/steel/02.라벨링데이터/3. VTST/VT_ST_00_14563745.json,,,,0,0,0,True
VT_ST_00_14563772,data/raw/steel/01.원천데이터/3. VTST/VT_ST_00_14563772.jpg,data/raw/steel/02.라벨링데이터/3. VTST/VT_ST_00_14563772.json,,,,0,0,0,True
VT_ST_00_14563781,data/raw/steel/01.원천데이터/3. VTST/VT_ST_00_14563781.jpg,data/raw/steel/02.라벨링데이터/3. VTST/VT_ST_00_14563781.json,,,,0,0,0,True
VT_ST_00_14563797,data/raw/steel/01.원천데이터/3. VTST/VT_ST_00_14563797.jpg,data/raw/steel/02.라벨링데이터/3. VTST/VT_ST_00_14563797.json,,,,0,0,0,True
VT_ST_00_14563805,data/raw/steel/01.원천데이터/3. VTST/VT_ST_00_14563805.jpg,data/raw/steel/02.라벨링데이터/3. VTST/VT_ST_00_14563805.json,,,,0,0,0,True
VT_ST_00_14563809,data/raw/steel/01.원천데이터/3. VTST/VT_ST_00_14563809.jpg,data/raw/steel/02.라벨링데이터/3. VTST/VT_ST_00_14563809.json,,,,0,0,0,True
VT_ST_00_14563812,data/raw/steel/01.원천데이터/3. VTST/VT_ST_00_14563812.jpg,data/raw/steel/02.라벨링데이터/3. VTST/VT_ST_00_14563812.json,,,,0,0,0,True
VT_ST_00_14563840,data/raw/steel/01.원천데이터/3. VTST/VT_ST_00_14563840.jpg,data/raw/steel/02.라벨링데이터/3. VTST/VT_ST_00_14563840.json,,,,0,0,0,True
VT_ST_00_14563853,data/raw/steel/01.원천데이터/3. VTST/VT_ST_00_14563853.jpg,data/raw/steel/02.라벨링데이터/3. VTST/VT_ST_00_14563853.json,,,,0,0,0,True
VT_ST_00_14563855,data/raw/steel/01.원천데이터/3. VTST/VT_ST_00_14563855.jpg,data/raw/steel/02.라벨링데이터/3. VTST/VT_ST_00_14563855.json,,,,0,0,0,True
VT_ST_00_14563861,data/raw/steel/01.원천데이터/3. VTST/VT_ST_00_14563861.jpg,data/raw/steel/02.라벨링데이터/3. VTST/VT_ST_00_14563861.json,,,,0,0,0,True
VT_ST_00_14563864,data/raw/steel/01.원천데이터/3. VTST/VT_ST_00_14563864.jpg,data/raw/steel/02.라벨링데이터/3. VTST/VT_ST_00_14563864.json,,,,0,0,0,True
VT_ST_00_14563865,data/raw/steel/01.원천데이터/3. VTST/VT_ST_00_14563865.jpg,data/raw/steel/02.라벨링데이터/3. VTST/VT_ST_00_14563865.json,,,,0,0,0,True
VT_ST_00_14563869,data/raw/steel/01.원천데이터/3. VTST/VT_ST_00_14563869.jpg,data/raw/steel/02.라벨링데이터/3. VTST/VT_ST_00_14563869.json,,,,0,0,0,True
VT_ST_00_14563870,data/raw/steel/01.원천데이터/3. VTST/VT_ST_00_14563870.jpg,data/raw/steel/02.라벨링데이터/3. VTST/VT_ST_00_14563870.json,,,,0,0,0,True
VT_ST_00_14563874,data/raw/steel/01.원천데이터/3. VTST/VT_ST_00_14563874.jpg,data/raw/steel/02.라벨링데이터/3. VTST/VT_ST_00_14563874.json,,,,0,0,0,True
VT_ST_00_14563885,data/raw/steel/01.원천데이터/3. VTST/VT_ST_00_14563885.jpg,data/raw/steel/02.라벨링데이터/3. VTST/VT_ST_00_14563885.json,,,,0,0,0,True
VT_ST_00_14563896,data/raw/steel/01.원천데이터/3. VTST/VT_ST_00_14563896.jpg,data/raw/steel/02.라벨링데이터/3. VTST/VT_ST_00_14563896.json,,,,0,0,0,True
VT_ST_00_14563899,data/raw/steel/01.원천데이터/3. VTST/VT_ST_00_14563899.jpg,data/raw/steel/02.라벨링데이터/3. VTST/VT_ST_00_14563899.json,,,,0,0,0,True
VT_ST_00_14563907,data/raw/steel/01.원천데이터/3. VTST/VT_ST_00_14563907.jpg,data/raw/steel/02.라벨링데이터/3. VTST/VT_ST_00_14563907.json,,,,0,0,0,True
VT_ST_00_14563908,data/raw/steel/01.원천데이터/3. VTST/VT_ST_00_14563908.jpg,data/raw/steel/02.라벨링데이터/3. VTST/VT_ST_00_14563908.json,,,,0,0,0,True
VT_ST_00_14563918,data/raw/steel/01.원천데이터/3. VTST/VT_ST_00_14563918.jpg,data/raw/steel/02.라벨링데이터/3. VTST/VT_ST_00_14563918.json,,,,0,0,0,True
VT_ST_00_14563950,data/raw/steel/01.원천데이터/3. VTST/VT_ST_00_14563950.jpg,data/raw/steel/02.라벨링데이터/3. VTST/VT_ST_00_14563950.json,,,,0,0,0,True
VT_ST_00_14563964,data/raw/steel/01.원천데이터/3. VTST/VT_ST_00_14563964.jpg,data/raw/steel/02.라벨링데이터/3. VTST/VT_ST_00_14563964.json,,,,0,0,0,True
VT_ST_00_14563970,data/raw/steel/01.원천데이터/3. VTST/VT_ST_00_14563970.jpg,data/raw/steel/02.라벨링데이터/3. VTST/VT_ST_00_14563970.json,,,,0,0,0,True
VT_ST_00_14563974,data/raw/steel/01.원천데이터/3. VTST/VT_ST_00_14563974.jpg,data/raw/steel/02.라벨링데이터/3. VTST/VT_ST_00_14563974.json,,,,0,0,0,True
VT_ST_00_14563982,data/raw/steel/01.원천데이터/3. VTST/VT_ST_00_14563982.jpg,data/raw/steel/02.라벨링데이터/3. VTST/VT_ST_00_14563982.json,,,,0,0,0,True
VT_ST_00_14563996,data/raw/steel/01.원천데이터/3. VTST/VT_ST_00_14563996.jpg,data/raw/steel/02.라벨링데이터/3. VTST/VT_ST_00_14563996.json,,,,0,0,0,True
VT_ST_00_14564007,data/raw/steel/01.원천데이터/3. VTST/VT_ST_00_14564007.jpg,data/raw/steel/02.라벨링데이터/3. VTST/VT_ST_00_14564007.json,,,,0,0,0,True
VT_ST_00_14564018,data/raw/steel/01.원천데이터/3. VTST/VT_ST_00_14564018.jpg,data/raw/steel/02.라벨링데이터/3. VTST/VT_ST_00_14564018.json,,,,0,0,0,True
VT_ST_00_14564030,data/raw/steel/01.원천데이터/3. VTST/VT_ST_00_14564030.jpg,data/raw/steel/02.라벨링데이터/3. VTST/VT_ST_00_14564030.json,,,,0,0,0,True
VT_ST_00_14564032,data/raw/steel/01.원천데이터/3. VTST/VT_ST_00_14564032.jpg,data/raw/steel/02.라벨링데이터/3. VTST/VT_ST_00_14564032.json,,,,0,0,0,True
VT_ST_00_14564035,data/raw/steel/01.원천데이터/3. VTST/VT_ST_00_14564035.jpg,data/raw/steel/02.라벨링데이터/3. VTST/VT_ST_00_14564035.json,,,,0,0,0,True
VT_ST_00_14564039,data/raw/steel/01.원천데이터/3. VTST/VT_ST_00_14564039.jpg,data/raw/steel/02.라벨링데이터/3. VTST/VT_ST_00_14564039.json,,,,0,0,0,True
VT_ST_00_14564045,data/raw/steel/01.원천데이터/3. VTST/VT_ST_00_14564045.jpg,data/raw/steel/02.라벨링데이터/3. VTST/VT_ST_00_14564045.json,,,,0,0,0,True
VT_ST_00_14564057,data/raw/steel/01.원천데이터/3. VTST/VT_ST_00_14564057.jpg,data/raw/steel/02.라벨링데이터/3. VTST/VT_ST_00_14564057.json,,,,0,0,0,True
VT_ST_00_14564059,data/raw/steel/01.원천데이터/3. VTST/VT_ST_00_14564059.jpg,data/raw/steel/02.라벨링데이터/3. VTST/VT_ST_00_14564059.json,,,,0,0,0,True
VT_ST_00_14564062,data/raw/steel/01.원천데이터/3. VTST/VT_ST_00_14564062.jpg,data/raw/steel/02.라벨링데이터/3. VTST/VT_ST_00_14564062.json,,,,0,0,0,True
VT_ST_00_14564098,data/raw/steel/01.원천데이터/3. VTST/VT_ST_00_14564098.jpg,data/raw/steel/02.라벨링데이터/3. VTST/VT_ST_00_14564098.json,,,,0,0,0,True
VT_ST_00_14564101,data/raw/steel/01.원천데이터/3. VTST/VT_ST_00_14564101.jpg,data/raw/steel/02.라벨링데이터/3. VTST/VT_ST_00_14564101.json,,,,0,0,0,True
VT_ST_00_14564105,data/raw/steel/01.원천데이터/3. VTST/VT_ST_00_14564105.jpg,data/raw/steel/02.라벨링데이터/3. VTST/VT_ST_00_14564105.json,,,,0,0,0,True
VT_ST_00_14564121,data/raw/steel/01.원천데이터/3. VTST/VT_ST_00_14564121.jpg,data/raw/steel/02.라벨링데이터/3. VTST/VT_ST_00_14564121.json,,,,0,0,0,True
VT_ST_00_14564136,data/raw/steel/01.원천데이터/3. VTST/VT_ST_00_14564136.jpg,data/raw/steel/02.라벨링데이터/3. VTST/VT_ST_00_14564136.json,,,,0,0,0,True
VT_ST_00_14564141,data/raw/steel/01.원천데이터/3. VTST/VT_ST_00_14564141.jpg,data/raw/steel/02.라벨링데이터/3. VTST/VT_ST_00_14564141.json,,,,0,0,0,True
VT_ST_02_14597900,data/raw/steel/01.원천데이터/3. VTST/VT_ST_02_14597900.jpg,data/raw/steel/02.라벨링데이터/3. VTST/VT_ST_02_14597900.json,,,,0,0,0,True
VT_ST_02_14598000,data/raw/steel/01.원천데이터/3. VTST/VT_ST_02_14598000.jpg,data/raw/steel/02.라벨링데이터/3. VTST/VT_ST_02_14598000.json,,,,0,0,0,True
VT_ST_02_14598001,data/raw/steel/01.원천데이터/3. VTST/VT_ST_02_14598001.jpg,data/raw/steel/02.라벨링데이터/3. VTST/VT_ST_02_14598001.json,insufficient_points,,,1,0,0,False
VT_ST_02_14598009,data/raw/steel/01.원천데이터/3. VTST/VT_ST_02_14598009.jpg,data/raw/steel/02.라벨링데이터/3. VTST/VT_ST_02_14598009.json,,,,0,0,0,True
VT_ST_02_14598500,data/raw/steel/01.원천데이터/3. VTST/VT_ST_02_14598500.jpg,data/raw/steel/02.라벨링데이터/3. VTST/VT_ST_02_14598500.json,,,,0,0,0,True
VT_ST_02_14598600,data/raw/steel/01.원천데이터/3. VTST/VT_ST_02_14598600.jpg,data/raw/steel/02.라벨링데이터/3. VTST/VT_ST_02_14598600.json,,,,0,0,0,True
VT_ST_02_14599003,data/raw/steel/01.원천데이터/3. VTST/VT_ST_02_14599003.jpg,data/raw/steel/02.라벨링데이터/3. VTST/VT_ST_02_14599003.json,,,,0,0,0,True
VT_ST_02_14599675,data/raw/steel/01.원천데이터/3. VTST/VT_ST_02_14599675.jpg,data/raw/steel/02.라벨링데이터/3. VTST/VT_ST_02_14599675.json,,,,0,0,0,True
VT_ST_02_14599679,data/raw/steel/01.원천데이터/3. VTST/VT_ST_02_14599679.jpg,data/raw/steel/02.라벨링데이터/3. VTST/VT_ST_02_14599679.json,,,,0,0,0,True
VT_ST_02_14599681,data/raw/steel/01.원천데이터/3. VTST/VT_ST_02_14599681.jpg,data/raw/steel/02.라벨링데이터/3. VTST/VT_ST_02_14599681.json,,,,0,0,0,True
VT_ST_02_14599686,data/raw/steel/01.원천데이터/3. VTST/VT_ST_02_14599686.jpg,data/raw/steel/02.라벨링데이터/3. VTST/VT_ST_02_14599686.json,,,,0,0,0,True
VT_ST_02_14599690,data/raw/steel/01.원천데이터/3. VTST/VT_ST_02_14599690.jpg,data/raw/steel/02.라벨링데이터/3. VTST/VT_ST_02_14599690.json,,,,0,0,0,True
VT_ST_02_14599693,data/raw/steel/01.원천데이터/3. VTST/VT_ST_02_14599693.jpg,data/raw/steel/02.라벨링데이터/3. VTST/VT_ST_02_14599693.json,,,,0,0,0,True
VT_ST_02_14599695,data/raw/steel/01.원천데이터/3. VTST/VT_ST_02_14599695.jpg,data/raw/steel/02.라벨링데이터/3. VTST/VT_ST_02_14599695.json,,,,0,0,0,True
VT_ST_02_14599700,data/raw/steel/01.원천데이터/3. VTST/VT_ST_02_14599700.jpg,data/raw/steel/02.라벨링데이터/3. VTST/VT_ST_02_14599700.json,,,,0,0,0,True
VT_ST_02_14599708,data/raw/steel/01.원천데이터/3. VTST/VT_ST_02_14599708.jpg,data/raw/steel/02.라벨링데이터/3. VTST/VT_ST_02_14599708.json,,,possible_self_intersection,0,0,1,True
VT_ST_02_14599715,data/raw/steel/01.원천데이터/3. VTST/VT_ST_02_14599715.jpg,data/raw/steel/02.라벨링데이터/3. VTST/VT_ST_02_14599715.json,,,,0,0,0,True
VT_ST_02_14599719,data/raw/steel/01.원천데이터/3. VTST/VT_ST_02_14599719.jpg,data/raw/steel/02.라벨링데이터/3. VTST/VT_ST_02_14599719.json,,,,0,0,0,True
VT_ST_02_14599731,data/raw/steel/01.원천데이터/3. VTST/VT_ST_02_14599731.jpg,data/raw/steel/02.라벨링데이터/3. VTST/VT_ST_02_14599731.json,,,,0,0,0,True
VT_ST_02_14599734,data/raw/steel/01.원천데이터/3. VTST/VT_ST_02_14599734.jpg,data/raw/steel/02.라벨링데이터/3. VTST/VT_ST_02_14599734.json,,,,0,0,0,True
VT_ST_02_14599735,data/raw/steel/01.원천데이터/3. VTST/VT_ST_02_14599735.jpg,data/raw/steel/02.라벨링데이터/3. VTST/VT_ST_02_14599735.json,,,,0,0,0,True
VT_ST_02_14599736,data/raw/steel/01.원천데이터/3. VTST/VT_ST_02_14599736.jpg,data/raw/steel/02.라벨링데이터/3. VTST/VT_ST_02_14599736.json,,,,0,0,0,True
VT_ST_02_14599741,data/raw/steel/01.원천데이터/3. VTST/VT_ST_02_14599741.jpg,data/raw/steel/02.라벨링데이터/3. VTST/VT_ST_02_14599741.json,,,,0,0,0,True
VT_ST_02_14599744,data/raw/steel/01.원천데이터/3. VTST/VT_ST_02_14599744.jpg,data/raw/steel/02.라벨링데이터/3. VTST/VT_ST_02_14599744.json,,,,0,0,0,True
VT_ST_02_14599747,data/raw/steel/01.원천데이터/3. VTST/VT_ST_02_14599747.jpg,data/raw/steel/02.라벨링데이터/3. VTST/VT_ST_02_14599747.json,,,,0,0,0,True
VT_ST_02_14599748,data/raw/steel/01.원천데이터/3. VTST/VT_ST_02_14599748.jpg,data/raw/steel/02.라벨링데이터/3. VTST/VT_ST_02_14599748.json,,,,0,0,0,True
VT_ST_02_14599769,data/raw/steel/01.원천데이터/3. VTST/VT_ST_02_14599769.jpg,data/raw/steel/02.라벨링데이터/3. VTST/VT_ST_02_14599769.json,,,,0,0,0,True
VT_ST_02_14599772,data/raw/steel/01.원천데이터/3. VTST/VT_ST_02_14599772.jpg,data/raw/steel/02.라벨링데이터/3. VTST/VT_ST_02_14599772.json,,,,0,0,0,True
VT_ST_02_14599784,data/raw/steel/01.원천데이터/3. VTST/VT_ST_02_14599784.jpg,data/raw/steel/02.라벨링데이터/3. VTST/VT_ST_02_14599784.json,,,,0,0,0,True
VT_ST_02_14599793,data/raw/steel/01.원천데이터/3. VTST/VT_ST_02_14599793.jpg,data/raw/steel/02.라벨링데이터/3. VTST/VT_ST_02_14599793.json,,,,0,0,0,True
VT_ST_02_14599801,data/raw/steel/01.원천데이터/3. VTST/VT_ST_02_14599801.jpg,data/raw/steel/02.라벨링데이터/3. VTST/VT_ST_02_14599801.json,,,,0,0,0,True
VT_ST_02_14599802,data/raw/steel/01.원천데이터/3. VTST/VT_ST_02_14599802.jpg,data/raw/steel/02.라벨링데이터/3. VTST/VT_ST_02_14599802.json,,,,0,0,0,True
VT_ST_02_14599806,data/raw/steel/01.원천데이터/3. VTST/VT_ST_02_14599806.jpg,data/raw/steel/02.라벨링데이터/3. VTST/VT_ST_02_14599806.json,,,possible_self_intersection,0,0,3,True
VT_ST_02_14599807,data/raw/steel/01.원천데이터/3. VTST/VT_ST_02_14599807.jpg,data/raw/steel/02.라벨링데이터/3. VTST/VT_ST_02_14599807.json,,,,0,0,0,True
VT_ST_02_14599808,data/raw/steel/01.원천데이터/3. VTST/VT_ST_02_14599808.jpg,data/raw/steel/02.라벨링데이터/3. VTST/VT_ST_02_14599808.json,,,,0,0,0,True
VT_ST_02_14599813,data/raw/steel/01.원천데이터/3. VTST/VT_ST_02_14599813.jpg,data/raw/steel/02.라벨링데이터/3. VTST/VT_ST_02_14599813.json,,,,0,0,0,True
VT_ST_02_14599815,data/raw/steel/01.원천데이터/3. VTST/VT_ST_02_14599815.jpg,data/raw/steel/02.라벨링데이터/3. VTST/VT_ST_02_14599815.json,,,,0,0,0,True
VT_ST_02_14599826,data/raw/steel/01.원천데이터/3. VTST/VT_ST_02_14599826.jpg,data/raw/steel/02.라벨링데이터/3. VTST/VT_ST_02_14599826.json,,,,0,0,0,True
VT_ST_02_14599827,data/raw/steel/01.원천데이터/3. VTST/VT_ST_02_14599827.jpg,data/raw/steel/02.라벨링데이터/3. VTST/VT_ST_02_14599827.json,,,,0,0,0,True
VT_ST_02_14599828,data/raw/steel/01.원천데이터/3. VTST/VT_ST_02_14599828.jpg,data/raw/steel/02.라벨링데이터/3. VTST/VT_ST_02_14599828.json,,,possible_self_intersection,0,0,1,True
VT_ST_02_14599833,data/raw/steel/01.원천데이터/3. VTST/VT_ST_02_14599833.jpg,data/raw/steel/02.라벨링데이터/3. VTST/VT_ST_02_14599833.json,insufficient_points,,,1,0,0,False
VT_ST_02_14599836,data/raw/steel/01.원천데이터/3. VTST/VT_ST_02_14599836.jpg,data/raw/steel/02.라벨링데이터/3. VTST/VT_ST_02_14599836.json,,,,0,0,0,True
VT_ST_02_14599837,data/raw/steel/01.원천데이터/3. VTST/VT_ST_02_14599837.jpg,data/raw/steel/02.라벨링데이터/3. VTST/VT_ST_02_14599837.json,,,,0,0,0,True
VT_ST_02_14599839,data/raw/steel/01.원천데이터/3. VTST/VT_ST_02_14599839.jpg,data/raw/steel/02.라벨링데이터/3. VTST/VT_ST_02_14599839.json,,,,0,0,0,True
VT_ST_02_14599843,data/raw/steel/01.원천데이터/3. VTST/VT_ST_02_14599843.jpg,data/raw/steel/02.라벨링데이터/3. VTST/VT_ST_02_14599843.json,,,,0,0,0,True
VT_ST_02_14599847,data/raw/steel/01.원천데이터/3. VTST/VT_ST_02_14599847.jpg,data/raw/steel/02.라벨링데이터/3. VTST/VT_ST_02_14599847.json,,,possible_self_intersection,0,0,1,True
VT_ST_02_14599848,data/raw/steel/01.원천데이터/3. VTST/VT_ST_02_14599848.jpg,data/raw/steel/02.라벨링데이터/3. VTST/VT_ST_02_14599848.json,,,,0,0,0,True
VT_ST_02_14599853,data/raw/steel/01.원천데이터/3. VTST/VT_ST_02_14599853.jpg,data/raw/steel/02.라벨링데이터/3. VTST/VT_ST_02_14599853.json,,,,0,0,0,True
VT_ST_02_14599857,data/raw/steel/01.원천데이터/3. VTST/VT_ST_02_14599857.jpg,data/raw/steel/02.라벨링데이터/3. VTST/VT_ST_02_14599857.json,,,,0,0,0,True
VT_ST_02_14599861,data/raw/steel/01.원천데이터/3. VTST/VT_ST_02_14599861.jpg,data/raw/steel/02.라벨링데이터/3. VTST/VT_ST_02_14599861.json,,,,0,0,0,True
VT_ST_02_14599863,data/raw/steel/01.원천데이터/3. VTST/VT_ST_02_14599863.jpg,data/raw/steel/02.라벨링데이터/3. VTST/VT_ST_02_14599863.json,,,possible_self_intersection,0,0,1,True
VT_ST_02_14599864,data/raw/steel/01.원천데이터/3. VTST/VT_ST_02_14599864.jpg,data/raw/steel/02.라벨링데이터/3. VTST/VT_ST_02_14599864.json,,,,0,0,0,True
VT_ST_02_14599869,data/raw/steel/01.원천데이터/3. VTST/VT_ST_02_14599869.jpg,data/raw/steel/02.라벨링데이터/3. VTST/VT_ST_02_14599869.json,,,possible_self_intersection,0,0,1,True
VT_ST_02_14599880,data/raw/steel/01.원천데이터/3. VTST/VT_ST_02_14599880.jpg,data/raw/steel/02.라벨링데이터/3. VTST/VT_ST_02_14599880.json,,,possible_self_intersection,0,0,1,True
VT_ST_02_14599888,data/raw/steel/01.원천데이터/3. VTST/VT_ST_02_14599888.jpg,data/raw/steel/02.라벨링데이터/3. VTST/VT_ST_02_14599888.json,,,,0,0,0,True
VT_ST_02_14599889,data/raw/steel/01.원천데이터/3. VTST/VT_ST_02_14599889.jpg,data/raw/steel/02.라벨링데이터/3. VTST/VT_ST_02_14599889.json,,,,0,0,0,True
VT_ST_02_14599906,data/raw/steel/01.원천데이터/3. VTST/VT_ST_02_14599906.jpg,data/raw/steel/02.라벨링데이터/3. VTST/VT_ST_02_14599906.json,,,,0,0,0,True
VT_ST_02_14599908,data/raw/steel/01.원천데이터/3. VTST/VT_ST_02_14599908.jpg,data/raw/steel/02.라벨링데이터/3. VTST/VT_ST_02_14599908.json,,,,0,0,0,True
VT_ST_02_14599910,data/raw/steel/01.원천데이터/3. VTST/VT_ST_02_14599910.jpg,data/raw/steel/02.라벨링데이터/3. VTST/VT_ST_02_14599910.json,,,possible_self_intersection,0,0,2,True
VT_ST_02_14599913,data/raw/steel/01.원천데이터/3. VTST/VT_ST_02_14599913.jpg,data/raw/steel/02.라벨링데이터/3. VTST/VT_ST_02_14599913.json,,,,0,0,0,True
VT_ST_02_14599914,data/raw/steel/01.원천데이터/3. VTST/VT_ST_02_14599914.jpg,data/raw/steel/02.라벨링데이터/3. VTST/VT_ST_02_14599914.json,,,,0,0,0,True
VT_ST_02_14599920,data/raw/steel/01.원천데이터/3. VTST/VT_ST_02_14599920.jpg,data/raw/steel/02.라벨링데이터/3. VTST/VT_ST_02_14599920.json,,,,0,0,0,True
VT_ST_02_14599922,data/raw/steel/01.원천데이터/3. VTST/VT_ST_02_14599922.jpg,data/raw/steel/02.라벨링데이터/3. VTST/VT_ST_02_14599922.json,,,,0,0,0,True
VT_ST_02_14599927,data/raw/steel/01.원천데이터/3. VTST/VT_ST_02_14599927.jpg,data/raw/steel/02.라벨링데이터/3. VTST/VT_ST_02_14599927.json,,,,0,0,0,True
VT_ST_02_14599928,data/raw/steel/01.원천데이터/3. VTST/VT_ST_02_14599928.jpg,data/raw/steel/02.라벨링데이터/3. VTST/VT_ST_02_14599928.json,,,,0,0,0,True
VT_ST_02_14599930,data/raw/steel/01.원천데이터/3. VTST/VT_ST_02_14599930.jpg,data/raw/steel/02.라벨링데이터/3. VTST/VT_ST_02_14599930.json,,,,0,0,0,True
VT_ST_02_14599932,data/raw/steel/01.원천데이터/3. VTST/VT_ST_02_14599932.jpg,data/raw/steel/02.라벨링데이터/3. VTST/VT_ST_02_14599932.json,,,,0,0,0,True
VT_ST_02_14599934,data/raw/steel/01.원천데이터/3. VTST/VT_ST_02_14599934.jpg,data/raw/steel/02.라벨링데이터/3. VTST/VT_ST_02_14599934.json,,,,0,0,0,True
VT_ST_02_14599936,data/raw/steel/01.원천데이터/3. VTST/VT_ST_02_14599936.jpg,data/raw/steel/02.라벨링데이터/3. VTST/VT_ST_02_14599936.json,,,possible_self_intersection,0,0,4,True
VT_ST_02_14599937,data/raw/steel/01.원천데이터/3. VTST/VT_ST_02_14599937.jpg,data/raw/steel/02.라벨링데이터/3. VTST/VT_ST_02_14599937.json,,,possible_self_intersection,0,0,1,True
VT_ST_02_14599941,data/raw/steel/01.원천데이터/3. VTST/VT_ST_02_14599941.jpg,data/raw/steel/02.라벨링데이터/3. VTST/VT_ST_02_14599941.json,,,,0,0,0,True
VT_ST_02_14599949,data/raw/steel/01.원천데이터/3. VTST/VT_ST_02_14599949.jpg,data/raw/steel/02.라벨링데이터/3. VTST/VT_ST_02_14599949.json,,,possible_self_intersection,0,0,2,True
VT_ST_02_14599951,data/raw/steel/01.원천데이터/3. VTST/VT_ST_02_14599951.jpg,data/raw/steel/02.라벨링데이터/3. VTST/VT_ST_02_14599951.json,,,,0,0,0,True
VT_ST_02_14599954,data/raw/steel/01.원천데이터/3. VTST/VT_ST_02_14599954.jpg,data/raw/steel/02.라벨링데이터/3. VTST/VT_ST_02_14599954.json,,,,0,0,0,True
VT_ST_02_14599955,data/raw/steel/01.원천데이터/3. VTST/VT_ST_02_14599955.jpg,data/raw/steel/02.라벨링데이터/3. VTST/VT_ST_02_14599955.json,,,,0,0,0,True
VT_ST_02_14599956,data/raw/steel/01.원천데이터/3. VTST/VT_ST_02_14599956.jpg,data/raw/steel/02.라벨링데이터/3. VTST/VT_ST_02_14599956.json,,,,0,0,0,True
VT_ST_02_14599957,data/raw/steel/01.원천데이터/3. VTST/VT_ST_02_14599957.jpg,data/raw/steel/02.라벨링데이터/3. VTST/VT_ST_02_14599957.json,,,,0,0,0,True
VT_ST_02_14599958,data/raw/steel/01.원천데이터/3. VTST/VT_ST_02_14599958.jpg,data/raw/steel/02.라벨링데이터/3. VTST/VT_ST_02_14599958.json,,,,0,0,0,True
VT_ST_02_14599959,data/raw/steel/01.원천데이터/3. VTST/VT_ST_02_14599959.jpg,data/raw/steel/02.라벨링데이터/3. VTST/VT_ST_02_14599959.json,,,,0,0,0,True
VT_ST_02_14599961,data/raw/steel/01.원천데이터/3. VTST/VT_ST_02_14599961.jpg,data/raw/steel/02.라벨링데이터/3. VTST/VT_ST_02_14599961.json,,,,0,0,0,True
VT_ST_02_14599967,data/raw/steel/01.원천데이터/3. VTST/VT_ST_02_14599967.jpg,data/raw/steel/02.라벨링데이터/3. VTST/VT_ST_02_14599967.json,,,,0,0,0,True
VT_ST_02_14599975,data/raw/steel/01.원천데이터/3. VTST/VT_ST_02_14599975.jpg,data/raw/steel/02.라벨링데이터/3. VTST/VT_ST_02_14599975.json,,,,0,0,0,True
VT_ST_02_14599976,data/raw/steel/01.원천데이터/3. VTST/VT_ST_02_14599976.jpg,data/raw/steel/02.라벨링데이터/3. VTST/VT_ST_02_14599976.json,,,,0,0,0,True
VT_ST_02_14599980,data/raw/steel/01.원천데이터/3. VTST/VT_ST_02_14599980.jpg,data/raw/steel/02.라벨링데이터/3. VTST/VT_ST_02_14599980.json,,,,0,0,0,True
VT_ST_02_14599982,data/raw/steel/01.원천데이터/3. VTST/VT_ST_02_14599982.jpg,data/raw/steel/02.라벨링데이터/3. VTST/VT_ST_02_14599982.json,,,,0,0,0,True
VT_ST_02_14599988,data/raw/steel/01.원천데이터/3. VTST/VT_ST_02_14599988.jpg,data/raw/steel/02.라벨링데이터/3. VTST/VT_ST_02_14599988.json,,,,0,0,0,True
VT_ST_02_14599996,data/raw/steel/01.원천데이터/3. VTST/VT_ST_02_14599996.jpg,data/raw/steel/02.라벨링데이터/3. VTST/VT_ST_02_14599996.json,,,,0,0,0,True
VT_ST_02_14599997,data/raw/steel/01.원천데이터/3. VTST/VT_ST_02_14599997.jpg,data/raw/steel/02.라벨링데이터/3. VTST/VT_ST_02_14599997.json,,,,0,0,0,True
VT_ST_02_14600009,data/raw/steel/01.원천데이터/3. VTST/VT_ST_02_14600009.jpg,data/raw/steel/02.라벨링데이터/3. VTST/VT_ST_02_14600009.json,,,,0,0,0,True
VT_ST_02_14600016,data/raw/steel/01.원천데이터/3. VTST/VT_ST_02_14600016.jpg,data/raw/steel/02.라벨링데이터/3. VTST/VT_ST_02_14600016.json,,,,0,0,0,True
VT_ST_02_14600022,data/raw/steel/01.원천데이터/3. VTST/VT_ST_02_14600022.jpg,data/raw/steel/02.라벨링데이터/3. VTST/VT_ST_02_14600022.json,,,,0,0,0,True
VT_ST_02_14600048,data/raw/steel/01.원천데이터/3. VTST/VT_ST_02_14600048.jpg,data/raw/steel/02.라벨링데이터/3. VTST/VT_ST_02_14600048.json,,,possible_self_intersection,0,0,2,True
VT_ST_02_14600049,data/raw/steel/01.원천데이터/3. VTST/VT_ST_02_14600049.jpg,data/raw/steel/02.라벨링데이터/3. VTST/VT_ST_02_14600049.json,,,,0,0,0,True
VT_ST_02_14600050,data/raw/steel/01.원천데이터/3. VTST/VT_ST_02_14600050.jpg,data/raw/steel/02.라벨링데이터/3. VTST/VT_ST_02_14600050.json,,,,0,0,0,True
VT_ST_02_14600054,data/raw/steel/01.원천데이터/3. VTST/VT_ST_02_14600054.jpg,data/raw/steel/02.라벨링데이터/3. VTST/VT_ST_02_14600054.json,,,,0,0,0,True
VT_ST_02_14600059,data/raw/steel/01.원천데이터/3. VTST/VT_ST_02_14600059.jpg,data/raw/steel/02.라벨링데이터/3. VTST/VT_ST_02_14600059.json,,,,0,0,0,True
VT_ST_02_14600065,data/raw/steel/01.원천데이터/3. VTST/VT_ST_02_14600065.jpg,data/raw/steel/02.라벨링데이터/3. VTST/VT_ST_02_14600065.json,,,,0,0,0,True
VT_ST_02_14600069,data/raw/steel/01.원천데이터/3. VTST/VT_ST_02_14600069.jpg,data/raw/steel/02.라벨링데이터/3. VTST/VT_ST_02_14600069.json,,,,0,0,0,True
VT_ST_02_14600073,data/raw/steel/01.원천데이터/3. VTST/VT_ST_02_14600073.jpg,data/raw/steel/02.라벨링데이터/3. VTST/VT_ST_02_14600073.json,,,,0,0,0,True
VT_ST_02_14600074,data/raw/steel/01.원천데이터/3. VTST/VT_ST_02_14600074.jpg,data/raw/steel/02.라벨링데이터/3. VTST/VT_ST_02_14600074.json,,,,0,0,0,True
VT_ST_02_14600086,data/raw/steel/01.원천데이터/3. VTST/VT_ST_02_14600086.jpg,data/raw/steel/02.라벨링데이터/3. VTST/VT_ST_02_14600086.json,,,,0,0,0,True
VT_ST_02_14600091,data/raw/steel/01.원천데이터/3. VTST/VT_ST_02_14600091.jpg,data/raw/steel/02.라벨링데이터/3. VTST/VT_ST_02_14600091.json,,,,0,0,0,True
VT_ST_02_14600093,data/raw/steel/01.원천데이터/3. VTST/VT_ST_02_14600093.jpg,data/raw/steel/02.라벨링데이터/3. VTST/VT_ST_02_14600093.json,,,,0,0,0,True
VT_ST_02_14600107,data/raw/steel/01.원천데이터/3. VTST/VT_ST_02_14600107.jpg,data/raw/steel/02.라벨링데이터/3. VTST/VT_ST_02_14600107.json,insufficient_points,,possible_self_intersection,1,0,1,False
VT_ST_02_14600108,data/raw/steel/01.원천데이터/3. VTST/VT_ST_02_14600108.jpg,data/raw/steel/02.라벨링데이터/3. VTST/VT_ST_02_14600108.json,,,possible_self_intersection,0,0,1,True
VT_ST_02_14600122,data/raw/steel/01.원천데이터/3. VTST/VT_ST_02_14600122.jpg,data/raw/steel/02.라벨링데이터/3. VTST/VT_ST_02_14600122.json,,,,0,0,0,True
VT_ST_02_14600126,data/raw/steel/01.원천데이터/3. VTST/VT_ST_02_14600126.jpg,data/raw/steel/02.라벨링데이터/3. VTST/VT_ST_02_14600126.json,,,,0,0,0,True
VT_ST_02_14600129,data/raw/steel/01.원천데이터/3. VTST/VT_ST_02_14600129.jpg,data/raw/steel/02.라벨링데이터/3. VTST/VT_ST_02_14600129.json,,,,0,0,0,True
VT_ST_02_14600131,data/raw/steel/01.원천데이터/3. VTST/VT_ST_02_14600131.jpg,data/raw/steel/02.라벨링데이터/3. VTST/VT_ST_02_14600131.json,,,,0,0,0,True
VT_ST_02_14600132,data/raw/steel/01.원천데이터/3. VTST/VT_ST_02_14600132.jpg,data/raw/steel/02.라벨링데이터/3. VTST/VT_ST_02_14600132.json,,,,0,0,0,True
VT_ST_02_14600141,data/raw/steel/01.원천데이터/3. VTST/VT_ST_02_14600141.jpg,data/raw/steel/02.라벨링데이터/3. VTST/VT_ST_02_14600141.json,,,,0,0,0,True
VT_ST_02_14600146,data/raw/steel/01.원천데이터/3. VTST/VT_ST_02_14600146.jpg,data/raw/steel/02.라벨링데이터/3. VTST/VT_ST_02_14600146.json,,,,0,0,0,True
VT_ST_02_14600149,data/raw/steel/01.원천데이터/3. VTST/VT_ST_02_14600149.jpg,data/raw/steel/02.라벨링데이터/3. VTST/VT_ST_02_14600149.json,,,possible_self_intersection,0,0,2,True
VT_ST_02_14600151,data/raw/steel/01.원천데이터/3. VTST/VT_ST_02_14600151.jpg,data/raw/steel/02.라벨링데이터/3. VTST/VT_ST_02_14600151.json,,,possible_self_intersection,0,0,1,True
VT_ST_02_14600152,data/raw/steel/01.원천데이터/3. VTST/VT_ST_02_14600152.jpg,data/raw/steel/02.라벨링데이터/3. VTST/VT_ST_02_14600152.json,,,,0,0,0,True
VT_ST_02_14600156,data/raw/steel/01.원천데이터/3. VTST/VT_ST_02_14600156.jpg,data/raw/steel/02.라벨링데이터/3. VTST/VT_ST_02_14600156.json,,,,0,0,0,True
VT_ST_02_14600157,data/raw/steel/01.원천데이터/3. VTST/VT_ST_02_14600157.jpg,data/raw/steel/02.라벨링데이터/3. VTST/VT_ST_02_14600157.json,,,,0,0,0,True
VT_ST_02_14600160,data/raw/steel/01.원천데이터/3. VTST/VT_ST_02_14600160.jpg,data/raw/steel/02.라벨링데이터/3. VTST/VT_ST_02_14600160.json,,,,0,0,0,True
VT_ST_02_14600172,data/raw/steel/01.원천데이터/3. VTST/VT_ST_02_14600172.jpg,data/raw/steel/02.라벨링데이터/3. VTST/VT_ST_02_14600172.json,,,,0,0,0,True
VT_ST_02_14600181,data/raw/steel/01.원천데이터/3. VTST/VT_ST_02_14600181.jpg,data/raw/steel/02.라벨링데이터/3. VTST/VT_ST_02_14600181.json,,,possible_self_intersection,0,0,1,True
VT_ST_02_14600182,data/raw/steel/01.원천데이터/3. VTST/VT_ST_02_14600182.jpg,data/raw/steel/02.라벨링데이터/3. VTST/VT_ST_02_14600182.json,,,,0,0,0,True
VT_ST_02_14600197,data/raw/steel/01.원천데이터/3. VTST/VT_ST_02_14600197.jpg,data/raw/steel/02.라벨링데이터/3. VTST/VT_ST_02_14600197.json,,,,0,0,0,True
VT_ST_02_14600199,data/raw/steel/01.원천데이터/3. VTST/VT_ST_02_14600199.jpg,data/raw/steel/02.라벨링데이터/3. VTST/VT_ST_02_14600199.json,,,,0,0,0,True
VT_ST_02_14600203,data/raw/steel/01.원천데이터/3. VTST/VT_ST_02_14600203.jpg,data/raw/steel/02.라벨링데이터/3. VTST/VT_ST_02_14600203.json,,,,0,0,0,True
VT_ST_02_14600208,data/raw/steel/01.원천데이터/3. VTST/VT_ST_02_14600208.jpg,data/raw/steel/02.라벨링데이터/3. VTST/VT_ST_02_14600208.json,,,,0,0,0,True
VT_ST_02_14600209,data/raw/steel/01.원천데이터/3. VTST/VT_ST_02_14600209.jpg,data/raw/steel/02.라벨링데이터/3. VTST/VT_ST_02_14600209.json,,,,0,0,0,True
VT_ST_02_14600216,data/raw/steel/01.원천데이터/3. VTST/VT_ST_02_14600216.jpg,data/raw/steel/02.라벨링데이터/3. VTST/VT_ST_02_14600216.json,,,,0,0,0,True
VT_ST_02_14600218,data/raw/steel/01.원천데이터/3. VTST/VT_ST_02_14600218.jpg,data/raw/steel/02.라벨링데이터/3. VTST/VT_ST_02_14600218.json,,,,0,0,0,True
VT_ST_02_14600224,data/raw/steel/01.원천데이터/3. VTST/VT_ST_02_14600224.jpg,data/raw/steel/02.라벨링데이터/3. VTST/VT_ST_02_14600224.json,,,,0,0,0,True
VT_ST_02_14600226,data/raw/steel/01.원천데이터/3. VTST/VT_ST_02_14600226.jpg,data/raw/steel/02.라벨링데이터/3. VTST/VT_ST_02_14600226.json,,,,0,0,0,True
VT_ST_02_14600227,data/raw/steel/01.원천데이터/3. VTST/VT_ST_02_14600227.jpg,data/raw/steel/02.라벨링데이터/3. VTST/VT_ST_02_14600227.json,,,possible_self_intersection,0,0,1,True
VT_ST_02_14600229,data/raw/steel/01.원천데이터/3. VTST/VT_ST_02_14600229.jpg,data/raw/steel/02.라벨링데이터/3. VTST/VT_ST_02_14600229.json,,,possible_self_intersection,0,0,4,True
VT_ST_02_14600233,data/raw/steel/01.원천데이터/3. VTST/VT_ST_02_14600233.jpg,data/raw/steel/02.라벨링데이터/3. VTST/VT_ST_02_14600233.json,,,,0,0,0,True
VT_ST_02_14600236,data/raw/steel/01.원천데이터/3. VTST/VT_ST_02_14600236.jpg,data/raw/steel/02.라벨링데이터/3. VTST/VT_ST_02_14600236.json,,,,0,0,0,True
VT_ST_02_14600238,data/raw/steel/01.원천데이터/3. VTST/VT_ST_02_14600238.jpg,data/raw/steel/02.라벨링데이터/3. VTST/VT_ST_02_14600238.json,,,,0,0,0,True
VT_ST_02_14600246,data/raw/steel/01.원천데이터/3. VTST/VT_ST_02_14600246.jpg,data/raw/steel/02.라벨링데이터/3. VTST/VT_ST_02_14600246.json,,,possible_self_intersection,0,0,1,True
VT_ST_02_14600248,data/raw/steel/01.원천데이터/3. VTST/VT_ST_02_14600248.jpg,data/raw/steel/02.라벨링데이터/3. VTST/VT_ST_02_14600248.json,,,possible_self_intersection,0,0,5,True
VT_ST_02_14600256,data/raw/steel/01.원천데이터/3. VTST/VT_ST_02_14600256.jpg,data/raw/steel/02.라벨링데이터/3. VTST/VT_ST_02_14600256.json,,,,0,0,0,True
VT_ST_02_14600260,data/raw/steel/01.원천데이터/3. VTST/VT_ST_02_14600260.jpg,data/raw/steel/02.라벨링데이터/3. VTST/VT_ST_02_14600260.json,,,,0,0,0,True
VT_ST_02_14600261,data/raw/steel/01.원천데이터/3. VTST/VT_ST_02_14600261.jpg,data/raw/steel/02.라벨링데이터/3. VTST/VT_ST_02_14600261.json,,,,0,0,0,True
VT_ST_02_14600268,data/raw/steel/01.원천데이터/3. VTST/VT_ST_02_14600268.jpg,data/raw/steel/02.라벨링데이터/3. VTST/VT_ST_02_14600268.json,,,,0,0,0,True
VT_ST_02_14600273,data/raw/steel/01.원천데이터/3. VTST/VT_ST_02_14600273.jpg,data/raw/steel/02.라벨링데이터/3. VTST/VT_ST_02_14600273.json,,,,0,0,0,True
VT_ST_02_14600274,data/raw/steel/01.원천데이터/3. VTST/VT_ST_02_14600274.jpg,data/raw/steel/02.라벨링데이터/3. VTST/VT_ST_02_14600274.json,,,,0,0,0,True
VT_ST_02_14600277,data/raw/steel/01.원천데이터/3. VTST/VT_ST_02_14600277.jpg,data/raw/steel/02.라벨링데이터/3. VTST/VT_ST_02_14600277.json,,,,0,0,0,True
VT_ST_02_14600284,data/raw/steel/01.원천데이터/3. VTST/VT_ST_02_14600284.jpg,data/raw/steel/02.라벨링데이터/3. VTST/VT_ST_02_14600284.json,,,,0,0,0,True
VT_ST_02_14600285,data/raw/steel/01.원천데이터/3. VTST/VT_ST_02_14600285.jpg,data/raw/steel/02.라벨링데이터/3. VTST/VT_ST_02_14600285.json,,,,0,0,0,True
VT_ST_02_14600287,data/raw/steel/01.원천데이터/3. VTST/VT_ST_02_14600287.jpg,data/raw/steel/02.라벨링데이터/3. VTST/VT_ST_02_14600287.json,,,,0,0,0,True
VT_ST_02_14600290,data/raw/steel/01.원천데이터/3. VTST/VT_ST_02_14600290.jpg,data/raw/steel/02.라벨링데이터/3. VTST/VT_ST_02_14600290.json,,,possible_self_intersection,0,0,2,True
VT_ST_02_14600295,data/raw/steel/01.원천데이터/3. VTST/VT_ST_02_14600295.jpg,data/raw/steel/02.라벨링데이터/3. VTST/VT_ST_02_14600295.json,,,possible_self_intersection,0,0,4,True
VT_ST_02_14600296,data/raw/steel/01.원천데이터/3. VTST/VT_ST_02_14600296.jpg,data/raw/steel/02.라벨링데이터/3. VTST/VT_ST_02_14600296.json,,,,0,0,0,True
VT_ST_02_14600303,data/raw/steel/01.원천데이터/3. VTST/VT_ST_02_14600303.jpg,data/raw/steel/02.라벨링데이터/3. VTST/VT_ST_02_14600303.json,,,,0,0,0,True
VT_ST_02_14600308,data/raw/steel/01.원천데이터/3. VTST/VT_ST_02_14600308.jpg,data/raw/steel/02.라벨링데이터/3. VTST/VT_ST_02_14600308.json,,,,0,0,0,True
VT_ST_02_14600312,data/raw/steel/01.원천데이터/3. VTST/VT_ST_02_14600312.jpg,data/raw/steel/02.라벨링데이터/3. VTST/VT_ST_02_14600312.json,,,,0,0,0,True
VT_ST_02_14600314,data/raw/steel/01.원천데이터/3. VTST/VT_ST_02_14600314.jpg,data/raw/steel/02.라벨링데이터/3. VTST/VT_ST_02_14600314.json,,,,0,0,0,True
VT_ST_02_14600315,data/raw/steel/01.원천데이터/3. VTST/VT_ST_02_14600315.jpg,data/raw/steel/02.라벨링데이터/3. VTST/VT_ST_02_14600315.json,,,,0,0,0,True
VT_ST_02_14600321,data/raw/steel/01.원천데이터/3. VTST/VT_ST_02_14600321.jpg,data/raw/steel/02.라벨링데이터/3. VTST/VT_ST_02_14600321.json,,,,0,0,0,True
VT_ST_02_14600327,data/raw/steel/01.원천데이터/3. VTST/VT_ST_02_14600327.jpg,data/raw/steel/02.라벨링데이터/3. VTST/VT_ST_02_14600327.json,,,,0,0,0,True
VT_ST_02_14600329,data/raw/steel/01.원천데이터/3. VTST/VT_ST_02_14600329.jpg,data/raw/steel/02.라벨링데이터/3. VTST/VT_ST_02_14600329.json,,,,0,0,0,True
VT_ST_02_14600334,data/raw/steel/01.원천데이터/3. VTST/VT_ST_02_14600334.jpg,data/raw/steel/02.라벨링데이터/3. VTST/VT_ST_02_14600334.json,,,,0,0,0,True
VT_ST_02_14600340,data/raw/steel/01.원천데이터/3. VTST/VT_ST_02_14600340.jpg,data/raw/steel/02.라벨링데이터/3. VTST/VT_ST_02_14600340.json,,,,0,0,0,True
VT_ST_02_14600343,data/raw/steel/01.원천데이터/3. VTST/VT_ST_02_14600343.jpg,data/raw/steel/02.라벨링데이터/3. VTST/VT_ST_02_14600343.json,,,,0,0,0,True
VT_ST_02_14600347,data/raw/steel/01.원천데이터/3. VTST/VT_ST_02_14600347.jpg,data/raw/steel/02.라벨링데이터/3. VTST/VT_ST_02_14600347.json,,,,0,0,0,True
VT_ST_02_14600348,data/raw/steel/01.원천데이터/3. VTST/VT_ST_02_14600348.jpg,data/raw/steel/02.라벨링데이터/3. VTST/VT_ST_02_14600348.json,,,,0,0,0,True
VT_ST_02_14600349,data/raw/steel/01.원천데이터/3. VTST/VT_ST_02_14600349.jpg,data/raw/steel/02.라벨링데이터/3. VTST/VT_ST_02_14600349.json,,,,0,0,0,True
VT_ST_02_14600355,data/raw/steel/01.원천데이터/3. VTST/VT_ST_02_14600355.jpg,data/raw/steel/02.라벨링데이터/3. VTST/VT_ST_02_14600355.json,,,,0,0,0,True
VT_ST_02_14600358,data/raw/steel/01.원천데이터/3. VTST/VT_ST_02_14600358.jpg,data/raw/steel/02.라벨링데이터/3. VTST/VT_ST_02_14600358.json,,,,0,0,0,True
VT_ST_02_14600370,data/raw/steel/01.원천데이터/3. VTST/VT_ST_02_14600370.jpg,data/raw/steel/02.라벨링데이터/3. VTST/VT_ST_02_14600370.json,,,,0,0,0,True
VT_ST_02_14600381,data/raw/steel/01.원천데이터/3. VTST/VT_ST_02_14600381.jpg,data/raw/steel/02.라벨링데이터/3. VTST/VT_ST_02_14600381.json,,,,0,0,0,True
VT_ST_02_14600382,data/raw/steel/01.원천데이터/3. VTST/VT_ST_02_14600382.jpg,data/raw/steel/02.라벨링데이터/3. VTST/VT_ST_02_14600382.json,,,,0,0,0,True
VT_ST_02_14600384,data/raw/steel/01.원천데이터/3. VTST/VT_ST_02_14600384.jpg,data/raw/steel/02.라벨링데이터/3. VTST/VT_ST_02_14600384.json,,,,0,0,0,True
VT_ST_02_14600386,data/raw/steel/01.원천데이터/3. VTST/VT_ST_02_14600386.jpg,data/raw/steel/02.라벨링데이터/3. VTST/VT_ST_02_14600386.json,,,,0,0,0,True
VT_ST_02_14600389,data/raw/steel/01.원천데이터/3. VTST/VT_ST_02_14600389.jpg,data/raw/steel/02.라벨링데이터/3. VTST/VT_ST_02_14600389.json,,,possible_self_intersection,0,0,5,True
VT_ST_02_14600390,data/raw/steel/01.원천데이터/3. VTST/VT_ST_02_14600390.jpg,data/raw/steel/02.라벨링데이터/3. VTST/VT_ST_02_14600390.json,,,,0,0,0,True
VT_ST_02_14600392,data/raw/steel/01.원천데이터/3. VTST/VT_ST_02_14600392.jpg,data/raw/steel/02.라벨링데이터/3. VTST/VT_ST_02_14600392.json,,,possible_self_intersection,0,0,1,True
VT_ST_02_14600396,data/raw/steel/01.원천데이터/3. VTST/VT_ST_02_14600396.jpg,data/raw/steel/02.라벨링데이터/3. VTST/VT_ST_02_14600396.json,,,,0,0,0,True
VT_ST_02_14600400,data/raw/steel/01.원천데이터/3. VTST/VT_ST_02_14600400.jpg,data/raw/steel/02.라벨링데이터/3. VTST/VT_ST_02_14600400.json,,,,0,0,0,True
VT_ST_02_14600403,data/raw/steel/01.원천데이터/3. VTST/VT_ST_02_14600403.jpg,data/raw/steel/02.라벨링데이터/3. VTST/VT_ST_02_14600403.json,,,,0,0,0,True
VT_ST_02_14600408,data/raw/steel/01.원천데이터/3. VTST/VT_ST_02_14600408.jpg,data/raw/steel/02.라벨링데이터/3. VTST/VT_ST_02_14600408.json,,,,0,0,0,True
VT_ST_02_14600419,data/raw/steel/01.원천데이터/3. VTST/VT_ST_02_14600419.jpg,data/raw/steel/02.라벨링데이터/3. VTST/VT_ST_02_14600419.json,,,,0,0,0,True
VT_ST_02_14600424,data/raw/steel/01.원천데이터/3. VTST/VT_ST_02_14600424.jpg,data/raw/steel/02.라벨링데이터/3. VTST/VT_ST_02_14600424.json,,,,0,0,0,True
VT_ST_02_14600435,data/raw/steel/01.원천데이터/3. VTST/VT_ST_02_14600435.jpg,data/raw/steel/02.라벨링데이터/3. VTST/VT_ST_02_14600435.json,,,,0,0,0,True
VT_ST_02_14600437,data/raw/steel/01.원천데이터/3. VTST/VT_ST_02_14600437.jpg,data/raw/steel/02.라벨링데이터/3. VTST/VT_ST_02_14600437.json,,,,0,0,0,True
VT_ST_02_14600450,data/raw/steel/01.원천데이터/3. VTST/VT_ST_02_14600450.jpg,data/raw/steel/02.라벨링데이터/3. VTST/VT_ST_02_14600450.json,,,,0,0,0,True
VT_ST_02_14600452,data/raw/steel/01.원천데이터/3. VTST/VT_ST_02_14600452.jpg,data/raw/steel/02.라벨링데이터/3. VTST/VT_ST_02_14600452.json,,,,0,0,0,True
VT_ST_02_14600462,data/raw/steel/01.원천데이터/3. VTST/VT_ST_02_14600462.jpg,data/raw/steel/02.라벨링데이터/3. VTST/VT_ST_02_14600462.json,,,,0,0,0,True
VT_ST_02_14600474,data/raw/steel/01.원천데이터/3. VTST/VT_ST_02_14600474.jpg,data/raw/steel/02.라벨링데이터/3. VTST/VT_ST_02_14600474.json,,,,0,0,0,True
VT_ST_02_14600480,data/raw/steel/01.원천데이터/3. VTST/VT_ST_02_14600480.jpg,data/raw/steel/02.라벨링데이터/3. VTST/VT_ST_02_14600480.json,,,possible_self_intersection,0,0,2,True
VT_ST_02_14600485,data/raw/steel/01.원천데이터/3. VTST/VT_ST_02_14600485.jpg,data/raw/steel/02.라벨링데이터/3. VTST/VT_ST_02_14600485.json,,,,0,0,0,True
VT_ST_02_14600486,data/raw/steel/01.원천데이터/3. VTST/VT_ST_02_14600486.jpg,data/raw/steel/02.라벨링데이터/3. VTST/VT_ST_02_14600486.json,,,,0,0,0,True
VT_ST_02_14600494,data/raw/steel/01.원천데이터/3. VTST/VT_ST_02_14600494.jpg,data/raw/steel/02.라벨링데이터/3. VTST/VT_ST_02_14600494.json,,,possible_self_intersection,0,0,21,True
VT_ST_02_14600498,data/raw/steel/01.원천데이터/3. VTST/VT_ST_02_14600498.jpg,data/raw/steel/02.라벨링데이터/3. VTST/VT_ST_02_14600498.json,,,,0,0,0,True
VT_ST_02_14600500,data/raw/steel/01.원천데이터/3. VTST/VT_ST_02_14600500.jpg,data/raw/steel/02.라벨링데이터/3. VTST/VT_ST_02_14600500.json,,,possible_self_intersection,0,0,1,True
VT_ST_02_14600501,data/raw/steel/01.원천데이터/3. VTST/VT_ST_02_14600501.jpg,data/raw/steel/02.라벨링데이터/3. VTST/VT_ST_02_14600501.json,,,,0,0,0,True
VT_ST_02_14600503,data/raw/steel/01.원천데이터/3. VTST/VT_ST_02_14600503.jpg,data/raw/steel/02.라벨링데이터/3. VTST/VT_ST_02_14600503.json,,,,0,0,0,True
VT_ST_02_14600506,data/raw/steel/01.원천데이터/3. VTST/VT_ST_02_14600506.jpg,data/raw/steel/02.라벨링데이터/3. VTST/VT_ST_02_14600506.json,,,possible_self_intersection,0,0,2,True
VT_ST_02_14600513,data/raw/steel/01.원천데이터/3. VTST/VT_ST_02_14600513.jpg,data/raw/steel/02.라벨링데이터/3. VTST/VT_ST_02_14600513.json,,,,0,0,0,True
VT_ST_02_14600517,data/raw/steel/01.원천데이터/3. VTST/VT_ST_02_14600517.jpg,data/raw/steel/02.라벨링데이터/3. VTST/VT_ST_02_14600517.json,insufficient_points,,,1,0,0,False
VT_ST_02_14600529,data/raw/steel/01.원천데이터/3. VTST/VT_ST_02_14600529.jpg,data/raw/steel/02.라벨링데이터/3. VTST/VT_ST_02_14600529.json,,,,0,0,0,True
VT_ST_02_14600562,data/raw/steel/01.원천데이터/3. VTST/VT_ST_02_14600562.jpg,data/raw/steel/02.라벨링데이터/3. VTST/VT_ST_02_14600562.json,,,possible_self_intersection,0,0,4,True
VT_ST_02_14600564,data/raw/steel/01.원천데이터/3. VTST/VT_ST_02_14600564.jpg,data/raw/steel/02.라벨링데이터/3. VTST/VT_ST_02_14600564.json,,,,0,0,0,True
VT_ST_02_14600565,data/raw/steel/01.원천데이터/3. VTST/VT_ST_02_14600565.jpg,data/raw/steel/02.라벨링데이터/3. VTST/VT_ST_02_14600565.json,,,,0,0,0,True
VT_ST_02_14600572,data/raw/steel/01.원천데이터/3. VTST/VT_ST_02_14600572.jpg,data/raw/steel/02.라벨링데이터/3. VTST/VT_ST_02_14600572.json,,,,0,0,0,True
VT_ST_02_14600576,data/raw/steel/01.원천데이터/3. VTST/VT_ST_02_14600576.jpg,data/raw/steel/02.라벨링데이터/3. VTST/VT_ST_02_14600576.json,,,,0,0,0,True
VT_ST_02_14600580,data/raw/steel/01.원천데이터/3. VTST/VT_ST_02_14600580.jpg,data/raw/steel/02.라벨링데이터/3. VTST/VT_ST_02_14600580.json,,,,0,0,0,True
VT_ST_02_14600586,data/raw/steel/01.원천데이터/3. VTST/VT_ST_02_14600586.jpg,data/raw/steel/02.라벨링데이터/3. VTST/VT_ST_02_14600586.json,,,,0,0,0,True
VT_ST_02_14600589,data/raw/steel/01.원천데이터/3. VTST/VT_ST_02_14600589.jpg,data/raw/steel/02.라벨링데이터/3. VTST/VT_ST_02_14600589.json,,,,0,0,0,True
VT_ST_02_14600594,data/raw/steel/01.원천데이터/3. VTST/VT_ST_02_14600594.jpg,data/raw/steel/02.라벨링데이터/3. VTST/VT_ST_02_14600594.json,,,,0,0,0,True
VT_ST_02_14600595,data/raw/steel/01.원천데이터/3. VTST/VT_ST_02_14600595.jpg,data/raw/steel/02.라벨링데이터/3. VTST/VT_ST_02_14600595.json,,,possible_self_intersection,0,0,4,True
VT_ST_02_14600600,data/raw/steel/01.원천데이터/3. VTST/VT_ST_02_14600600.jpg,data/raw/steel/02.라벨링데이터/3. VTST/VT_ST_02_14600600.json,,,,0,0,0,True
VT_ST_02_14600609,data/raw/steel/01.원천데이터/3. VTST/VT_ST_02_14600609.jpg,data/raw/steel/02.라벨링데이터/3. VTST/VT_ST_02_14600609.json,,,,0,0,0,True
VT_ST_02_14600611,data/raw/steel/01.원천데이터/3. VTST/VT_ST_02_14600611.jpg,data/raw/steel/02.라벨링데이터/3. VTST/VT_ST_02_14600611.json,,,,0,0,0,True
VT_ST_02_14600613,data/raw/steel/01.원천데이터/3. VTST/VT_ST_02_14600613.jpg,data/raw/steel/02.라벨링데이터/3. VTST/VT_ST_02_14600613.json,,,,0,0,0,True
VT_ST_02_14600616,data/raw/steel/01.원천데이터/3. VTST/VT_ST_02_14600616.jpg,data/raw/steel/02.라벨링데이터/3. VTST/VT_ST_02_14600616.json,,,,0,0,0,True
VT_ST_02_14600624,data/raw/steel/01.원천데이터/3. VTST/VT_ST_02_14600624.jpg,data/raw/steel/02.라벨링데이터/3. VTST/VT_ST_02_14600624.json,,,,0,0,0,True
VT_ST_02_14600626,data/raw/steel/01.원천데이터/3. VTST/VT_ST_02_14600626.jpg,data/raw/steel/02.라벨링데이터/3. VTST/VT_ST_02_14600626.json,,,possible_self_intersection,0,0,19,True
VT_ST_02_14600627,data/raw/steel/01.원천데이터/3. VTST/VT_ST_02_14600627.jpg,data/raw/steel/02.라벨링데이터/3. VTST/VT_ST_02_14600627.json,,,,0,0,0,True
VT_ST_02_14600649,data/raw/steel/01.원천데이터/3. VTST/VT_ST_02_14600649.jpg,data/raw/steel/02.라벨링데이터/3. VTST/VT_ST_02_14600649.json,,,,0,0,0,True
VT_ST_02_14600651,data/raw/steel/01.원천데이터/3. VTST/VT_ST_02_14600651.jpg,data/raw/steel/02.라벨링데이터/3. VTST/VT_ST_02_14600651.json,,,possible_self_intersection,0,0,27,True
VT_ST_02_14600655,data/raw/steel/01.원천데이터/3. VTST/VT_ST_02_14600655.jpg,data/raw/steel/02.라벨링데이터/3. VTST/VT_ST_02_14600655.json,,,,0,0,0,True
VT_ST_02_14600662,data/raw/steel/01.원천데이터/3. VTST/VT_ST_02_14600662.jpg,data/raw/steel/02.라벨링데이터/3. VTST/VT_ST_02_14600662.json,,,,0,0,0,True
VT_ST_02_14600666,data/raw/steel/01.원천데이터/3. VTST/VT_ST_02_14600666.jpg,data/raw/steel/02.라벨링데이터/3. VTST/VT_ST_02_14600666.json,,,,0,0,0,True
VT_ST_02_14600679,data/raw/steel/01.원천데이터/3. VTST/VT_ST_02_14600679.jpg,data/raw/steel/02.라벨링데이터/3. VTST/VT_ST_02_14600679.json,,,possible_self_intersection,0,0,21,True
VT_ST_02_14600686,data/raw/steel/01.원천데이터/3. VTST/VT_ST_02_14600686.jpg,data/raw/steel/02.라벨링데이터/3. VTST/VT_ST_02_14600686.json,,,possible_self_intersection,0,0,40,True
VT_ST_02_14600689,data/raw/steel/01.원천데이터/3. VTST/VT_ST_02_14600689.jpg,data/raw/steel/02.라벨링데이터/3. VTST/VT_ST_02_14600689.json,,,,0,0,0,True
VT_ST_02_14600691,data/raw/steel/01.원천데이터/3. VTST/VT_ST_02_14600691.jpg,data/raw/steel/02.라벨링데이터/3. VTST/VT_ST_02_14600691.json,,,possible_self_intersection,0,0,25,True
VT_ST_03_14601311,data/raw/steel/01.원천데이터/3. VTST/VT_ST_03_14601311.jpg,data/raw/steel/02.라벨링데이터/3. VTST/VT_ST_03_14601311.json,,,,0,0,0,True
VT_ST_03_14601322,data/raw/steel/01.원천데이터/3. VTST/VT_ST_03_14601322.jpg,data/raw/steel/02.라벨링데이터/3. VTST/VT_ST_03_14601322.json,,,,0,0,0,True
VT_ST_03_14601331,data/raw/steel/01.원천데이터/3. VTST/VT_ST_03_14601331.jpg,data/raw/steel/02.라벨링데이터/3. VTST/VT_ST_03_14601331.json,,,,0,0,0,True
VT_ST_03_14601341,data/raw/steel/01.원천데이터/3. VTST/VT_ST_03_14601341.jpg,data/raw/steel/02.라벨링데이터/3. VTST/VT_ST_03_14601341.json,,,,0,0,0,True
VT_ST_03_14601354,data/raw/steel/01.원천데이터/3. VTST/VT_ST_03_14601354.jpg,data/raw/steel/02.라벨링데이터/3. VTST/VT_ST_03_14601354.json,,,,0,0,0,True
VT_ST_03_14601367,data/raw/steel/01.원천데이터/3. VTST/VT_ST_03_14601367.jpg,data/raw/steel/02.라벨링데이터/3. VTST/VT_ST_03_14601367.json,,,,0,0,0,True
VT_ST_03_14601375,data/raw/steel/01.원천데이터/3. VTST/VT_ST_03_14601375.jpg,data/raw/steel/02.라벨링데이터/3. VTST/VT_ST_03_14601375.json,,,,0,0,0,True
VT_ST_03_14601397,data/raw/steel/01.원천데이터/3. VTST/VT_ST_03_14601397.jpg,data/raw/steel/02.라벨링데이터/3. VTST/VT_ST_03_14601397.json,,,,0,0,0,True
VT_ST_03_14601401,data/raw/steel/01.원천데이터/3. VTST/VT_ST_03_14601401.jpg,data/raw/steel/02.라벨링데이터/3. VTST/VT_ST_03_14601401.json,,,,0,0,0,True
VT_ST_03_14601422,data/raw/steel/01.원천데이터/3. VTST/VT_ST_03_14601422.jpg,data/raw/steel/02.라벨링데이터/3. VTST/VT_ST_03_14601422.json,,,,0,0,0,True
VT_ST_03_14601426,data/raw/steel/01.원천데이터/3. VTST/VT_ST_03_14601426.jpg,data/raw/steel/02.라벨링데이터/3. VTST/VT_ST_03_14601426.json,,,,0,0,0,True
VT_ST_03_14601432,data/raw/steel/01.원천데이터/3. VTST/VT_ST_03_14601432.jpg,data/raw/steel/02.라벨링데이터/3. VTST/VT_ST_03_14601432.json,,,,0,0,0,True
VT_ST_03_14601456,data/raw/steel/01.원천데이터/3. VTST/VT_ST_03_14601456.jpg,data/raw/steel/02.라벨링데이터/3. VTST/VT_ST_03_14601456.json,,,,0,0,0,True
VT_ST_03_14601468,data/raw/steel/01.원천데이터/3. VTST/VT_ST_03_14601468.jpg,data/raw/steel/02.라벨링데이터/3. VTST/VT_ST_03_14601468.json,,,,0,0,0,True
VT_ST_03_14601472,data/raw/steel/01.원천데이터/3. VTST/VT_ST_03_14601472.jpg,data/raw/steel/02.라벨링데이터/3. VTST/VT_ST_03_14601472.json,,,,0,0,0,True
VT_ST_03_14601478,data/raw/steel/01.원천데이터/3. VTST/VT_ST_03_14601478.jpg,data/raw/steel/02.라벨링데이터/3. VTST/VT_ST_03_14601478.json,,,,0,0,0,True
VT_ST_03_14601491,data/raw/steel/01.원천데이터/3. VTST/VT_ST_03_14601491.jpg,data/raw/steel/02.라벨링데이터/3. VTST/VT_ST_03_14601491.json,,,,0,0,0,True
VT_ST_03_14601501,data/raw/steel/01.원천데이터/3. VTST/VT_ST_03_14601501.jpg,data/raw/steel/02.라벨링데이터/3. VTST/VT_ST_03_14601501.json,,,,0,0,0,True
VT_ST_03_14601502,data/raw/steel/01.원천데이터/3. VTST/VT_ST_03_14601502.jpg,data/raw/steel/02.라벨링데이터/3. VTST/VT_ST_03_14601502.json,,,,0,0,0,True
VT_ST_03_14601512,data/raw/steel/01.원천데이터/3. VTST/VT_ST_03_14601512.jpg,data/raw/steel/02.라벨링데이터/3. VTST/VT_ST_03_14601512.json,,,,0,0,0,True
VT_ST_03_14601514,data/raw/steel/01.원천데이터/3. VTST/VT_ST_03_14601514.jpg,data/raw/steel/02.라벨링데이터/3. VTST/VT_ST_03_14601514.json,,,,0,0,0,True
VT_ST_03_14601517,data/raw/steel/01.원천데이터/3. VTST/VT_ST_03_14601517.jpg,data/raw/steel/02.라벨링데이터/3. VTST/VT_ST_03_14601517.json,,,possible_self_intersection,0,0,1,True
VT_ST_03_14601519,data/raw/steel/01.원천데이터/3. VTST/VT_ST_03_14601519.jpg,data/raw/steel/02.라벨링데이터/3. VTST/VT_ST_03_14601519.json,,,,0,0,0,True
VT_ST_03_14601529,data/raw/steel/01.원천데이터/3. VTST/VT_ST_03_14601529.jpg,data/raw/steel/02.라벨링데이터/3. VTST/VT_ST_03_14601529.json,,,,0,0,0,True
VT_ST_03_14601543,data/raw/steel/01.원천데이터/3. VTST/VT_ST_03_14601543.jpg,data/raw/steel/02.라벨링데이터/3. VTST/VT_ST_03_14601543.json,,,,0,0,0,True
VT_ST_03_14601548,data/raw/steel/01.원천데이터/3. VTST/VT_ST_03_14601548.jpg,data/raw/steel/02.라벨링데이터/3. VTST/VT_ST_03_14601548.json,,,,0,0,0,True
VT_ST_03_14601549,data/raw/steel/01.원천데이터/3. VTST/VT_ST_03_14601549.jpg,data/raw/steel/02.라벨링데이터/3. VTST/VT_ST_03_14601549.json,,,,0,0,0,True
VT_ST_03_14601554,data/raw/steel/01.원천데이터/3. VTST/VT_ST_03_14601554.jpg,data/raw/steel/02.라벨링데이터/3. VTST/VT_ST_03_14601554.json,,,,0,0,0,True
VT_ST_03_14601592,data/raw/steel/01.원천데이터/3. VTST/VT_ST_03_14601592.jpg,data/raw/steel/02.라벨링데이터/3. VTST/VT_ST_03_14601592.json,,,,0,0,0,True
VT_ST_03_14601593,data/raw/steel/01.원천데이터/3. VTST/VT_ST_03_14601593.jpg,data/raw/steel/02.라벨링데이터/3. VTST/VT_ST_03_14601593.json,,,,0,0,0,True
VT_ST_03_14601594,data/raw/steel/01.원천데이터/3. VTST/VT_ST_03_14601594.jpg,data/raw/steel/02.라벨링데이터/3. VTST/VT_ST_03_14601594.json,,,,0,0,0,True
VT_ST_03_14601601,data/raw/steel/01.원천데이터/3. VTST/VT_ST_03_14601601.jpg,data/raw/steel/02.라벨링데이터/3. VTST/VT_ST_03_14601601.json,,,,0,0,0,True
VT_ST_03_14601617,data/raw/steel/01.원천데이터/3. VTST/VT_ST_03_14601617.jpg,data/raw/steel/02.라벨링데이터/3. VTST/VT_ST_03_14601617.json,,,,0,0,0,True
VT_ST_03_14601628,data/raw/steel/01.원천데이터/3. VTST/VT_ST_03_14601628.jpg,data/raw/steel/02.라벨링데이터/3. VTST/VT_ST_03_14601628.json,,,,0,0,0,True
VT_ST_03_14601640,data/raw/steel/01.원천데이터/3. VTST/VT_ST_03_14601640.jpg,data/raw/steel/02.라벨링데이터/3. VTST/VT_ST_03_14601640.json,,,,0,0,0,True
VT_ST_03_14601654,data/raw/steel/01.원천데이터/3. VTST/VT_ST_03_14601654.jpg,data/raw/steel/02.라벨링데이터/3. VTST/VT_ST_03_14601654.json,,,,0,0,0,True
VT_ST_03_14601656,data/raw/steel/01.원천데이터/3. VTST/VT_ST_03_14601656.jpg,data/raw/steel/02.라벨링데이터/3. VTST/VT_ST_03_14601656.json,,,,0,0,0,True
VT_ST_03_14601677,data/raw/steel/01.원천데이터/3. VTST/VT_ST_03_14601677.jpg,data/raw/steel/02.라벨링데이터/3. VTST/VT_ST_03_14601677.json,,,,0,0,0,True
VT_ST_03_14601681,data/raw/steel/01.원천데이터/3. VTST/VT_ST_03_14601681.jpg,data/raw/steel/02.라벨링데이터/3. VTST/VT_ST_03_14601681.json,,,,0,0,0,True
VT_ST_03_14601693,data/raw/steel/01.원천데이터/3. VTST/VT_ST_03_14601693.jpg,data/raw/steel/02.라벨링데이터/3. VTST/VT_ST_03_14601693.json,,,,0,0,0,True
VT_ST_03_14601694,data/raw/steel/01.원천데이터/3. VTST/VT_ST_03_14601694.jpg,data/raw/steel/02.라벨링데이터/3. VTST/VT_ST_03_14601694.json,,,,0,0,0,True
VT_ST_03_14601712,data/raw/steel/01.원천데이터/3. VTST/VT_ST_03_14601712.jpg,data/raw/steel/02.라벨링데이터/3. VTST/VT_ST_03_14601712.json,,,,0,0,0,True
VT_ST_03_14601720,data/raw/steel/01.원천데이터/3. VTST/VT_ST_03_14601720.jpg,data/raw/steel/02.라벨링데이터/3. VTST/VT_ST_03_14601720.json,,,,0,0,0,True
VT_ST_03_14601744,data/raw/steel/01.원천데이터/3. VTST/VT_ST_03_14601744.jpg,data/raw/steel/02.라벨링데이터/3. VTST/VT_ST_03_14601744.json,,,,0,0,0,True
VT_ST_03_14601748,data/raw/steel/01.원천데이터/3. VTST/VT_ST_03_14601748.jpg,data/raw/steel/02.라벨링데이터/3. VTST/VT_ST_03_14601748.json,,,,0,0,0,True
VT_ST_03_14601755,data/raw/steel/01.원천데이터/3. VTST/VT_ST_03_14601755.jpg,data/raw/steel/02.라벨링데이터/3. VTST/VT_ST_03_14601755.json,,,,0,0,0,True
VT_ST_03_14601765,data/raw/steel/01.원천데이터/3. VTST/VT_ST_03_14601765.jpg,data/raw/steel/02.라벨링데이터/3. VTST/VT_ST_03_14601765.json,,,,0,0,0,True
VT_ST_03_14601791,data/raw/steel/01.원천데이터/3. VTST/VT_ST_03_14601791.jpg,data/raw/steel/02.라벨링데이터/3. VTST/VT_ST_03_14601791.json,,,,0,0,0,True
VT_ST_03_14601802,data/raw/steel/01.원천데이터/3. VTST/VT_ST_03_14601802.jpg,data/raw/steel/02.라벨링데이터/3. VTST/VT_ST_03_14601802.json,,,,0,0,0,True
VT_ST_03_14601810,data/raw/steel/01.원천데이터/3. VTST/VT_ST_03_14601810.jpg,data/raw/steel/02.라벨링데이터/3. VTST/VT_ST_03_14601810.json,,,,0,0,0,True
VT_ST_03_14601824,data/raw/steel/01.원천데이터/3. VTST/VT_ST_03_14601824.jpg,data/raw/steel/02.라벨링데이터/3. VTST/VT_ST_03_14601824.json,,,,0,0,0,True
VT_ST_03_14601830,data/raw/steel/01.원천데이터/3. VTST/VT_ST_03_14601830.jpg,data/raw/steel/02.라벨링데이터/3. VTST/VT_ST_03_14601830.json,,,,0,0,0,True
VT_ST_03_14601833,data/raw/steel/01.원천데이터/3. VTST/VT_ST_03_14601833.jpg,data/raw/steel/02.라벨링데이터/3. VTST/VT_ST_03_14601833.json,,,,0,0,0,True
VT_ST_03_14601846,data/raw/steel/01.원천데이터/3. VTST/VT_ST_03_14601846.jpg,data/raw/steel/02.라벨링데이터/3. VTST/VT_ST_03_14601846.json,,,,0,0,0,True
VT_ST_03_14601850,data/raw/steel/01.원천데이터/3. VTST/VT_ST_03_14601850.jpg,data/raw/steel/02.라벨링데이터/3. VTST/VT_ST_03_14601850.json,,,,0,0,0,True
VT_ST_03_14601867,data/raw/steel/01.원천데이터/3. VTST/VT_ST_03_14601867.jpg,data/raw/steel/02.라벨링데이터/3. VTST/VT_ST_03_14601867.json,,,,0,0,0,True
VT_ST_03_14601868,data/raw/steel/01.원천데이터/3. VTST/VT_ST_03_14601868.jpg,data/raw/steel/02.라벨링데이터/3. VTST/VT_ST_03_14601868.json,,,,0,0,0,True
VT_ST_03_14601883,data/raw/steel/01.원천데이터/3. VTST/VT_ST_03_14601883.jpg,data/raw/steel/02.라벨링데이터/3. VTST/VT_ST_03_14601883.json,,,,0,0,0,True
VT_ST_03_14601884,data/raw/steel/01.원천데이터/3. VTST/VT_ST_03_14601884.jpg,data/raw/steel/02.라벨링데이터/3. VTST/VT_ST_03_14601884.json,,,,0,0,0,True
VT_ST_03_14601908,data/raw/steel/01.원천데이터/3. VTST/VT_ST_03_14601908.jpg,data/raw/steel/02.라벨링데이터/3. VTST/VT_ST_03_14601908.json,,,,0,0,0,True
VT_ST_03_14601911,data/raw/steel/01.원천데이터/3. VTST/VT_ST_03_14601911.jpg,data/raw/steel/02.라벨링데이터/3. VTST/VT_ST_03_14601911.json,,,,0,0,0,True
VT_ST_03_14601912,data/raw/steel/01.원천데이터/3. VTST/VT_ST_03_14601912.jpg,data/raw/steel/02.라벨링데이터/3. VTST/VT_ST_03_14601912.json,,,,0,0,0,True
VT_ST_03_14601915,data/raw/steel/01.원천데이터/3. VTST/VT_ST_03_14601915.jpg,data/raw/steel/02.라벨링데이터/3. VTST/VT_ST_03_14601915.json,,,,0,0,0,True
VT_ST_03_14601916,data/raw/steel/01.원천데이터/3. VTST/VT_ST_03_14601916.jpg,data/raw/steel/02.라벨링데이터/3. VTST/VT_ST_03_14601916.json,,,,0,0,0,True
VT_ST_03_14601929,data/raw/steel/01.원천데이터/3. VTST/VT_ST_03_14601929.jpg,data/raw/steel/02.라벨링데이터/3. VTST/VT_ST_03_14601929.json,,,,0,0,0,True
VT_ST_03_14601933,data/raw/steel/01.원천데이터/3. VTST/VT_ST_03_14601933.jpg,data/raw/steel/02.라벨링데이터/3. VTST/VT_ST_03_14601933.json,,,,0,0,0,True
VT_ST_03_14601939,data/raw/steel/01.원천데이터/3. VTST/VT_ST_03_14601939.jpg,data/raw/steel/02.라벨링데이터/3. VTST/VT_ST_03_14601939.json,,,,0,0,0,True
VT_ST_03_14601947,data/raw/steel/01.원천데이터/3. VTST/VT_ST_03_14601947.jpg,data/raw/steel/02.라벨링데이터/3. VTST/VT_ST_03_14601947.json,,,,0,0,0,True
VT_ST_03_14601950,data/raw/steel/01.원천데이터/3. VTST/VT_ST_03_14601950.jpg,data/raw/steel/02.라벨링데이터/3. VTST/VT_ST_03_14601950.json,,,,0,0,0,True
VT_ST_03_14601951,data/raw/steel/01.원천데이터/3. VTST/VT_ST_03_14601951.jpg,data/raw/steel/02.라벨링데이터/3. VTST/VT_ST_03_14601951.json,,,,0,0,0,True
VT_ST_03_14601953,data/raw/steel/01.원천데이터/3. VTST/VT_ST_03_14601953.jpg,data/raw/steel/02.라벨링데이터/3. VTST/VT_ST_03_14601953.json,,,,0,0,0,True
VT_ST_03_14601979,data/raw/steel/01.원천데이터/3. VTST/VT_ST_03_14601979.jpg,data/raw/steel/02.라벨링데이터/3. VTST/VT_ST_03_14601979.json,,,,0,0,0,True
VT_ST_03_14601983,data/raw/steel/01.원천데이터/3. VTST/VT_ST_03_14601983.jpg,data/raw/steel/02.라벨링데이터/3. VTST/VT_ST_03_14601983.json,,,,0,0,0,True
VT_ST_03_14601993,data/raw/steel/01.원천데이터/3. VTST/VT_ST_03_14601993.jpg,data/raw/steel/02.라벨링데이터/3. VTST/VT_ST_03_14601993.json,,,,0,0,0,True
VT_ST_03_14601998,data/raw/steel/01.원천데이터/3. VTST/VT_ST_03_14601998.jpg,data/raw/steel/02.라벨링데이터/3. VTST/VT_ST_03_14601998.json,,,,0,0,0,True
VT_ST_03_14601999,data/raw/steel/01.원천데이터/3. VTST/VT_ST_03_14601999.jpg,data/raw/steel/02.라벨링데이터/3. VTST/VT_ST_03_14601999.json,,,,0,0,0,True
VT_ST_03_14602003,data/raw/steel/01.원천데이터/3. VTST/VT_ST_03_14602003.jpg,data/raw/steel/02.라벨링데이터/3. VTST/VT_ST_03_14602003.json,,,,0,0,0,True
VT_ST_03_14602011,data/raw/steel/01.원천데이터/3. VTST/VT_ST_03_14602011.jpg,data/raw/steel/02.라벨링데이터/3. VTST/VT_ST_03_14602011.json,,,,0,0,0,True
VT_ST_03_14602035,data/raw/steel/01.원천데이터/3. VTST/VT_ST_03_14602035.jpg,data/raw/steel/02.라벨링데이터/3. VTST/VT_ST_03_14602035.json,,,,0,0,0,True
VT_ST_03_14602043,data/raw/steel/01.원천데이터/3. VTST/VT_ST_03_14602043.jpg,data/raw/steel/02.라벨링데이터/3. VTST/VT_ST_03_14602043.json,,,,0,0,0,True
VT_ST_03_14602048,data/raw/steel/01.원천데이터/3. VTST/VT_ST_03_14602048.jpg,data/raw/steel/02.라벨링데이터/3. VTST/VT_ST_03_14602048.json,,,,0,0,0,True
VT_ST_03_14602075,data/raw/steel/01.원천데이터/3. VTST/VT_ST_03_14602075.jpg,data/raw/steel/02.라벨링데이터/3. VTST/VT_ST_03_14602075.json,,,,0,0,0,True
VT_ST_03_14602088,data/raw/steel/01.원천데이터/3. VTST/VT_ST_03_14602088.jpg,data/raw/steel/02.라벨링데이터/3. VTST/VT_ST_03_14602088.json,,,,0,0,0,True
VT_ST_03_14602089,data/raw/steel/01.원천데이터/3. VTST/VT_ST_03_14602089.jpg,data/raw/steel/02.라벨링데이터/3. VTST/VT_ST_03_14602089.json,,,,0,0,0,True
VT_ST_03_14602096,data/raw/steel/01.원천데이터/3. VTST/VT_ST_03_14602096.jpg,data/raw/steel/02.라벨링데이터/3. VTST/VT_ST_03_14602096.json,,,,0,0,0,True
VT_ST_03_14602120,data/raw/steel/01.원천데이터/3. VTST/VT_ST_03_14602120.jpg,data/raw/steel/02.라벨링데이터/3. VTST/VT_ST_03_14602120.json,,,,0,0,0,True
VT_ST_03_14602129,data/raw/steel/01.원천데이터/3. VTST/VT_ST_03_14602129.jpg,data/raw/steel/02.라벨링데이터/3. VTST/VT_ST_03_14602129.json,,,,0,0,0,True
VT_ST_03_14602131,data/raw/steel/01.원천데이터/3. VTST/VT_ST_03_14602131.jpg,data/raw/steel/02.라벨링데이터/3. VTST/VT_ST_03_14602131.json,,,,0,0,0,True
VT_ST_03_14602146,data/raw/steel/01.원천데이터/3. VTST/VT_ST_03_14602146.jpg,data/raw/steel/02.라벨링데이터/3. VTST/VT_ST_03_14602146.json,,,,0,0,0,True
VT_ST_03_14602150,data/raw/steel/01.원천데이터/3. VTST/VT_ST_03_14602150.jpg,data/raw/steel/02.라벨링데이터/3. VTST/VT_ST_03_14602150.json,,,,0,0,0,True
VT_ST_03_14602152,data/raw/steel/01.원천데이터/3. VTST/VT_ST_03_14602152.jpg,data/raw/steel/02.라벨링데이터/3. VTST/VT_ST_03_14602152.json,,,,0,0,0,True
VT_ST_03_14602162,data/raw/steel/01.원천데이터/3. VTST/VT_ST_03_14602162.jpg,data/raw/steel/02.라벨링데이터/3. VTST/VT_ST_03_14602162.json,,,,0,0,0,True
VT_ST_03_14602169,data/raw/steel/01.원천데이터/3. VTST/VT_ST_03_14602169.jpg,data/raw/steel/02.라벨링데이터/3. VTST/VT_ST_03_14602169.json,,,,0,0,0,True
VT_ST_03_14602170,data/raw/steel/01.원천데이터/3. VTST/VT_ST_03_14602170.jpg,data/raw/steel/02.라벨링데이터/3. VTST/VT_ST_03_14602170.json,,,,0,0,0,True
VT_ST_03_14602191,data/raw/steel/01.원천데이터/3. VTST/VT_ST_03_14602191.jpg,data/raw/steel/02.라벨링데이터/3. VTST/VT_ST_03_14602191.json,,,,0,0,0,True
VT_ST_03_14602211,data/raw/steel/01.원천데이터/3. VTST/VT_ST_03_14602211.jpg,data/raw/steel/02.라벨링데이터/3. VTST/VT_ST_03_14602211.json,,,,0,0,0,True
VT_ST_03_14602214,data/raw/steel/01.원천데이터/3. VTST/VT_ST_03_14602214.jpg,data/raw/steel/02.라벨링데이터/3. VTST/VT_ST_03_14602214.json,,,,0,0,0,True
VT_ST_03_14602244,data/raw/steel/01.원천데이터/3. VTST/VT_ST_03_14602244.jpg,data/raw/steel/02.라벨링데이터/3. VTST/VT_ST_03_14602244.json,,,,0,0,0,True
VT_ST_03_14602249,data/raw/steel/01.원천데이터/3. VTST/VT_ST_03_14602249.jpg,data/raw/steel/02.라벨링데이터/3. VTST/VT_ST_03_14602249.json,,,,0,0,0,True
VT_ST_03_14602251,data/raw/steel/01.원천데이터/3. VTST/VT_ST_03_14602251.jpg,data/raw/steel/02.라벨링데이터/3. VTST/VT_ST_03_14602251.json,,,,0,0,0,True
VT_ST_03_14602253,data/raw/steel/01.원천데이터/3. VTST/VT_ST_03_14602253.jpg,data/raw/steel/02.라벨링데이터/3. VTST/VT_ST_03_14602253.json,,,,0,0,0,True
VT_ST_03_14602255,data/raw/steel/01.원천데이터/3. VTST/VT_ST_03_14602255.jpg,data/raw/steel/02.라벨링데이터/3. VTST/VT_ST_03_14602255.json,,,,0,0,0,True
VT_ST_03_14602259,data/raw/steel/01.원천데이터/3. VTST/VT_ST_03_14602259.jpg,data/raw/steel/02.라벨링데이터/3. VTST/VT_ST_03_14602259.json,,,,0,0,0,True
VT_ST_03_14602270,data/raw/steel/01.원천데이터/3. VTST/VT_ST_03_14602270.jpg,data/raw/steel/02.라벨링데이터/3. VTST/VT_ST_03_14602270.json,,,,0,0,0,True
VT_ST_03_14602272,data/raw/steel/01.원천데이터/3. VTST/VT_ST_03_14602272.jpg,data/raw/steel/02.라벨링데이터/3. VTST/VT_ST_03_14602272.json,,,,0,0,0,True
VT_ST_03_14602289,data/raw/steel/01.원천데이터/3. VTST/VT_ST_03_14602289.jpg,data/raw/steel/02.라벨링데이터/3. VTST/VT_ST_03_14602289.json,,,,0,0,0,True
VT_ST_03_14602317,data/raw/steel/01.원천데이터/3. VTST/VT_ST_03_14602317.jpg,data/raw/steel/02.라벨링데이터/3. VTST/VT_ST_03_14602317.json,,,,0,0,0,True
VT_ST_03_14602331,data/raw/steel/01.원천데이터/3. VTST/VT_ST_03_14602331.jpg,data/raw/steel/02.라벨링데이터/3. VTST/VT_ST_03_14602331.json,,,,0,0,0,True
VT_ST_03_14602342,data/raw/steel/01.원천데이터/3. VTST/VT_ST_03_14602342.jpg,data/raw/steel/02.라벨링데이터/3. VTST/VT_ST_03_14602342.json,,,,0,0,0,True
VT_ST_03_14602354,data/raw/steel/01.원천데이터/3. VTST/VT_ST_03_14602354.jpg,data/raw/steel/02.라벨링데이터/3. VTST/VT_ST_03_14602354.json,,,,0,0,0,True
VT_ST_03_14602370,data/raw/steel/01.원천데이터/3. VTST/VT_ST_03_14602370.jpg,data/raw/steel/02.라벨링데이터/3. VTST/VT_ST_03_14602370.json,,,,0,0,0,True
VT_ST_03_14602373,data/raw/steel/01.원천데이터/3. VTST/VT_ST_03_14602373.jpg,data/raw/steel/02.라벨링데이터/3. VTST/VT_ST_03_14602373.json,,,,0,0,0,True
VT_ST_03_14602374,data/raw/steel/01.원천데이터/3. VTST/VT_ST_03_14602374.jpg,data/raw/steel/02.라벨링데이터/3. VTST/VT_ST_03_14602374.json,,,,0,0,0,True
VT_ST_03_14602395,data/raw/steel/01.원천데이터/3. VTST/VT_ST_03_14602395.jpg,data/raw/steel/02.라벨링데이터/3. VTST/VT_ST_03_14602395.json,,,,0,0,0,True
VT_ST_03_14602397,data/raw/steel/01.원천데이터/3. VTST/VT_ST_03_14602397.jpg,data/raw/steel/02.라벨링데이터/3. VTST/VT_ST_03_14602397.json,,,,0,0,0,True
VT_ST_03_14602427,data/raw/steel/01.원천데이터/3. VTST/VT_ST_03_14602427.jpg,data/raw/steel/02.라벨링데이터/3. VTST/VT_ST_03_14602427.json,,,,0,0,0,True
VT_ST_03_14602435,data/raw/steel/01.원천데이터/3. VTST/VT_ST_03_14602435.jpg,data/raw/steel/02.라벨링데이터/3. VTST/VT_ST_03_14602435.json,,,,0,0,0,True
VT_ST_03_14602456,data/raw/steel/01.원천데이터/3. VTST/VT_ST_03_14602456.jpg,data/raw/steel/02.라벨링데이터/3. VTST/VT_ST_03_14602456.json,,,,0,0,0,True
VT_ST_03_14602469,data/raw/steel/01.원천데이터/3. VTST/VT_ST_03_14602469.jpg,data/raw/steel/02.라벨링데이터/3. VTST/VT_ST_03_14602469.json,,,,0,0,0,True
VT_ST_03_14602482,data/raw/steel/01.원천데이터/3. VTST/VT_ST_03_14602482.jpg,data/raw/steel/02.라벨링데이터/3. VTST/VT_ST_03_14602482.json,,,,0,0,0,True
VT_ST_03_14602483,data/raw/steel/01.원천데이터/3. VTST/VT_ST_03_14602483.jpg,data/raw/steel/02.라벨링데이터/3. VTST/VT_ST_03_14602483.json,,,,0,0,0,True
VT_ST_03_14602489,data/raw/steel/01.원천데이터/3. VTST/VT_ST_03_14602489.jpg,data/raw/steel/02.라벨링데이터/3. VTST/VT_ST_03_14602489.json,,,,0,0,0,True
VT_ST_03_14602496,data/raw/steel/01.원천데이터/3. VTST/VT_ST_03_14602496.jpg,data/raw/steel/02.라벨링데이터/3. VTST/VT_ST_03_14602496.json,,,,0,0,0,True
VT_ST_03_14602498,data/raw/steel/01.원천데이터/3. VTST/VT_ST_03_14602498.jpg,data/raw/steel/02.라벨링데이터/3. VTST/VT_ST_03_14602498.json,,,,0,0,0,True
VT_ST_03_14602499,data/raw/steel/01.원천데이터/3. VTST/VT_ST_03_14602499.jpg,data/raw/steel/02.라벨링데이터/3. VTST/VT_ST_03_14602499.json,,,,0,0,0,True
VT_ST_03_14602505,data/raw/steel/01.원천데이터/3. VTST/VT_ST_03_14602505.jpg,data/raw/steel/02.라벨링데이터/3. VTST/VT_ST_03_14602505.json,,,,0,0,0,True
VT_ST_03_14602515,data/raw/steel/01.원천데이터/3. VTST/VT_ST_03_14602515.jpg,data/raw/steel/02.라벨링데이터/3. VTST/VT_ST_03_14602515.json,,,,0,0,0,True
VT_ST_03_14602523,data/raw/steel/01.원천데이터/3. VTST/VT_ST_03_14602523.jpg,data/raw/steel/02.라벨링데이터/3. VTST/VT_ST_03_14602523.json,,,,0,0,0,True
VT_ST_03_14602526,data/raw/steel/01.원천데이터/3. VTST/VT_ST_03_14602526.jpg,data/raw/steel/02.라벨링데이터/3. VTST/VT_ST_03_14602526.json,,,,0,0,0,True
VT_ST_03_14602528,data/raw/steel/01.원천데이터/3. VTST/VT_ST_03_14602528.jpg,data/raw/steel/02.라벨링데이터/3. VTST/VT_ST_03_14602528.json,,,,0,0,0,True
VT_ST_03_14602533,data/raw/steel/01.원천데이터/3. VTST/VT_ST_03_14602533.jpg,data/raw/steel/02.라벨링데이터/3. VTST/VT_ST_03_14602533.json,,,,0,0,0,True
VT_ST_03_14602534,data/raw/steel/01.원천데이터/3. VTST/VT_ST_03_14602534.jpg,data/raw/steel/02.라벨링데이터/3. VTST/VT_ST_03_14602534.json,,,,0,0,0,True
VT_ST_03_14602547,data/raw/steel/01.원천데이터/3. VTST/VT_ST_03_14602547.jpg,data/raw/steel/02.라벨링데이터/3. VTST/VT_ST_03_14602547.json,,,,0,0,0,True
VT_ST_03_14602549,data/raw/steel/01.원천데이터/3. VTST/VT_ST_03_14602549.jpg,data/raw/steel/02.라벨링데이터/3. VTST/VT_ST_03_14602549.json,,,,0,0,0,True
VT_ST_03_14602567,data/raw/steel/01.원천데이터/3. VTST/VT_ST_03_14602567.jpg,data/raw/steel/02.라벨링데이터/3. VTST/VT_ST_03_14602567.json,,,,0,0,0,True
VT_ST_03_14602628,data/raw/steel/01.원천데이터/3. VTST/VT_ST_03_14602628.jpg,data/raw/steel/02.라벨링데이터/3. VTST/VT_ST_03_14602628.json,,,,0,0,0,True
VT_ST_03_14602631,data/raw/steel/01.원천데이터/3. VTST/VT_ST_03_14602631.jpg,data/raw/steel/02.라벨링데이터/3. VTST/VT_ST_03_14602631.json,,,,0,0,0,True
VT_ST_03_14602635,data/raw/steel/01.원천데이터/3. VTST/VT_ST_03_14602635.jpg,data/raw/steel/02.라벨링데이터/3. VTST/VT_ST_03_14602635.json,,,,0,0,0,True
VT_ST_03_14602643,data/raw/steel/01.원천데이터/3. VTST/VT_ST_03_14602643.jpg,data/raw/steel/02.라벨링데이터/3. VTST/VT_ST_03_14602643.json,,,,0,0,0,True
VT_ST_03_14602657,data/raw/steel/01.원천데이터/3. VTST/VT_ST_03_14602657.jpg,data/raw/steel/02.라벨링데이터/3. VTST/VT_ST_03_14602657.json,,,,0,0,0,True
VT_ST_03_14602662,data/raw/steel/01.원천데이터/3. VTST/VT_ST_03_14602662.jpg,data/raw/steel/02.라벨링데이터/3. VTST/VT_ST_03_14602662.json,,,,0,0,0,True
VT_ST_03_14602679,data/raw/steel/01.원천데이터/3. VTST/VT_ST_03_14602679.jpg,data/raw/steel/02.라벨링데이터/3. VTST/VT_ST_03_14602679.json,,,,0,0,0,True
VT_ST_03_14602690,data/raw/steel/01.원천데이터/3. VTST/VT_ST_03_14602690.jpg,data/raw/steel/02.라벨링데이터/3. VTST/VT_ST_03_14602690.json,,,,0,0,0,True
VT_ST_03_14602708,data/raw/steel/01.원천데이터/3. VTST/VT_ST_03_14602708.jpg,data/raw/steel/02.라벨링데이터/3. VTST/VT_ST_03_14602708.json,,,,0,0,0,True
VT_ST_03_14602710,data/raw/steel/01.원천데이터/3. VTST/VT_ST_03_14602710.jpg,data/raw/steel/02.라벨링데이터/3. VTST/VT_ST_03_14602710.json,,,,0,0,0,True
VT_ST_03_14602729,data/raw/steel/01.원천데이터/3. VTST/VT_ST_03_14602729.jpg,data/raw/steel/02.라벨링데이터/3. VTST/VT_ST_03_14602729.json,,,,0,0,0,True
VT_ST_03_14602731,data/raw/steel/01.원천데이터/3. VTST/VT_ST_03_14602731.jpg,data/raw/steel/02.라벨링데이터/3. VTST/VT_ST_03_14602731.json,,,,0,0,0,True
VT_ST_03_14602781,data/raw/steel/01.원천데이터/3. VTST/VT_ST_03_14602781.jpg,data/raw/steel/02.라벨링데이터/3. VTST/VT_ST_03_14602781.json,,,,0,0,0,True
VT_ST_03_14602789,data/raw/steel/01.원천데이터/3. VTST/VT_ST_03_14602789.jpg,data/raw/steel/02.라벨링데이터/3. VTST/VT_ST_03_14602789.json,,,,0,0,0,True
VT_ST_03_14602801,data/raw/steel/01.원천데이터/3. VTST/VT_ST_03_14602801.jpg,data/raw/steel/02.라벨링데이터/3. VTST/VT_ST_03_14602801.json,,,,0,0,0,True
VT_ST_03_14602802,data/raw/steel/01.원천데이터/3. VTST/VT_ST_03_14602802.jpg,data/raw/steel/02.라벨링데이터/3. VTST/VT_ST_03_14602802.json,,,,0,0,0,True
VT_ST_03_14602808,data/raw/steel/01.원천데이터/3. VTST/VT_ST_03_14602808.jpg,data/raw/steel/02.라벨링데이터/3. VTST/VT_ST_03_14602808.json,,,,0,0,0,True
VT_ST_03_14602814,data/raw/steel/01.원천데이터/3. VTST/VT_ST_03_14602814.jpg,data/raw/steel/02.라벨링데이터/3. VTST/VT_ST_03_14602814.json,,,,0,0,0,True
VT_ST_03_14602819,data/raw/steel/01.원천데이터/3. VTST/VT_ST_03_14602819.jpg,data/raw/steel/02.라벨링데이터/3. VTST/VT_ST_03_14602819.json,,,,0,0,0,True
VT_ST_03_14602833,data/raw/steel/01.원천데이터/3. VTST/VT_ST_03_14602833.jpg,data/raw/steel/02.라벨링데이터/3. VTST/VT_ST_03_14602833.json,,,,0,0,0,True
VT_ST_03_14602834,data/raw/steel/01.원천데이터/3. VTST/VT_ST_03_14602834.jpg,data/raw/steel/02.라벨링데이터/3. VTST/VT_ST_03_14602834.json,,,,0,0,0,True
VT_ST_03_14602845,data/raw/steel/01.원천데이터/3. VTST/VT_ST_03_14602845.jpg,data/raw/steel/02.라벨링데이터/3. VTST/VT_ST_03_14602845.json,,,,0,0,0,True
VT_ST_03_14602847,data/raw/steel/01.원천데이터/3. VTST/VT_ST_03_14602847.jpg,data/raw/steel/02.라벨링데이터/3. VTST/VT_ST_03_14602847.json,,,,0,0,0,True
VT_ST_03_14602849,data/raw/steel/01.원천데이터/3. VTST/VT_ST_03_14602849.jpg,data/raw/steel/02.라벨링데이터/3. VTST/VT_ST_03_14602849.json,,,,0,0,0,True
VT_ST_03_14602858,data/raw/steel/01.원천데이터/3. VTST/VT_ST_03_14602858.jpg,data/raw/steel/02.라벨링데이터/3. VTST/VT_ST_03_14602858.json,,,,0,0,0,True
VT_ST_03_14602871,data/raw/steel/01.원천데이터/3. VTST/VT_ST_03_14602871.jpg,data/raw/steel/02.라벨링데이터/3. VTST/VT_ST_03_14602871.json,,,,0,0,0,True
VT_ST_03_14602907,data/raw/steel/01.원천데이터/3. VTST/VT_ST_03_14602907.jpg,data/raw/steel/02.라벨링데이터/3. VTST/VT_ST_03_14602907.json,,,,0,0,0,True
VT_ST_03_14602932,data/raw/steel/01.원천데이터/3. VTST/VT_ST_03_14602932.jpg,data/raw/steel/02.라벨링데이터/3. VTST/VT_ST_03_14602932.json,,,,0,0,0,True
VT_ST_03_14602942,data/raw/steel/01.원천데이터/3. VTST/VT_ST_03_14602942.jpg,data/raw/steel/02.라벨링데이터/3. VTST/VT_ST_03_14602942.json,,,,0,0,0,True
VT_ST_03_14602947,data/raw/steel/01.원천데이터/3. VTST/VT_ST_03_14602947.jpg,data/raw/steel/02.라벨링데이터/3. VTST/VT_ST_03_14602947.json,,,,0,0,0,True
VT_ST_03_14602960,data/raw/steel/01.원천데이터/3. VTST/VT_ST_03_14602960.jpg,data/raw/steel/02.라벨링데이터/3. VTST/VT_ST_03_14602960.json,,,,0,0,0,True
VT_ST_03_14602961,data/raw/steel/01.원천데이터/3. VTST/VT_ST_03_14602961.jpg,data/raw/steel/02.라벨링데이터/3. VTST/VT_ST_03_14602961.json,,,,0,0,0,True
VT_ST_03_14602971,data/raw/steel/01.원천데이터/3. VTST/VT_ST_03_14602971.jpg,data/raw/steel/02.라벨링데이터/3. VTST/VT_ST_03_14602971.json,,,,0,0,0,True
VT_ST_03_14602974,data/raw/steel/01.원천데이터/3. VTST/VT_ST_03_14602974.jpg,data/raw/steel/02.라벨링데이터/3. VTST/VT_ST_03_14602974.json,,,,0,0,0,True
VT_ST_03_14602982,data/raw/steel/01.원천데이터/3. VTST/VT_ST_03_14602982.jpg,data/raw/steel/02.라벨링데이터/3. VTST/VT_ST_03_14602982.json,,,,0,0,0,True
VT_ST_03_14602990,data/raw/steel/01.원천데이터/3. VTST/VT_ST_03_14602990.jpg,data/raw/steel/02.라벨링데이터/3. VTST/VT_ST_03_14602990.json,,,,0,0,0,True
VT_ST_03_14602994,data/raw/steel/01.원천데이터/3. VTST/VT_ST_03_14602994.jpg,data/raw/steel/02.라벨링데이터/3. VTST/VT_ST_03_14602994.json,,,,0,0,0,True
VT_ST_03_14602996,data/raw/steel/01.원천데이터/3. VTST/VT_ST_03_14602996.jpg,data/raw/steel/02.라벨링데이터/3. VTST/VT_ST_03_14602996.json,,,,0,0,0,True
VT_ST_03_14603007,data/raw/steel/01.원천데이터/3. VTST/VT_ST_03_14603007.jpg,data/raw/steel/02.라벨링데이터/3. VTST/VT_ST_03_14603007.json,,,,0,0,0,True
VT_ST_03_14603010,data/raw/steel/01.원천데이터/3. VTST/VT_ST_03_14603010.jpg,data/raw/steel/02.라벨링데이터/3. VTST/VT_ST_03_14603010.json,,,,0,0,0,True
VT_ST_03_14603033,data/raw/steel/01.원천데이터/3. VTST/VT_ST_03_14603033.jpg,data/raw/steel/02.라벨링데이터/3. VTST/VT_ST_03_14603033.json,,,,0,0,0,True
VT_ST_03_14603050,data/raw/steel/01.원천데이터/3. VTST/VT_ST_03_14603050.jpg,data/raw/steel/02.라벨링데이터/3. VTST/VT_ST_03_14603050.json,,,,0,0,0,True
VT_ST_03_14603066,data/raw/steel/01.원천데이터/3. VTST/VT_ST_03_14603066.jpg,data/raw/steel/02.라벨링데이터/3. VTST/VT_ST_03_14603066.json,,,,0,0,0,True
VT_ST_03_14603072,data/raw/steel/01.원천데이터/3. VTST/VT_ST_03_14603072.jpg,data/raw/steel/02.라벨링데이터/3. VTST/VT_ST_03_14603072.json,,,,0,0,0,True
VT_ST_03_14603073,data/raw/steel/01.원천데이터/3. VTST/VT_ST_03_14603073.jpg,data/raw/steel/02.라벨링데이터/3. VTST/VT_ST_03_14603073.json,,,,0,0,0,True
VT_ST_03_14603078,data/raw/steel/01.원천데이터/3. VTST/VT_ST_03_14603078.jpg,data/raw/steel/02.라벨링데이터/3. VTST/VT_ST_03_14603078.json,,,,0,0,0,True
VT_ST_03_14603079,data/raw/steel/01.원천데이터/3. VTST/VT_ST_03_14603079.jpg,data/raw/steel/02.라벨링데이터/3. VTST/VT_ST_03_14603079.json,,,,0,0,0,True
VT_ST_03_14603139,data/raw/steel/01.원천데이터/3. VTST/VT_ST_03_14603139.jpg,data/raw/steel/02.라벨링데이터/3. VTST/VT_ST_03_14603139.json,,,,0,0,0,True
VT_ST_03_14603157,data/raw/steel/01.원천데이터/3. VTST/VT_ST_03_14603157.jpg,data/raw/steel/02.라벨링데이터/3. VTST/VT_ST_03_14603157.json,,,,0,0,0,True
VT_ST_03_14603165,data/raw/steel/01.원천데이터/3. VTST/VT_ST_03_14603165.jpg,data/raw/steel/02.라벨링데이터/3. VTST/VT_ST_03_14603165.json,,,,0,0,0,True
VT_ST_03_14603167,data/raw/steel/01.원천데이터/3. VTST/VT_ST_03_14603167.jpg,data/raw/steel/02.라벨링데이터/3. VTST/VT_ST_03_14603167.json,,,,0,0,0,True
VT_ST_03_14603184,data/raw/steel/01.원천데이터/3. VTST/VT_ST_03_14603184.jpg,data/raw/steel/02.라벨링데이터/3. VTST/VT_ST_03_14603184.json,,,,0,0,0,True
VT_ST_03_14603194,data/raw/steel/01.원천데이터/3. VTST/VT_ST_03_14603194.jpg,data/raw/steel/02.라벨링데이터/3. VTST/VT_ST_03_14603194.json,,,,0,0,0,True
VT_ST_03_14603205,data/raw/steel/01.원천데이터/3. VTST/VT_ST_03_14603205.jpg,data/raw/steel/02.라벨링데이터/3. VTST/VT_ST_03_14603205.json,,,,0,0,0,True
VT_ST_03_14603211,data/raw/steel/01.원천데이터/3. VTST/VT_ST_03_14603211.jpg,data/raw/steel/02.라벨링데이터/3. VTST/VT_ST_03_14603211.json,,,,0,0,0,True
VT_ST_03_14603230,data/raw/steel/01.원천데이터/3. VTST/VT_ST_03_14603230.jpg,data/raw/steel/02.라벨링데이터/3. VTST/VT_ST_03_14603230.json,,,,0,0,0,True
VT_ST_03_14603235,data/raw/steel/01.원천데이터/3. VTST/VT_ST_03_14603235.jpg,data/raw/steel/02.라벨링데이터/3. VTST/VT_ST_03_14603235.json,,,,0,0,0,True
VT_ST_03_14603254,data/raw/steel/01.원천데이터/3. VTST/VT_ST_03_14603254.jpg,data/raw/steel/02.라벨링데이터/3. VTST/VT_ST_03_14603254.json,,,,0,0,0,True
VT_ST_03_14603255,data/raw/steel/01.원천데이터/3. VTST/VT_ST_03_14603255.jpg,data/raw/steel/02.라벨링데이터/3. VTST/VT_ST_03_14603255.json,,,,0,0,0,True
VT_ST_03_14603259,data/raw/steel/01.원천데이터/3. VTST/VT_ST_03_14603259.jpg,data/raw/steel/02.라벨링데이터/3. VTST/VT_ST_03_14603259.json,,,,0,0,0,True
VT_ST_03_14603263,data/raw/steel/01.원천데이터/3. VTST/VT_ST_03_14603263.jpg,data/raw/steel/02.라벨링데이터/3. VTST/VT_ST_03_14603263.json,,,,0,0,0,True
VT_ST_03_14603281,data/raw/steel/01.원천데이터/3. VTST/VT_ST_03_14603281.jpg,data/raw/steel/02.라벨링데이터/3. VTST/VT_ST_03_14603281.json,,,,0,0,0,True
VT_ST_03_14603287,data/raw/steel/01.원천데이터/3. VTST/VT_ST_03_14603287.jpg,data/raw/steel/02.라벨링데이터/3. VTST/VT_ST_03_14603287.json,,,,0,0,0,True
VT_ST_03_14603304,data/raw/steel/01.원천데이터/3. VTST/VT_ST_03_14603304.jpg,data/raw/steel/02.라벨링데이터/3. VTST/VT_ST_03_14603304.json,,,,0,0,0,True
VT_ST_03_14603326,data/raw/steel/01.원천데이터/3. VTST/VT_ST_03_14603326.jpg,data/raw/steel/02.라벨링데이터/3. VTST/VT_ST_03_14603326.json,,,,0,0,0,True
VT_ST_03_14603328,data/raw/steel/01.원천데이터/3. VTST/VT_ST_03_14603328.jpg,data/raw/steel/02.라벨링데이터/3. VTST/VT_ST_03_14603328.json,,,,0,0,0,True
VT_ST_03_14603341,data/raw/steel/01.원천데이터/3. VTST/VT_ST_03_14603341.jpg,data/raw/steel/02.라벨링데이터/3. VTST/VT_ST_03_14603341.json,,,,0,0,0,True
VT_ST_03_14603352,data/raw/steel/01.원천데이터/3. VTST/VT_ST_03_14603352.jpg,data/raw/steel/02.라벨링데이터/3. VTST/VT_ST_03_14603352.json,,,,0,0,0,True
VT_ST_03_14603358,data/raw/steel/01.원천데이터/3. VTST/VT_ST_03_14603358.jpg,data/raw/steel/02.라벨링데이터/3. VTST/VT_ST_03_14603358.json,,,,0,0,0,True
VT_ST_03_14603402,data/raw/steel/01.원천데이터/3. VTST/VT_ST_03_14603402.jpg,data/raw/steel/02.라벨링데이터/3. VTST/VT_ST_03_14603402.json,,,,0,0,0,True
VT_ST_03_14603406,data/raw/steel/01.원천데이터/3. VTST/VT_ST_03_14603406.jpg,data/raw/steel/02.라벨링데이터/3. VTST/VT_ST_03_14603406.json,,,,0,0,0,True
VT_ST_03_14603414,data/raw/steel/01.원천데이터/3. VTST/VT_ST_03_14603414.jpg,data/raw/steel/02.라벨링데이터/3. VTST/VT_ST_03_14603414.json,,,,0,0,0,True
VT_ST_03_14603416,data/raw/steel/01.원천데이터/3. VTST/VT_ST_03_14603416.jpg,data/raw/steel/02.라벨링데이터/3. VTST/VT_ST_03_14603416.json,,,,0,0,0,True
VT_ST_03_14603421,data/raw/steel/01.원천데이터/3. VTST/VT_ST_03_14603421.jpg,data/raw/steel/02.라벨링데이터/3. VTST/VT_ST_03_14603421.json,,,,0,0,0,True
VT_ST_03_14603425,data/raw/steel/01.원천데이터/3. VTST/VT_ST_03_14603425.jpg,data/raw/steel/02.라벨링데이터/3. VTST/VT_ST_03_14603425.json,,,,0,0,0,True
VT_ST_03_14603447,data/raw/steel/01.원천데이터/3. VTST/VT_ST_03_14603447.jpg,data/raw/steel/02.라벨링데이터/3. VTST/VT_ST_03_14603447.json,,,,0,0,0,True
VT_ST_03_14603462,data/raw/steel/01.원천데이터/3. VTST/VT_ST_03_14603462.jpg,data/raw/steel/02.라벨링데이터/3. VTST/VT_ST_03_14603462.json,,,,0,0,0,True
VT_ST_03_14603463,data/raw/steel/01.원천데이터/3. VTST/VT_ST_03_14603463.jpg,data/raw/steel/02.라벨링데이터/3. VTST/VT_ST_03_14603463.json,,,,0,0,0,True
VT_ST_03_14603475,data/raw/steel/01.원천데이터/3. VTST/VT_ST_03_14603475.jpg,data/raw/steel/02.라벨링데이터/3. VTST/VT_ST_03_14603475.json,,,,0,0,0,True
VT_ST_03_14603482,data/raw/steel/01.원천데이터/3. VTST/VT_ST_03_14603482.jpg,data/raw/steel/02.라벨링데이터/3. VTST/VT_ST_03_14603482.json,,,,0,0,0,True
VT_ST_03_14603512,data/raw/steel/01.원천데이터/3. VTST/VT_ST_03_14603512.jpg,data/raw/steel/02.라벨링데이터/3. VTST/VT_ST_03_14603512.json,,,,0,0,0,True
VT_ST_03_14603533,data/raw/steel/01.원천데이터/3. VTST/VT_ST_03_14603533.jpg,data/raw/steel/02.라벨링데이터/3. VTST/VT_ST_03_14603533.json,,,,0,0,0,True
VT_ST_03_14603535,data/raw/steel/01.원천데이터/3. VTST/VT_ST_03_14603535.jpg,data/raw/steel/02.라벨링데이터/3. VTST/VT_ST_03_14603535.json,,,,0,0,0,True
VT_ST_03_14603541,data/raw/steel/01.원천데이터/3. VTST/VT_ST_03_14603541.jpg,data/raw/steel/02.라벨링데이터/3. VTST/VT_ST_03_14603541.json,,,,0,0,0,True
VT_ST_03_14603551,data/raw/steel/01.원천데이터/3. VTST/VT_ST_03_14603551.jpg,data/raw/steel/02.라벨링데이터/3. VTST/VT_ST_03_14603551.json,,,,0,0,0,True
VT_ST_03_14603563,data/raw/steel/01.원천데이터/3. VTST/VT_ST_03_14603563.jpg,data/raw/steel/02.라벨링데이터/3. VTST/VT_ST_03_14603563.json,,,,0,0,0,True
VT_ST_03_14603564,data/raw/steel/01.원천데이터/3. VTST/VT_ST_03_14603564.jpg,data/raw/steel/02.라벨링데이터/3. VTST/VT_ST_03_14603564.json,,,,0,0,0,True
VT_ST_03_14603568,data/raw/steel/01.원천데이터/3. VTST/VT_ST_03_14603568.jpg,data/raw/steel/02.라벨링데이터/3. VTST/VT_ST_03_14603568.json,,,,0,0,0,True
VT_ST_03_14603577,data/raw/steel/01.원천데이터/3. VTST/VT_ST_03_14603577.jpg,data/raw/steel/02.라벨링데이터/3. VTST/VT_ST_03_14603577.json,,,,0,0,0,True
VT_ST_03_14603582,data/raw/steel/01.원천데이터/3. VTST/VT_ST_03_14603582.jpg,data/raw/steel/02.라벨링데이터/3. VTST/VT_ST_03_14603582.json,,,,0,0,0,True
VT_ST_04_14617442,data/raw/steel/01.원천데이터/3. VTST/VT_ST_04_14617442.jpg,data/raw/steel/02.라벨링데이터/3. VTST/VT_ST_04_14617442.json,,,,0,0,0,True
VT_ST_04_14617448,data/raw/steel/01.원천데이터/3. VTST/VT_ST_04_14617448.jpg,data/raw/steel/02.라벨링데이터/3. VTST/VT_ST_04_14617448.json,,,,0,0,0,True
VT_ST_04_14617466,data/raw/steel/01.원천데이터/3. VTST/VT_ST_04_14617466.jpg,data/raw/steel/02.라벨링데이터/3. VTST/VT_ST_04_14617466.json,,,,0,0,0,True
VT_ST_04_14617470,data/raw/steel/01.원천데이터/3. VTST/VT_ST_04_14617470.jpg,data/raw/steel/02.라벨링데이터/3. VTST/VT_ST_04_14617470.json,,,,0,0,0,True
VT_ST_04_14617471,data/raw/steel/01.원천데이터/3. VTST/VT_ST_04_14617471.jpg,data/raw/steel/02.라벨링데이터/3. VTST/VT_ST_04_14617471.json,,,,0,0,0,True
VT_ST_04_14617490,data/raw/steel/01.원천데이터/3. VTST/VT_ST_04_14617490.jpg,data/raw/steel/02.라벨링데이터/3. VTST/VT_ST_04_14617490.json,,,,0,0,0,True
VT_ST_04_14617500,data/raw/steel/01.원천데이터/3. VTST/VT_ST_04_14617500.jpg,data/raw/steel/02.라벨링데이터/3. VTST/VT_ST_04_14617500.json,,,,0,0,0,True
VT_ST_04_14617521,data/raw/steel/01.원천데이터/3. VTST/VT_ST_04_14617521.jpg,data/raw/steel/02.라벨링데이터/3. VTST/VT_ST_04_14617521.json,,,,0,0,0,True
VT_ST_04_14617538,data/raw/steel/01.원천데이터/3. VTST/VT_ST_04_14617538.jpg,data/raw/steel/02.라벨링데이터/3. VTST/VT_ST_04_14617538.json,,,,0,0,0,True
VT_ST_04_14617539,data/raw/steel/01.원천데이터/3. VTST/VT_ST_04_14617539.jpg,data/raw/steel/02.라벨링데이터/3. VTST/VT_ST_04_14617539.json,,,,0,0,0,True
VT_ST_04_14617543,data/raw/steel/01.원천데이터/3. VTST/VT_ST_04_14617543.jpg,data/raw/steel/02.라벨링데이터/3. VTST/VT_ST_04_14617543.json,,,,0,0,0,True
VT_ST_04_14617544,data/raw/steel/01.원천데이터/3. VTST/VT_ST_04_14617544.jpg,data/raw/steel/02.라벨링데이터/3. VTST/VT_ST_04_14617544.json,,,,0,0,0,True
VT_ST_04_14617571,data/raw/steel/01.원천데이터/3. VTST/VT_ST_04_14617571.jpg,data/raw/steel/02.라벨링데이터/3. VTST/VT_ST_04_14617571.json,,,,0,0,0,True
VT_ST_04_14617574,data/raw/steel/01.원천데이터/3. VTST/VT_ST_04_14617574.jpg,data/raw/steel/02.라벨링데이터/3. VTST/VT_ST_04_14617574.json,,,,0,0,0,True
VT_ST_04_14617578,data/raw/steel/01.원천데이터/3. VTST/VT_ST_04_14617578.jpg,data/raw/steel/02.라벨링데이터/3. VTST/VT_ST_04_14617578.json,,,,0,0,0,True
VT_ST_04_14617589,data/raw/steel/01.원천데이터/3. VTST/VT_ST_04_14617589.jpg,data/raw/steel/02.라벨링데이터/3. VTST/VT_ST_04_14617589.json,,,,0,0,0,True
VT_ST_04_14617598,data/raw/steel/01.원천데이터/3. VTST/VT_ST_04_14617598.jpg,data/raw/steel/02.라벨링데이터/3. VTST/VT_ST_04_14617598.json,,,,0,0,0,True
VT_ST_04_14617602,data/raw/steel/01.원천데이터/3. VTST/VT_ST_04_14617602.jpg,data/raw/steel/02.라벨링데이터/3. VTST/VT_ST_04_14617602.json,,,,0,0,0,True
VT_ST_04_14617617,data/raw/steel/01.원천데이터/3. VTST/VT_ST_04_14617617.jpg,data/raw/steel/02.라벨링데이터/3. VTST/VT_ST_04_14617617.json,,,,0,0,0,True
VT_ST_04_14617623,data/raw/steel/01.원천데이터/3. VTST/VT_ST_04_14617623.jpg,data/raw/steel/02.라벨링데이터/3. VTST/VT_ST_04_14617623.json,,,,0,0,0,True
VT_ST_04_14617649,data/raw/steel/01.원천데이터/3. VTST/VT_ST_04_14617649.jpg,data/raw/steel/02.라벨링데이터/3. VTST/VT_ST_04_14617649.json,,,,0,0,0,True
VT_ST_04_14617652,data/raw/steel/01.원천데이터/3. VTST/VT_ST_04_14617652.jpg,data/raw/steel/02.라벨링데이터/3. VTST/VT_ST_04_14617652.json,,,,0,0,0,True
VT_ST_04_14617686,data/raw/steel/01.원천데이터/3. VTST/VT_ST_04_14617686.jpg,data/raw/steel/02.라벨링데이터/3. VTST/VT_ST_04_14617686.json,,,,0,0,0,True
VT_ST_04_14617699,data/raw/steel/01.원천데이터/3. VTST/VT_ST_04_14617699.jpg,data/raw/steel/02.라벨링데이터/3. VTST/VT_ST_04_14617699.json,,,,0,0,0,True
VT_ST_04_14617701,data/raw/steel/01.원천데이터/3. VTST/VT_ST_04_14617701.jpg,data/raw/steel/02.라벨링데이터/3. VTST/VT_ST_04_14617701.json,,,,0,0,0,True
VT_ST_04_14617712,data/raw/steel/01.원천데이터/3. VTST/VT_ST_04_14617712.jpg,data/raw/steel/02.라벨링데이터/3. VTST/VT_ST_04_14617712.json,,,,0,0,0,True
VT_ST_04_14617728,data/raw/steel/01.원천데이터/3. VTST/VT_ST_04_14617728.jpg,data/raw/steel/02.라벨링데이터/3. VTST/VT_ST_04_14617728.json,,,,0,0,0,True
VT_ST_04_14617730,data/raw/steel/01.원천데이터/3. VTST/VT_ST_04_14617730.jpg,data/raw/steel/02.라벨링데이터/3. VTST/VT_ST_04_14617730.json,,,,0,0,0,True
VT_ST_04_14617757,data/raw/steel/01.원천데이터/3. VTST/VT_ST_04_14617757.jpg,data/raw/steel/02.라벨링데이터/3. VTST/VT_ST_04_14617757.json,,,,0,0,0,True
VT_ST_04_14617764,data/raw/steel/01.원천데이터/3. VTST/VT_ST_04_14617764.jpg,data/raw/steel/02.라벨링데이터/3. VTST/VT_ST_04_14617764.json,,,,0,0,0,True
VT_ST_04_14617768,data/raw/steel/01.원천데이터/3. VTST/VT_ST_04_14617768.jpg,data/raw/steel/02.라벨링데이터/3. VTST/VT_ST_04_14617768.json,,,,0,0,0,True
VT_ST_04_14617792,data/raw/steel/01.원천데이터/3. VTST/VT_ST_04_14617792.jpg,data/raw/steel/02.라벨링데이터/3. VTST/VT_ST_04_14617792.json,,,,0,0,0,True
VT_ST_04_14617801,data/raw/steel/01.원천데이터/3. VTST/VT_ST_04_14617801.jpg,data/raw/steel/02.라벨링데이터/3. VTST/VT_ST_04_14617801.json,,,,0,0,0,True
VT_ST_04_14617803,data/raw/steel/01.원천데이터/3. VTST/VT_ST_04_14617803.jpg,data/raw/steel/02.라벨링데이터/3. VTST/VT_ST_04_14617803.json,,,,0,0,0,True
VT_ST_04_14617806,data/raw/steel/01.원천데이터/3. VTST/VT_ST_04_14617806.jpg,data/raw/steel/02.라벨링데이터/3. VTST/VT_ST_04_14617806.json,,,,0,0,0,True
VT_ST_04_14617808,data/raw/steel/01.원천데이터/3. VTST/VT_ST_04_14617808.jpg,data/raw/steel/02.라벨링데이터/3. VTST/VT_ST_04_14617808.json,,,,0,0,0,True
VT_ST_04_14617822,data/raw/steel/01.원천데이터/3. VTST/VT_ST_04_14617822.jpg,data/raw/steel/02.라벨링데이터/3. VTST/VT_ST_04_14617822.json,,,,0,0,0,True
VT_ST_04_14617823,data/raw/steel/01.원천데이터/3. VTST/VT_ST_04_14617823.jpg,data/raw/steel/02.라벨링데이터/3. VTST/VT_ST_04_14617823.json,,,,0,0,0,True
VT_ST_04_14617831,data/raw/steel/01.원천데이터/3. VTST/VT_ST_04_14617831.jpg,data/raw/steel/02.라벨링데이터/3. VTST/VT_ST_04_14617831.json,,,,0,0,0,True
VT_ST_04_14617838,data/raw/steel/01.원천데이터/3. VTST/VT_ST_04_14617838.jpg,data/raw/steel/02.라벨링데이터/3. VTST/VT_ST_04_14617838.json,,,,0,0,0,True
VT_ST_04_14617846,data/raw/steel/01.원천데이터/3. VTST/VT_ST_04_14617846.jpg,data/raw/steel/02.라벨링데이터/3. VTST/VT_ST_04_14617846.json,,,,0,0,0,True
VT_ST_04_14617857,data/raw/steel/01.원천데이터/3. VTST/VT_ST_04_14617857.jpg,data/raw/steel/02.라벨링데이터/3. VTST/VT_ST_04_14617857.json,,,,0,0,0,True
VT_ST_04_14617863,data/raw/steel/01.원천데이터/3. VTST/VT_ST_04_14617863.jpg,data/raw/steel/02.라벨링데이터/3. VTST/VT_ST_04_14617863.json,,,,0,0,0,True
VT_ST_04_14617891,data/raw/steel/01.원천데이터/3. VTST/VT_ST_04_14617891.jpg,data/raw/steel/02.라벨링데이터/3. VTST/VT_ST_04_14617891.json,,,,0,0,0,True
VT_ST_04_14617903,data/raw/steel/01.원천데이터/3. VTST/VT_ST_04_14617903.jpg,data/raw/steel/02.라벨링데이터/3. VTST/VT_ST_04_14617903.json,,,,0,0,0,True
VT_ST_04_14617904,data/raw/steel/01.원천데이터/3. VTST/VT_ST_04_14617904.jpg,data/raw/steel/02.라벨링데이터/3. VTST/VT_ST_04_14617904.json,,,,0,0,0,True
VT_ST_04_14617908,data/raw/steel/01.원천데이터/3. VTST/VT_ST_04_14617908.jpg,data/raw/steel/02.라벨링데이터/3. VTST/VT_ST_04_14617908.json,,,,0,0,0,True
VT_ST_04_14617914,data/raw/steel/01.원천데이터/3. VTST/VT_ST_04_14617914.jpg,data/raw/steel/02.라벨링데이터/3. VTST/VT_ST_04_14617914.json,,,,0,0,0,True
VT_ST_04_14617923,data/raw/steel/01.원천데이터/3. VTST/VT_ST_04_14617923.jpg,data/raw/steel/02.라벨링데이터/3. VTST/VT_ST_04_14617923.json,,,,0,0,0,True
VT_ST_04_14617927,data/raw/steel/01.원천데이터/3. VTST/VT_ST_04_14617927.jpg,data/raw/steel/02.라벨링데이터/3. VTST/VT_ST_04_14617927.json,,,,0,0,0,True
VT_ST_04_14617943,data/raw/steel/01.원천데이터/3. VTST/VT_ST_04_14617943.jpg,data/raw/steel/02.라벨링데이터/3. VTST/VT_ST_04_14617943.json,,,,0,0,0,True
VT_ST_04_14617948,data/raw/steel/01.원천데이터/3. VTST/VT_ST_04_14617948.jpg,data/raw/steel/02.라벨링데이터/3. VTST/VT_ST_04_14617948.json,,,,0,0,0,True
VT_ST_04_14617956,data/raw/steel/01.원천데이터/3. VTST/VT_ST_04_14617956.jpg,data/raw/steel/02.라벨링데이터/3. VTST/VT_ST_04_14617956.json,,,,0,0,0,True
VT_ST_04_14617971,data/raw/steel/01.원천데이터/3. VTST/VT_ST_04_14617971.jpg,data/raw/steel/02.라벨링데이터/3. VTST/VT_ST_04_14617971.json,,,,0,0,0,True
VT_ST_04_14617976,data/raw/steel/01.원천데이터/3. VTST/VT_ST_04_14617976.jpg,data/raw/steel/02.라벨링데이터/3. VTST/VT_ST_04_14617976.json,,,,0,0,0,True
VT_ST_04_14617981,data/raw/steel/01.원천데이터/3. VTST/VT_ST_04_14617981.jpg,data/raw/steel/02.라벨링데이터/3. VTST/VT_ST_04_14617981.json,,,,0,0,0,True
VT_ST_04_14617991,data/raw/steel/01.원천데이터/3. VTST/VT_ST_04_14617991.jpg,data/raw/steel/02.라벨링데이터/3. VTST/VT_ST_04_14617991.json,,,,0,0,0,True
VT_ST_04_14617998,data/raw/steel/01.원천데이터/3. VTST/VT_ST_04_14617998.jpg,data/raw/steel/02.라벨링데이터/3. VTST/VT_ST_04_14617998.json,,,,0,0,0,True
VT_ST_04_14618028,data/raw/steel/01.원천데이터/3. VTST/VT_ST_04_14618028.jpg,data/raw/steel/02.라벨링데이터/3. VTST/VT_ST_04_14618028.json,,,,0,0,0,True
VT_ST_04_14618033,data/raw/steel/01.원천데이터/3. VTST/VT_ST_04_14618033.jpg,data/raw/steel/02.라벨링데이터/3. VTST/VT_ST_04_14618033.json,,,,0,0,0,True
VT_ST_04_14618035,data/raw/steel/01.원천데이터/3. VTST/VT_ST_04_14618035.jpg,data/raw/steel/02.라벨링데이터/3. VTST/VT_ST_04_14618035.json,,,,0,0,0,True
VT_ST_04_14618039,data/raw/steel/01.원천데이터/3. VTST/VT_ST_04_14618039.jpg,data/raw/steel/02.라벨링데이터/3. VTST/VT_ST_04_14618039.json,,,,0,0,0,True
VT_ST_04_14618041,data/raw/steel/01.원천데이터/3. VTST/VT_ST_04_14618041.jpg,data/raw/steel/02.라벨링데이터/3. VTST/VT_ST_04_14618041.json,,,,0,0,0,True
VT_ST_04_14618045,data/raw/steel/01.원천데이터/3. VTST/VT_ST_04_14618045.jpg,data/raw/steel/02.라벨링데이터/3. VTST/VT_ST_04_14618045.json,,,,0,0,0,True
VT_ST_04_14618046,data/raw/steel/01.원천데이터/3. VTST/VT_ST_04_14618046.jpg,data/raw/steel/02.라벨링데이터/3. VTST/VT_ST_04_14618046.json,,,,0,0,0,True
VT_ST_04_14618047,data/raw/steel/01.원천데이터/3. VTST/VT_ST_04_14618047.jpg,data/raw/steel/02.라벨링데이터/3. VTST/VT_ST_04_14618047.json,,,,0,0,0,True
VT_ST_04_14618075,data/raw/steel/01.원천데이터/3. VTST/VT_ST_04_14618075.jpg,data/raw/steel/02.라벨링데이터/3. VTST/VT_ST_04_14618075.json,,,,0,0,0,True
VT_ST_04_14618086,data/raw/steel/01.원천데이터/3. VTST/VT_ST_04_14618086.jpg,data/raw/steel/02.라벨링데이터/3. VTST/VT_ST_04_14618086.json,,,,0,0,0,True
VT_ST_04_14618088,data/raw/steel/01.원천데이터/3. VTST/VT_ST_04_14618088.jpg,data/raw/steel/02.라벨링데이터/3. VTST/VT_ST_04_14618088.json,,,,0,0,0,True
VT_ST_04_14618095,data/raw/steel/01.원천데이터/3. VTST/VT_ST_04_14618095.jpg,data/raw/steel/02.라벨링데이터/3. VTST/VT_ST_04_14618095.json,,,,0,0,0,True
VT_ST_04_14618098,data/raw/steel/01.원천데이터/3. VTST/VT_ST_04_14618098.jpg,data/raw/steel/02.라벨링데이터/3. VTST/VT_ST_04_14618098.json,,,,0,0,0,True
VT_ST_04_14618105,data/raw/steel/01.원천데이터/3. VTST/VT_ST_04_14618105.jpg,data/raw/steel/02.라벨링데이터/3. VTST/VT_ST_04_14618105.json,,,,0,0,0,True
VT_ST_04_14618106,data/raw/steel/01.원천데이터/3. VTST/VT_ST_04_14618106.jpg,data/raw/steel/02.라벨링데이터/3. VTST/VT_ST_04_14618106.json,,,,0,0,0,True
VT_ST_04_14618120,data/raw/steel/01.원천데이터/3. VTST/VT_ST_04_14618120.jpg,data/raw/steel/02.라벨링데이터/3. VTST/VT_ST_04_14618120.json,,,,0,0,0,True
VT_ST_04_14618132,data/raw/steel/01.원천데이터/3. VTST/VT_ST_04_14618132.jpg,data/raw/steel/02.라벨링데이터/3. VTST/VT_ST_04_14618132.json,,,,0,0,0,True
VT_ST_04_14618135,data/raw/steel/01.원천데이터/3. VTST/VT_ST_04_14618135.jpg,data/raw/steel/02.라벨링데이터/3. VTST/VT_ST_04_14618135.json,,,,0,0,0,True
VT_ST_04_14618138,data/raw/steel/01.원천데이터/3. VTST/VT_ST_04_14618138.jpg,data/raw/steel/02.라벨링데이터/3. VTST/VT_ST_04_14618138.json,,,,0,0,0,True
VT_ST_04_14618146,data/raw/steel/01.원천데이터/3. VTST/VT_ST_04_14618146.jpg,data/raw/steel/02.라벨링데이터/3. VTST/VT_ST_04_14618146.json,,,,0,0,0,True
VT_ST_04_14618158,data/raw/steel/01.원천데이터/3. VTST/VT_ST_04_14618158.jpg,data/raw/steel/02.라벨링데이터/3. VTST/VT_ST_04_14618158.json,,,,0,0,0,True
VT_ST_04_14618160,data/raw/steel/01.원천데이터/3. VTST/VT_ST_04_14618160.jpg,data/raw/steel/02.라벨링데이터/3. VTST/VT_ST_04_14618160.json,,,,0,0,0,True
VT_ST_04_14618164,data/raw/steel/01.원천데이터/3. VTST/VT_ST_04_14618164.jpg,data/raw/steel/02.라벨링데이터/3. VTST/VT_ST_04_14618164.json,,,,0,0,0,True
VT_ST_04_14618170,data/raw/steel/01.원천데이터/3. VTST/VT_ST_04_14618170.jpg,data/raw/steel/02.라벨링데이터/3. VTST/VT_ST_04_14618170.json,,,,0,0,0,True
VT_ST_04_14618179,data/raw/steel/01.원천데이터/3. VTST/VT_ST_04_14618179.jpg,data/raw/steel/02.라벨링데이터/3. VTST/VT_ST_04_14618179.json,,,,0,0,0,True
VT_ST_04_14618185,data/raw/steel/01.원천데이터/3. VTST/VT_ST_04_14618185.jpg,data/raw/steel/02.라벨링데이터/3. VTST/VT_ST_04_14618185.json,,,,0,0,0,True
VT_ST_04_14618196,data/raw/steel/01.원천데이터/3. VTST/VT_ST_04_14618196.jpg,data/raw/steel/02.라벨링데이터/3. VTST/VT_ST_04_14618196.json,,,,0,0,0,True
VT_ST_04_14618200,data/raw/steel/01.원천데이터/3. VTST/VT_ST_04_14618200.jpg,data/raw/steel/02.라벨링데이터/3. VTST/VT_ST_04_14618200.json,,,,0,0,0,True
VT_ST_04_14618225,data/raw/steel/01.원천데이터/3. VTST/VT_ST_04_14618225.jpg,data/raw/steel/02.라벨링데이터/3. VTST/VT_ST_04_14618225.json,,,,0,0,0,True
VT_ST_04_14618240,data/raw/steel/01.원천데이터/3. VTST/VT_ST_04_14618240.jpg,data/raw/steel/02.라벨링데이터/3. VTST/VT_ST_04_14618240.json,,,,0,0,0,True
VT_ST_04_14618244,data/raw/steel/01.원천데이터/3. VTST/VT_ST_04_14618244.jpg,data/raw/steel/02.라벨링데이터/3. VTST/VT_ST_04_14618244.json,,,,0,0,0,True
VT_ST_04_14618249,data/raw/steel/01.원천데이터/3. VTST/VT_ST_04_14618249.jpg,data/raw/steel/02.라벨링데이터/3. VTST/VT_ST_04_14618249.json,,,,0,0,0,True
VT_ST_04_14618251,data/raw/steel/01.원천데이터/3. VTST/VT_ST_04_14618251.jpg,data/raw/steel/02.라벨링데이터/3. VTST/VT_ST_04_14618251.json,,,,0,0,0,True
VT_ST_04_14618252,data/raw/steel/01.원천데이터/3. VTST/VT_ST_04_14618252.jpg,data/raw/steel/02.라벨링데이터/3. VTST/VT_ST_04_14618252.json,,,,0,0,0,True
VT_ST_04_14618254,data/raw/steel/01.원천데이터/3. VTST/VT_ST_04_14618254.jpg,data/raw/steel/02.라벨링데이터/3. VTST/VT_ST_04_14618254.json,,,,0,0,0,True
VT_ST_04_14618312,data/raw/steel/01.원천데이터/3. VTST/VT_ST_04_14618312.jpg,data/raw/steel/02.라벨링데이터/3. VTST/VT_ST_04_14618312.json,,,,0,0,0,True
VT_ST_04_14618325,data/raw/steel/01.원천데이터/3. VTST/VT_ST_04_14618325.jpg,data/raw/steel/02.라벨링데이터/3. VTST/VT_ST_04_14618325.json,,,,0,0,0,True
VT_ST_04_14618339,data/raw/steel/01.원천데이터/3. VTST/VT_ST_04_14618339.jpg,data/raw/steel/02.라벨링데이터/3. VTST/VT_ST_04_14618339.json,,,,0,0,0,True
VT_ST_04_14618355,data/raw/steel/01.원천데이터/3. VTST/VT_ST_04_14618355.jpg,data/raw/steel/02.라벨링데이터/3. VTST/VT_ST_04_14618355.json,,,,0,0,0,True
VT_ST_04_14618359,data/raw/steel/01.원천데이터/3. VTST/VT_ST_04_14618359.jpg,data/raw/steel/02.라벨링데이터/3. VTST/VT_ST_04_14618359.json,,,,0,0,0,True
VT_ST_04_14618368,data/raw/steel/01.원천데이터/3. VTST/VT_ST_04_14618368.jpg,data/raw/steel/02.라벨링데이터/3. VTST/VT_ST_04_14618368.json,,,,0,0,0,True
VT_ST_04_14618371,data/raw/steel/01.원천데이터/3. VTST/VT_ST_04_14618371.jpg,data/raw/steel/02.라벨링데이터/3. VTST/VT_ST_04_14618371.json,,,,0,0,0,True
VT_ST_04_14618385,data/raw/steel/01.원천데이터/3. VTST/VT_ST_04_14618385.jpg,data/raw/steel/02.라벨링데이터/3. VTST/VT_ST_04_14618385.json,,,,0,0,0,True
VT_ST_04_14618391,data/raw/steel/01.원천데이터/3. VTST/VT_ST_04_14618391.jpg,data/raw/steel/02.라벨링데이터/3. VTST/VT_ST_04_14618391.json,,,,0,0,0,True
VT_ST_04_14618392,data/raw/steel/01.원천데이터/3. VTST/VT_ST_04_14618392.jpg,data/raw/steel/02.라벨링데이터/3. VTST/VT_ST_04_14618392.json,,,,0,0,0,True
VT_ST_04_14618413,data/raw/steel/01.원천데이터/3. VTST/VT_ST_04_14618413.jpg,data/raw/steel/02.라벨링데이터/3. VTST/VT_ST_04_14618413.json,,,,0,0,0,True
VT_ST_04_14618422,data/raw/steel/01.원천데이터/3. VTST/VT_ST_04_14618422.jpg,data/raw/steel/02.라벨링데이터/3. VTST/VT_ST_04_14618422.json,,,,0,0,0,True
VT_ST_04_14618491,data/raw/steel/01.원천데이터/3. VTST/VT_ST_04_14618491.jpg,data/raw/steel/02.라벨링데이터/3. VTST/VT_ST_04_14618491.json,,,,0,0,0,True
VT_ST_04_14618515,data/raw/steel/01.원천데이터/3. VTST/VT_ST_04_14618515.jpg,data/raw/steel/02.라벨링데이터/3. VTST/VT_ST_04_14618515.json,,,,0,0,0,True
VT_ST_04_14618549,data/raw/steel/01.원천데이터/3. VTST/VT_ST_04_14618549.jpg,data/raw/steel/02.라벨링데이터/3. VTST/VT_ST_04_14618549.json,,,,0,0,0,True
VT_ST_04_14618551,data/raw/steel/01.원천데이터/3. VTST/VT_ST_04_14618551.jpg,data/raw/steel/02.라벨링데이터/3. VTST/VT_ST_04_14618551.json,,,,0,0,0,True
VT_ST_04_14618552,data/raw/steel/01.원천데이터/3. VTST/VT_ST_04_14618552.jpg,data/raw/steel/02.라벨링데이터/3. VTST/VT_ST_04_14618552.json,,,,0,0,0,True
VT_ST_04_14618553,data/raw/steel/01.원천데이터/3. VTST/VT_ST_04_14618553.jpg,data/raw/steel/02.라벨링데이터/3. VTST/VT_ST_04_14618553.json,,,,0,0,0,True
VT_ST_04_14618574,data/raw/steel/01.원천데이터/3. VTST/VT_ST_04_14618574.jpg,data/raw/steel/02.라벨링데이터/3. VTST/VT_ST_04_14618574.json,,,,0,0,0,True
VT_ST_04_14618582,data/raw/steel/01.원천데이터/3. VTST/VT_ST_04_14618582.jpg,data/raw/steel/02.라벨링데이터/3. VTST/VT_ST_04_14618582.json,,,,0,0,0,True
VT_ST_04_14618587,data/raw/steel/01.원천데이터/3. VTST/VT_ST_04_14618587.jpg,data/raw/steel/02.라벨링데이터/3. VTST/VT_ST_04_14618587.json,,,,0,0,0,True
VT_ST_04_14618588,data/raw/steel/01.원천데이터/3. VTST/VT_ST_04_14618588.jpg,data/raw/steel/02.라벨링데이터/3. VTST/VT_ST_04_14618588.json,,,,0,0,0,True
VT_ST_04_14618596,data/raw/steel/01.원천데이터/3. VTST/VT_ST_04_14618596.jpg,data/raw/steel/02.라벨링데이터/3. VTST/VT_ST_04_14618596.json,,,,0,0,0,True
VT_ST_04_14618601,data/raw/steel/01.원천데이터/3. VTST/VT_ST_04_14618601.jpg,data/raw/steel/02.라벨링데이터/3. VTST/VT_ST_04_14618601.json,,,,0,0,0,True
VT_ST_04_14618603,data/raw/steel/01.원천데이터/3. VTST/VT_ST_04_14618603.jpg,data/raw/steel/02.라벨링데이터/3. VTST/VT_ST_04_14618603.json,,,,0,0,0,True
VT_ST_04_14618612,data/raw/steel/01.원천데이터/3. VTST/VT_ST_04_14618612.jpg,data/raw/steel/02.라벨링데이터/3. VTST/VT_ST_04_14618612.json,,,,0,0,0,True
VT_ST_04_14618620,data/raw/steel/01.원천데이터/3. VTST/VT_ST_04_14618620.jpg,data/raw/steel/02.라벨링데이터/3. VTST/VT_ST_04_14618620.json,,,,0,0,0,True
VT_ST_04_14618631,data/raw/steel/01.원천데이터/3. VTST/VT_ST_04_14618631.jpg,data/raw/steel/02.라벨링데이터/3. VTST/VT_ST_04_14618631.json,,,,0,0,0,True
VT_ST_04_14618640,data/raw/steel/01.원천데이터/3. VTST/VT_ST_04_14618640.jpg,data/raw/steel/02.라벨링데이터/3. VTST/VT_ST_04_14618640.json,,,,0,0,0,True
VT_ST_04_14618645,data/raw/steel/01.원천데이터/3. VTST/VT_ST_04_14618645.jpg,data/raw/steel/02.라벨링데이터/3. VTST/VT_ST_04_14618645.json,,,,0,0,0,True
VT_ST_04_14618666,data/raw/steel/01.원천데이터/3. VTST/VT_ST_04_14618666.jpg,data/raw/steel/02.라벨링데이터/3. VTST/VT_ST_04_14618666.json,,,,0,0,0,True
VT_ST_04_14618679,data/raw/steel/01.원천데이터/3. VTST/VT_ST_04_14618679.jpg,data/raw/steel/02.라벨링데이터/3. VTST/VT_ST_04_14618679.json,,,,0,0,0,True
VT_ST_04_14618692,data/raw/steel/01.원천데이터/3. VTST/VT_ST_04_14618692.jpg,data/raw/steel/02.라벨링데이터/3. VTST/VT_ST_04_14618692.json,,,,0,0,0,True
VT_ST_04_14618697,data/raw/steel/01.원천데이터/3. VTST/VT_ST_04_14618697.jpg,data/raw/steel/02.라벨링데이터/3. VTST/VT_ST_04_14618697.json,,,,0,0,0,True
VT_ST_04_14618701,data/raw/steel/01.원천데이터/3. VTST/VT_ST_04_14618701.jpg,data/raw/steel/02.라벨링데이터/3. VTST/VT_ST_04_14618701.json,,,,0,0,0,True
VT_ST_04_14618716,data/raw/steel/01.원천데이터/3. VTST/VT_ST_04_14618716.jpg,data/raw/steel/02.라벨링데이터/3. VTST/VT_ST_04_14618716.json,,,,0,0,0,True
VT_ST_04_14618731,data/raw/steel/01.원천데이터/3. VTST/VT_ST_04_14618731.jpg,data/raw/steel/02.라벨링데이터/3. VTST/VT_ST_04_14618731.json,,,,0,0,0,True
VT_ST_04_14618748,data/raw/steel/01.원천데이터/3. VTST/VT_ST_04_14618748.jpg,data/raw/steel/02.라벨링데이터/3. VTST/VT_ST_04_14618748.json,,,,0,0,0,True
VT_ST_04_14618752,data/raw/steel/01.원천데이터/3. VTST/VT_ST_04_14618752.jpg,data/raw/steel/02.라벨링데이터/3. VTST/VT_ST_04_14618752.json,,,,0,0,0,True
VT_ST_04_14618790,data/raw/steel/01.원천데이터/3. VTST/VT_ST_04_14618790.jpg,data/raw/steel/02.라벨링데이터/3. VTST/VT_ST_04_14618790.json,,,,0,0,0,True
VT_ST_04_14618793,data/raw/steel/01.원천데이터/3. VTST/VT_ST_04_14618793.jpg,data/raw/steel/02.라벨링데이터/3. VTST/VT_ST_04_14618793.json,,,,0,0,0,True
VT_ST_04_14618805,data/raw/steel/01.원천데이터/3. VTST/VT_ST_04_14618805.jpg,data/raw/steel/02.라벨링데이터/3. VTST/VT_ST_04_14618805.json,,,,0,0,0,True
VT_ST_04_14618817,data/raw/steel/01.원천데이터/3. VTST/VT_ST_04_14618817.jpg,data/raw/steel/02.라벨링데이터/3. VTST/VT_ST_04_14618817.json,,,,0,0,0,True
VT_ST_04_14618830,data/raw/steel/01.원천데이터/3. VTST/VT_ST_04_14618830.jpg,data/raw/steel/02.라벨링데이터/3. VTST/VT_ST_04_14618830.json,,,,0,0,0,True
VT_ST_04_14618854,data/raw/steel/01.원천데이터/3. VTST/VT_ST_04_14618854.jpg,data/raw/steel/02.라벨링데이터/3. VTST/VT_ST_04_14618854.json,,,,0,0,0,True
VT_ST_04_14618857,data/raw/steel/01.원천데이터/3. VTST/VT_ST_04_14618857.jpg,data/raw/steel/02.라벨링데이터/3. VTST/VT_ST_04_14618857.json,,,,0,0,0,True
VT_ST_04_14618858,data/raw/steel/01.원천데이터/3. VTST/VT_ST_04_14618858.jpg,data/raw/steel/02.라벨링데이터/3. VTST/VT_ST_04_14618858.json,,,,0,0,0,True
VT_ST_04_14618867,data/raw/steel/01.원천데이터/3. VTST/VT_ST_04_14618867.jpg,data/raw/steel/02.라벨링데이터/3. VTST/VT_ST_04_14618867.json,,,,0,0,0,True
VT_ST_04_14618892,data/raw/steel/01.원천데이터/3. VTST/VT_ST_04_14618892.jpg,data/raw/steel/02.라벨링데이터/3. VTST/VT_ST_04_14618892.json,,,,0,0,0,True
VT_ST_04_14618897,data/raw/steel/01.원천데이터/3. VTST/VT_ST_04_14618897.jpg,data/raw/steel/02.라벨링데이터/3. VTST/VT_ST_04_14618897.json,,,,0,0,0,True
VT_ST_04_14618898,data/raw/steel/01.원천데이터/3. VTST/VT_ST_04_14618898.jpg,data/raw/steel/02.라벨링데이터/3. VTST/VT_ST_04_14618898.json,,,,0,0,0,True
VT_ST_04_14618906,data/raw/steel/01.원천데이터/3. VTST/VT_ST_04_14618906.jpg,data/raw/steel/02.라벨링데이터/3. VTST/VT_ST_04_14618906.json,,,,0,0,0,True
VT_ST_04_14618912,data/raw/steel/01.원천데이터/3. VTST/VT_ST_04_14618912.jpg,data/raw/steel/02.라벨링데이터/3. VTST/VT_ST_04_14618912.json,,,,0,0,0,True
VT_ST_04_14618919,data/raw/steel/01.원천데이터/3. VTST/VT_ST_04_14618919.jpg,data/raw/steel/02.라벨링데이터/3. VTST/VT_ST_04_14618919.json,,,,0,0,0,True
VT_ST_04_14618921,data/raw/steel/01.원천데이터/3. VTST/VT_ST_04_14618921.jpg,data/raw/steel/02.라벨링데이터/3. VTST/VT_ST_04_14618921.json,,,,0,0,0,True
VT_ST_04_14618922,data/raw/steel/01.원천데이터/3. VTST/VT_ST_04_14618922.jpg,data/raw/steel/02.라벨링데이터/3. VTST/VT_ST_04_14618922.json,,,,0,0,0,True
VT_ST_04_14618926,data/raw/steel/01.원천데이터/3. VTST/VT_ST_04_14618926.jpg,data/raw/steel/02.라벨링데이터/3. VTST/VT_ST_04_14618926.json,,,,0,0,0,True
VT_ST_04_14618930,data/raw/steel/01.원천데이터/3. VTST/VT_ST_04_14618930.jpg,data/raw/steel/02.라벨링데이터/3. VTST/VT_ST_04_14618930.json,,,,0,0,0,True
VT_ST_04_14618940,data/raw/steel/01.원천데이터/3. VTST/VT_ST_04_14618940.jpg,data/raw/steel/02.라벨링데이터/3. VTST/VT_ST_04_14618940.json,,,,0,0,0,True
VT_ST_04_14618945,data/raw/steel/01.원천데이터/3. VTST/VT_ST_04_14618945.jpg,data/raw/steel/02.라벨링데이터/3. VTST/VT_ST_04_14618945.json,,,,0,0,0,True
VT_ST_04_14618949,data/raw/steel/01.원천데이터/3. VTST/VT_ST_04_14618949.jpg,data/raw/steel/02.라벨링데이터/3. VTST/VT_ST_04_14618949.json,,,,0,0,0,True
VT_ST_04_14618950,data/raw/steel/01.원천데이터/3. VTST/VT_ST_04_14618950.jpg,data/raw/steel/02.라벨링데이터/3. VTST/VT_ST_04_14618950.json,,,,0,0,0,True
VT_ST_04_14618975,data/raw/steel/01.원천데이터/3. VTST/VT_ST_04_14618975.jpg,data/raw/steel/02.라벨링데이터/3. VTST/VT_ST_04_14618975.json,,,,0,0,0,True
VT_ST_04_14618978,data/raw/steel/01.원천데이터/3. VTST/VT_ST_04_14618978.jpg,data/raw/steel/02.라벨링데이터/3. VTST/VT_ST_04_14618978.json,,,,0,0,0,True
VT_ST_04_14619008,data/raw/steel/01.원천데이터/3. VTST/VT_ST_04_14619008.jpg,data/raw/steel/02.라벨링데이터/3. VTST/VT_ST_04_14619008.json,,,,0,0,0,True
VT_ST_04_14619038,data/raw/steel/01.원천데이터/3. VTST/VT_ST_04_14619038.jpg,data/raw/steel/02.라벨링데이터/3. VTST/VT_ST_04_14619038.json,,,,0,0,0,True
VT_ST_04_14619039,data/raw/steel/01.원천데이터/3. VTST/VT_ST_04_14619039.jpg,data/raw/steel/02.라벨링데이터/3. VTST/VT_ST_04_14619039.json,,,,0,0,0,True
VT_ST_04_14619041,data/raw/steel/01.원천데이터/3. VTST/VT_ST_04_14619041.jpg,data/raw/steel/02.라벨링데이터/3. VTST/VT_ST_04_14619041.json,,,,0,0,0,True
VT_ST_04_14619044,data/raw/steel/01.원천데이터/3. VTST/VT_ST_04_14619044.jpg,data/raw/steel/02.라벨링데이터/3. VTST/VT_ST_04_14619044.json,,,,0,0,0,True
VT_ST_04_14619045,data/raw/steel/01.원천데이터/3. VTST/VT_ST_04_14619045.jpg,data/raw/steel/02.라벨링데이터/3. VTST/VT_ST_04_14619045.json,,,,0,0,0,True
VT_ST_04_14619046,data/raw/steel/01.원천데이터/3. VTST/VT_ST_04_14619046.jpg,data/raw/steel/02.라벨링데이터/3. VTST/VT_ST_04_14619046.json,,,,0,0,0,True
VT_ST_04_14619055,data/raw/steel/01.원천데이터/3. VTST/VT_ST_04_14619055.jpg,data/raw/steel/02.라벨링데이터/3. VTST/VT_ST_04_14619055.json,,,,0,0,0,True
VT_ST_04_14619059,data/raw/steel/01.원천데이터/3. VTST/VT_ST_04_14619059.jpg,data/raw/steel/02.라벨링데이터/3. VTST/VT_ST_04_14619059.json,,,,0,0,0,True
VT_ST_04_14619069,data/raw/steel/01.원천데이터/3. VTST/VT_ST_04_14619069.jpg,data/raw/steel/02.라벨링데이터/3. VTST/VT_ST_04_14619069.json,,,,0,0,0,True
VT_ST_04_14619091,data/raw/steel/01.원천데이터/3. VTST/VT_ST_04_14619091.jpg,data/raw/steel/02.라벨링데이터/3. VTST/VT_ST_04_14619091.json,,,,0,0,0,True
VT_ST_04_14619103,data/raw/steel/01.원천데이터/3. VTST/VT_ST_04_14619103.jpg,data/raw/steel/02.라벨링데이터/3. VTST/VT_ST_04_14619103.json,,,,0,0,0,True
VT_ST_04_14619114,data/raw/steel/01.원천데이터/3. VTST/VT_ST_04_14619114.jpg,data/raw/steel/02.라벨링데이터/3. VTST/VT_ST_04_14619114.json,,,,0,0,0,True
VT_ST_04_14619120,data/raw/steel/01.원천데이터/3. VTST/VT_ST_04_14619120.jpg,data/raw/steel/02.라벨링데이터/3. VTST/VT_ST_04_14619120.json,,,,0,0,0,True
VT_ST_04_14619137,data/raw/steel/01.원천데이터/3. VTST/VT_ST_04_14619137.jpg,data/raw/steel/02.라벨링데이터/3. VTST/VT_ST_04_14619137.json,,,,0,0,0,True
VT_ST_04_14619138,data/raw/steel/01.원천데이터/3. VTST/VT_ST_04_14619138.jpg,data/raw/steel/02.라벨링데이터/3. VTST/VT_ST_04_14619138.json,,,,0,0,0,True
VT_ST_04_14619148,data/raw/steel/01.원천데이터/3. VTST/VT_ST_04_14619148.jpg,data/raw/steel/02.라벨링데이터/3. VTST/VT_ST_04_14619148.json,,,,0,0,0,True
VT_ST_04_14619153,data/raw/steel/01.원천데이터/3. VTST/VT_ST_04_14619153.jpg,data/raw/steel/02.라벨링데이터/3. VTST/VT_ST_04_14619153.json,,,,0,0,0,True
VT_ST_04_14619155,data/raw/steel/01.원천데이터/3. VTST/VT_ST_04_14619155.jpg,data/raw/steel/02.라벨링데이터/3. VTST/VT_ST_04_14619155.json,,,,0,0,0,True
VT_ST_04_14619157,data/raw/steel/01.원천데이터/3. VTST/VT_ST_04_14619157.jpg,data/raw/steel/02.라벨링데이터/3. VTST/VT_ST_04_14619157.json,,,,0,0,0,True
VT_ST_04_14619158,data/raw/steel/01.원천데이터/3. VTST/VT_ST_04_14619158.jpg,data/raw/steel/02.라벨링데이터/3. VTST/VT_ST_04_14619158.json,,,,0,0,0,True
VT_ST_04_14619170,data/raw/steel/01.원천데이터/3. VTST/VT_ST_04_14619170.jpg,data/raw/steel/02.라벨링데이터/3. VTST/VT_ST_04_14619170.json,,,,0,0,0,True
VT_ST_04_14619173,data/raw/steel/01.원천데이터/3. VTST/VT_ST_04_14619173.jpg,data/raw/steel/02.라벨링데이터/3. VTST/VT_ST_04_14619173.json,,,,0,0,0,True
VT_ST_04_14619186,data/raw/steel/01.원천데이터/3. VTST/VT_ST_04_14619186.jpg,data/raw/steel/02.라벨링데이터/3. VTST/VT_ST_04_14619186.json,,,,0,0,0,True
VT_ST_04_14619214,data/raw/steel/01.원천데이터/3. VTST/VT_ST_04_14619214.jpg,data/raw/steel/02.라벨링데이터/3. VTST/VT_ST_04_14619214.json,,,,0,0,0,True
VT_ST_04_14619216,data/raw/steel/01.원천데이터/3. VTST/VT_ST_04_14619216.jpg,data/raw/steel/02.라벨링데이터/3. VTST/VT_ST_04_14619216.json,,,,0,0,0,True
VT_ST_04_14619218,data/raw/steel/01.원천데이터/3. VTST/VT_ST_04_14619218.jpg,data/raw/steel/02.라벨링데이터/3. VTST/VT_ST_04_14619218.json,,,,0,0,0,True
VT_ST_04_14619238,data/raw/steel/01.원천데이터/3. VTST/VT_ST_04_14619238.jpg,data/raw/steel/02.라벨링데이터/3. VTST/VT_ST_04_14619238.json,,,,0,0,0,True
VT_ST_04_14619239,data/raw/steel/01.원천데이터/3. VTST/VT_ST_04_14619239.jpg,data/raw/steel/02.라벨링데이터/3. VTST/VT_ST_04_14619239.json,,,,0,0,0,True
VT_ST_04_14619261,data/raw/steel/01.원천데이터/3. VTST/VT_ST_04_14619261.jpg,data/raw/steel/02.라벨링데이터/3. VTST/VT_ST_04_14619261.json,,,,0,0,0,True
VT_ST_04_14619269,data/raw/steel/01.원천데이터/3. VTST/VT_ST_04_14619269.jpg,data/raw/steel/02.라벨링데이터/3. VTST/VT_ST_04_14619269.json,,,,0,0,0,True
VT_ST_04_14619270,data/raw/steel/01.원천데이터/3. VTST/VT_ST_04_14619270.jpg,data/raw/steel/02.라벨링데이터/3. VTST/VT_ST_04_14619270.json,,,,0,0,0,True
VT_ST_04_14619285,data/raw/steel/01.원천데이터/3. VTST/VT_ST_04_14619285.jpg,data/raw/steel/02.라벨링데이터/3. VTST/VT_ST_04_14619285.json,,,,0,0,0,True
VT_ST_04_14619294,data/raw/steel/01.원천데이터/3. VTST/VT_ST_04_14619294.jpg,data/raw/steel/02.라벨링데이터/3. VTST/VT_ST_04_14619294.json,,,,0,0,0,True
VT_ST_04_14619295,data/raw/steel/01.원천데이터/3. VTST/VT_ST_04_14619295.jpg,data/raw/steel/02.라벨링데이터/3. VTST/VT_ST_04_14619295.json,,,,0,0,0,True
VT_ST_04_14619314,data/raw/steel/01.원천데이터/3. VTST/VT_ST_04_14619314.jpg,data/raw/steel/02.라벨링데이터/3. VTST/VT_ST_04_14619314.json,,,,0,0,0,True
VT_ST_04_14619321,data/raw/steel/01.원천데이터/3. VTST/VT_ST_04_14619321.jpg,data/raw/steel/02.라벨링데이터/3. VTST/VT_ST_04_14619321.json,,,,0,0,0,True
VT_ST_04_14619322,data/raw/steel/01.원천데이터/3. VTST/VT_ST_04_14619322.jpg,data/raw/steel/02.라벨링데이터/3. VTST/VT_ST_04_14619322.json,,,,0,0,0,True
VT_ST_04_14619325,data/raw/steel/01.원천데이터/3. VTST/VT_ST_04_14619325.jpg,data/raw/steel/02.라벨링데이터/3. VTST/VT_ST_04_14619325.json,,,,0,0,0,True
VT_ST_04_14619360,data/raw/steel/01.원천데이터/3. VTST/VT_ST_04_14619360.jpg,data/raw/steel/02.라벨링데이터/3. VTST/VT_ST_04_14619360.json,,,,0,0,0,True
VT_ST_04_14619377,data/raw/steel/01.원천데이터/3. VTST/VT_ST_04_14619377.jpg,data/raw/steel/02.라벨링데이터/3. VTST/VT_ST_04_14619377.json,,,,0,0,0,True
VT_ST_04_14619384,data/raw/steel/01.원천데이터/3. VTST/VT_ST_04_14619384.jpg,data/raw/steel/02.라벨링데이터/3. VTST/VT_ST_04_14619384.json,,,,0,0,0,True
VT_ST_04_14619395,data/raw/steel/01.원천데이터/3. VTST/VT_ST_04_14619395.jpg,data/raw/steel/02.라벨링데이터/3. VTST/VT_ST_04_14619395.json,,,,0,0,0,True
VT_ST_04_14619413,data/raw/steel/01.원천데이터/3. VTST/VT_ST_04_14619413.jpg,data/raw/steel/02.라벨링데이터/3. VTST/VT_ST_04_14619413.json,,,,0,0,0,True
VT_ST_04_14619427,data/raw/steel/01.원천데이터/3. VTST/VT_ST_04_14619427.jpg,data/raw/steel/02.라벨링데이터/3. VTST/VT_ST_04_14619427.json,,,,0,0,0,True
VT_ST_04_14619446,data/raw/steel/01.원천데이터/3. VTST/VT_ST_04_14619446.jpg,data/raw/steel/02.라벨링데이터/3. VTST/VT_ST_04_14619446.json,,,,0,0,0,True
VT_ST_04_14619460,data/raw/steel/01.원천데이터/3. VTST/VT_ST_04_14619460.jpg,data/raw/steel/02.라벨링데이터/3. VTST/VT_ST_04_14619460.json,,,,0,0,0,True
VT_ST_04_14619464,data/raw/steel/01.원천데이터/3. VTST/VT_ST_04_14619464.jpg,data/raw/steel/02.라벨링데이터/3. VTST/VT_ST_04_14619464.json,,,,0,0,0,True
VT_ST_04_14619467,data/raw/steel/01.원천데이터/3. VTST/VT_ST_04_14619467.jpg,data/raw/steel/02.라벨링데이터/3. VTST/VT_ST_04_14619467.json,,,,0,0,0,True
VT_ST_04_14619471,data/raw/steel/01.원천데이터/3. VTST/VT_ST_04_14619471.jpg,data/raw/steel/02.라벨링데이터/3. VTST/VT_ST_04_14619471.json,,,,0,0,0,True
VT_ST_04_14619476,data/raw/steel/01.원천데이터/3. VTST/VT_ST_04_14619476.jpg,data/raw/steel/02.라벨링데이터/3. VTST/VT_ST_04_14619476.json,,,,0,0,0,True
VT_ST_04_14619485,data/raw/steel/01.원천데이터/3. VTST/VT_ST_04_14619485.jpg,data/raw/steel/02.라벨링데이터/3. VTST/VT_ST_04_14619485.json,,,,0,0,0,True
VT_ST_04_14619486,data/raw/steel/01.원천데이터/3. VTST/VT_ST_04_14619486.jpg,data/raw/steel/02.라벨링데이터/3. VTST/VT_ST_04_14619486.json,,,,0,0,0,True
VT_ST_04_14619495,data/raw/steel/01.원천데이터/3. VTST/VT_ST_04_14619495.jpg,data/raw/steel/02.라벨링데이터/3. VTST/VT_ST_04_14619495.json,,,,0,0,0,True
VT_ST_04_14619501,data/raw/steel/01.원천데이터/3. VTST/VT_ST_04_14619501.jpg,data/raw/steel/02.라벨링데이터/3. VTST/VT_ST_04_14619501.json,,,,0,0,0,True
VT_ST_04_14619518,data/raw/steel/01.원천데이터/3. VTST/VT_ST_04_14619518.jpg,data/raw/steel/02.라벨링데이터/3. VTST/VT_ST_04_14619518.json,,,,0,0,0,True
VT_ST_04_14619520,data/raw/steel/01.원천데이터/3. VTST/VT_ST_04_14619520.jpg,data/raw/steel/02.라벨링데이터/3. VTST/VT_ST_04_14619520.json,,,,0,0,0,True
VT_ST_04_14619536,data/raw/steel/01.원천데이터/3. VTST/VT_ST_04_14619536.jpg,data/raw/steel/02.라벨링데이터/3. VTST/VT_ST_04_14619536.json,,,,0,0,0,True
VT_ST_04_14619546,data/raw/steel/01.원천데이터/3. VTST/VT_ST_04_14619546.jpg,data/raw/steel/02.라벨링데이터/3. VTST/VT_ST_04_14619546.json,,,,0,0,0,True
VT_ST_04_14619555,data/raw/steel/01.원천데이터/3. VTST/VT_ST_04_14619555.jpg,data/raw/steel/02.라벨링데이터/3. VTST/VT_ST_04_14619555.json,,,,0,0,0,True
VT_ST_04_14619565,data/raw/steel/01.원천데이터/3. VTST/VT_ST_04_14619565.jpg,data/raw/steel/02.라벨링데이터/3. VTST/VT_ST_04_14619565.json,,,,0,0,0,True
VT_ST_04_14619599,data/raw/steel/01.원천데이터/3. VTST/VT_ST_04_14619599.jpg,data/raw/steel/02.라벨링데이터/3. VTST/VT_ST_04_14619599.json,,,,0,0,0,True
VT_ST_04_14619603,data/raw/steel/01.원천데이터/3. VTST/VT_ST_04_14619603.jpg,data/raw/steel/02.라벨링데이터/3. VTST/VT_ST_04_14619603.json,,,,0,0,0,True
VT_ST_04_14619619,data/raw/steel/01.원천데이터/3. VTST/VT_ST_04_14619619.jpg,data/raw/steel/02.라벨링데이터/3. VTST/VT_ST_04_14619619.json,,,,0,0,0,True
VT_ST_04_14619621,data/raw/steel/01.원천데이터/3. VTST/VT_ST_04_14619621.jpg,data/raw/steel/02.라벨링데이터/3. VTST/VT_ST_04_14619621.json,,,,0,0,0,True
VT_ST_04_14619634,data/raw/steel/01.원천데이터/3. VTST/VT_ST_04_14619634.jpg,data/raw/steel/02.라벨링데이터/3. VTST/VT_ST_04_14619634.json,,,,0,0,0,True
VT_ST_04_14619637,data/raw/steel/01.원천데이터/3. VTST/VT_ST_04_14619637.jpg,data/raw/steel/02.라벨링데이터/3. VTST/VT_ST_04_14619637.json,,,,0,0,0,True
VT_ST_04_14619647,data/raw/steel/01.원천데이터/3. VTST/VT_ST_04_14619647.jpg,data/raw/steel/02.라벨링데이터/3. VTST/VT_ST_04_14619647.json,,,,0,0,0,True
VT_ST_06_14623748,data/raw/steel/01.원천데이터/3. VTST/VT_ST_06_14623748.jpg,data/raw/steel/02.라벨링데이터/3. VTST/VT_ST_06_14623748.json,,,,0,0,0,True
VT_ST_06_14623753,data/raw/steel/01.원천데이터/3. VTST/VT_ST_06_14623753.jpg,data/raw/steel/02.라벨링데이터/3. VTST/VT_ST_06_14623753.json,,,,0,0,0,True
VT_ST_06_14623755,data/raw/steel/01.원천데이터/3. VTST/VT_ST_06_14623755.jpg,data/raw/steel/02.라벨링데이터/3. VTST/VT_ST_06_14623755.json,,,,0,0,0,True
VT_ST_06_14623761,data/raw/steel/01.원천데이터/3. VTST/VT_ST_06_14623761.jpg,data/raw/steel/02.라벨링데이터/3. VTST/VT_ST_06_14623761.json,,,possible_self_intersection,0,0,1,True
VT_ST_06_14623764,data/raw/steel/01.원천데이터/3. VTST/VT_ST_06_14623764.jpg,data/raw/steel/02.라벨링데이터/3. VTST/VT_ST_06_14623764.json,,,,0,0,0,True
VT_ST_06_14623766,data/raw/steel/01.원천데이터/3. VTST/VT_ST_06_14623766.jpg,data/raw/steel/02.라벨링데이터/3. VTST/VT_ST_06_14623766.json,,,,0,0,0,True
VT_ST_06_14623772,data/raw/steel/01.원천데이터/3. VTST/VT_ST_06_14623772.jpg,data/raw/steel/02.라벨링데이터/3. VTST/VT_ST_06_14623772.json,,,,0,0,0,True
VT_ST_06_14623780,data/raw/steel/01.원천데이터/3. VTST/VT_ST_06_14623780.jpg,data/raw/steel/02.라벨링데이터/3. VTST/VT_ST_06_14623780.json,,,,0,0,0,True
VT_ST_06_14623797,data/raw/steel/01.원천데이터/3. VTST/VT_ST_06_14623797.jpg,data/raw/steel/02.라벨링데이터/3. VTST/VT_ST_06_14623797.json,,out_of_bounds_coordinate,,0,1,0,True
VT_ST_06_14623814,data/raw/steel/01.원천데이터/3. VTST/VT_ST_06_14623814.jpg,data/raw/steel/02.라벨링데이터/3. VTST/VT_ST_06_14623814.json,,,,0,0,0,True
VT_ST_06_14623826,data/raw/steel/01.원천데이터/3. VTST/VT_ST_06_14623826.jpg,data/raw/steel/02.라벨링데이터/3. VTST/VT_ST_06_14623826.json,,,,0,0,0,True
VT_ST_06_14623829,data/raw/steel/01.원천데이터/3. VTST/VT_ST_06_14623829.jpg,data/raw/steel/02.라벨링데이터/3. VTST/VT_ST_06_14623829.json,,,,0,0,0,True
VT_ST_06_14623847,data/raw/steel/01.원천데이터/3. VTST/VT_ST_06_14623847.jpg,data/raw/steel/02.라벨링데이터/3. VTST/VT_ST_06_14623847.json,,,,0,0,0,True
VT_ST_06_14623864,data/raw/steel/01.원천데이터/3. VTST/VT_ST_06_14623864.jpg,data/raw/steel/02.라벨링데이터/3. VTST/VT_ST_06_14623864.json,,,,0,0,0,True
VT_ST_06_14623925,data/raw/steel/01.원천데이터/3. VTST/VT_ST_06_14623925.jpg,data/raw/steel/02.라벨링데이터/3. VTST/VT_ST_06_14623925.json,,,,0,0,0,True
VT_ST_06_14623971,data/raw/steel/01.원천데이터/3. VTST/VT_ST_06_14623971.jpg,data/raw/steel/02.라벨링데이터/3. VTST/VT_ST_06_14623971.json,,,,0,0,0,True
VT_ST_06_14623979,data/raw/steel/01.원천데이터/3. VTST/VT_ST_06_14623979.jpg,data/raw/steel/02.라벨링데이터/3. VTST/VT_ST_06_14623979.json,,,,0,0,0,True
VT_ST_06_14623983,data/raw/steel/01.원천데이터/3. VTST/VT_ST_06_14623983.jpg,data/raw/steel/02.라벨링데이터/3. VTST/VT_ST_06_14623983.json,,,,0,0,0,True
VT_ST_06_14623984,data/raw/steel/01.원천데이터/3. VTST/VT_ST_06_14623984.jpg,data/raw/steel/02.라벨링데이터/3. VTST/VT_ST_06_14623984.json,,,,0,0,0,True
VT_ST_06_14623986,data/raw/steel/01.원천데이터/3. VTST/VT_ST_06_14623986.jpg,data/raw/steel/02.라벨링데이터/3. VTST/VT_ST_06_14623986.json,,,,0,0,0,True
VT_ST_06_14624003,data/raw/steel/01.원천데이터/3. VTST/VT_ST_06_14624003.jpg,data/raw/steel/02.라벨링데이터/3. VTST/VT_ST_06_14624003.json,,,,0,0,0,True
VT_ST_06_14624023,data/raw/steel/01.원천데이터/3. VTST/VT_ST_06_14624023.jpg,data/raw/steel/02.라벨링데이터/3. VTST/VT_ST_06_14624023.json,,,,0,0,0,True
VT_ST_06_14624025,data/raw/steel/01.원천데이터/3. VTST/VT_ST_06_14624025.jpg,data/raw/steel/02.라벨링데이터/3. VTST/VT_ST_06_14624025.json,,,,0,0,0,True
VT_ST_06_14624029,data/raw/steel/01.원천데이터/3. VTST/VT_ST_06_14624029.jpg,data/raw/steel/02.라벨링데이터/3. VTST/VT_ST_06_14624029.json,,,,0,0,0,True
VT_ST_06_14624033,data/raw/steel/01.원천데이터/3. VTST/VT_ST_06_14624033.jpg,data/raw/steel/02.라벨링데이터/3. VTST/VT_ST_06_14624033.json,,,,0,0,0,True
VT_ST_06_14624035,data/raw/steel/01.원천데이터/3. VTST/VT_ST_06_14624035.jpg,data/raw/steel/02.라벨링데이터/3. VTST/VT_ST_06_14624035.json,,,,0,0,0,True
VT_ST_06_14624044,data/raw/steel/01.원천데이터/3. VTST/VT_ST_06_14624044.jpg,data/raw/steel/02.라벨링데이터/3. VTST/VT_ST_06_14624044.json,,,,0,0,0,True
VT_ST_06_14624045,data/raw/steel/01.원천데이터/3. VTST/VT_ST_06_14624045.jpg,data/raw/steel/02.라벨링데이터/3. VTST/VT_ST_06_14624045.json,,,,0,0,0,True
VT_ST_06_14624076,data/raw/steel/01.원천데이터/3. VTST/VT_ST_06_14624076.jpg,data/raw/steel/02.라벨링데이터/3. VTST/VT_ST_06_14624076.json,,,,0,0,0,True
VT_ST_06_14624080,data/raw/steel/01.원천데이터/3. VTST/VT_ST_06_14624080.jpg,data/raw/steel/02.라벨링데이터/3. VTST/VT_ST_06_14624080.json,,,,0,0,0,True
VT_ST_06_14624082,data/raw/steel/01.원천데이터/3. VTST/VT_ST_06_14624082.jpg,data/raw/steel/02.라벨링데이터/3. VTST/VT_ST_06_14624082.json,,,,0,0,0,True
VT_ST_06_14624095,data/raw/steel/01.원천데이터/3. VTST/VT_ST_06_14624095.jpg,data/raw/steel/02.라벨링데이터/3. VTST/VT_ST_06_14624095.json,,,,0,0,0,True
VT_ST_06_14624102,data/raw/steel/01.원천데이터/3. VTST/VT_ST_06_14624102.jpg,data/raw/steel/02.라벨링데이터/3. VTST/VT_ST_06_14624102.json,,,,0,0,0,True
VT_ST_06_14624104,data/raw/steel/01.원천데이터/3. VTST/VT_ST_06_14624104.jpg,data/raw/steel/02.라벨링데이터/3. VTST/VT_ST_06_14624104.json,,,,0,0,0,True
VT_ST_06_14624106,data/raw/steel/01.원천데이터/3. VTST/VT_ST_06_14624106.jpg,data/raw/steel/02.라벨링데이터/3. VTST/VT_ST_06_14624106.json,,,,0,0,0,True
VT_ST_06_14624120,data/raw/steel/01.원천데이터/3. VTST/VT_ST_06_14624120.jpg,data/raw/steel/02.라벨링데이터/3. VTST/VT_ST_06_14624120.json,,,,0,0,0,True
VT_ST_06_14624144,data/raw/steel/01.원천데이터/3. VTST/VT_ST_06_14624144.jpg,data/raw/steel/02.라벨링데이터/3. VTST/VT_ST_06_14624144.json,,,,0,0,0,True
VT_ST_06_14624154,data/raw/steel/01.원천데이터/3. VTST/VT_ST_06_14624154.jpg,data/raw/steel/02.라벨링데이터/3. VTST/VT_ST_06_14624154.json,,,,0,0,0,True
VT_ST_06_14624156,data/raw/steel/01.원천데이터/3. VTST/VT_ST_06_14624156.jpg,data/raw/steel/02.라벨링데이터/3. VTST/VT_ST_06_14624156.json,,,,0,0,0,True
VT_ST_06_14624160,data/raw/steel/01.원천데이터/3. VTST/VT_ST_06_14624160.jpg,data/raw/steel/02.라벨링데이터/3. VTST/VT_ST_06_14624160.json,,,,0,0,0,True
VT_ST_06_14624165,data/raw/steel/01.원천데이터/3. VTST/VT_ST_06_14624165.jpg,data/raw/steel/02.라벨링데이터/3. VTST/VT_ST_06_14624165.json,,,,0,0,0,True
VT_ST_06_14624196,data/raw/steel/01.원천데이터/3. VTST/VT_ST_06_14624196.jpg,data/raw/steel/02.라벨링데이터/3. VTST/VT_ST_06_14624196.json,,,,0,0,0,True
VT_ST_06_14624205,data/raw/steel/01.원천데이터/3. VTST/VT_ST_06_14624205.jpg,data/raw/steel/02.라벨링데이터/3. VTST/VT_ST_06_14624205.json,,,,0,0,0,True
VT_ST_06_14624207,data/raw/steel/01.원천데이터/3. VTST/VT_ST_06_14624207.jpg,data/raw/steel/02.라벨링데이터/3. VTST/VT_ST_06_14624207.json,,,,0,0,0,True
VT_ST_06_14624216,data/raw/steel/01.원천데이터/3. VTST/VT_ST_06_14624216.jpg,data/raw/steel/02.라벨링데이터/3. VTST/VT_ST_06_14624216.json,,,,0,0,0,True
VT_ST_06_14624220,data/raw/steel/01.원천데이터/3. VTST/VT_ST_06_14624220.jpg,data/raw/steel/02.라벨링데이터/3. VTST/VT_ST_06_14624220.json,,,,0,0,0,True
VT_ST_06_14624232,data/raw/steel/01.원천데이터/3. VTST/VT_ST_06_14624232.jpg,data/raw/steel/02.라벨링데이터/3. VTST/VT_ST_06_14624232.json,,,,0,0,0,True
VT_ST_06_14624241,data/raw/steel/01.원천데이터/3. VTST/VT_ST_06_14624241.jpg,data/raw/steel/02.라벨링데이터/3. VTST/VT_ST_06_14624241.json,,,,0,0,0,True
VT_ST_06_14624256,data/raw/steel/01.원천데이터/3. VTST/VT_ST_06_14624256.jpg,data/raw/steel/02.라벨링데이터/3. VTST/VT_ST_06_14624256.json,,,,0,0,0,True
VT_ST_06_14624275,data/raw/steel/01.원천데이터/3. VTST/VT_ST_06_14624275.jpg,data/raw/steel/02.라벨링데이터/3. VTST/VT_ST_06_14624275.json,,,,0,0,0,True
VT_ST_06_14624279,data/raw/steel/01.원천데이터/3. VTST/VT_ST_06_14624279.jpg,data/raw/steel/02.라벨링데이터/3. VTST/VT_ST_06_14624279.json,,,,0,0,0,True
VT_ST_06_14624302,data/raw/steel/01.원천데이터/3. VTST/VT_ST_06_14624302.jpg,data/raw/steel/02.라벨링데이터/3. VTST/VT_ST_06_14624302.json,,,,0,0,0,True
VT_ST_06_14624307,data/raw/steel/01.원천데이터/3. VTST/VT_ST_06_14624307.jpg,data/raw/steel/02.라벨링데이터/3. VTST/VT_ST_06_14624307.json,,,,0,0,0,True
VT_ST_06_14624310,data/raw/steel/01.원천데이터/3. VTST/VT_ST_06_14624310.jpg,data/raw/steel/02.라벨링데이터/3. VTST/VT_ST_06_14624310.json,,,,0,0,0,True
VT_ST_06_14624311,data/raw/steel/01.원천데이터/3. VTST/VT_ST_06_14624311.jpg,data/raw/steel/02.라벨링데이터/3. VTST/VT_ST_06_14624311.json,,,,0,0,0,True
VT_ST_06_14624316,data/raw/steel/01.원천데이터/3. VTST/VT_ST_06_14624316.jpg,data/raw/steel/02.라벨링데이터/3. VTST/VT_ST_06_14624316.json,,,,0,0,0,True
VT_ST_06_14624320,data/raw/steel/01.원천데이터/3. VTST/VT_ST_06_14624320.jpg,data/raw/steel/02.라벨링데이터/3. VTST/VT_ST_06_14624320.json,,,,0,0,0,True
VT_ST_06_14624328,data/raw/steel/01.원천데이터/3. VTST/VT_ST_06_14624328.jpg,data/raw/steel/02.라벨링데이터/3. VTST/VT_ST_06_14624328.json,,,,0,0,0,True
VT_ST_06_14624339,data/raw/steel/01.원천데이터/3. VTST/VT_ST_06_14624339.jpg,data/raw/steel/02.라벨링데이터/3. VTST/VT_ST_06_14624339.json,,,,0,0,0,True
VT_ST_06_14624347,data/raw/steel/01.원천데이터/3. VTST/VT_ST_06_14624347.jpg,data/raw/steel/02.라벨링데이터/3. VTST/VT_ST_06_14624347.json,,,,0,0,0,True
VT_ST_06_14624360,data/raw/steel/01.원천데이터/3. VTST/VT_ST_06_14624360.jpg,data/raw/steel/02.라벨링데이터/3. VTST/VT_ST_06_14624360.json,,,,0,0,0,True
VT_ST_06_14624367,data/raw/steel/01.원천데이터/3. VTST/VT_ST_06_14624367.jpg,data/raw/steel/02.라벨링데이터/3. VTST/VT_ST_06_14624367.json,,,,0,0,0,True
VT_ST_06_14624381,data/raw/steel/01.원천데이터/3. VTST/VT_ST_06_14624381.jpg,data/raw/steel/02.라벨링데이터/3. VTST/VT_ST_06_14624381.json,,,,0,0,0,True
VT_ST_06_14624385,data/raw/steel/01.원천데이터/3. VTST/VT_ST_06_14624385.jpg,data/raw/steel/02.라벨링데이터/3. VTST/VT_ST_06_14624385.json,,,,0,0,0,True
VT_ST_06_14624387,data/raw/steel/01.원천데이터/3. VTST/VT_ST_06_14624387.jpg,data/raw/steel/02.라벨링데이터/3. VTST/VT_ST_06_14624387.json,,,possible_self_intersection,0,0,1,True
VT_ST_06_14624392,data/raw/steel/01.원천데이터/3. VTST/VT_ST_06_14624392.jpg,data/raw/steel/02.라벨링데이터/3. VTST/VT_ST_06_14624392.json,,,,0,0,0,True
VT_ST_06_14624400,data/raw/steel/01.원천데이터/3. VTST/VT_ST_06_14624400.jpg,data/raw/steel/02.라벨링데이터/3. VTST/VT_ST_06_14624400.json,,,,0,0,0,True
VT_ST_06_14624406,data/raw/steel/01.원천데이터/3. VTST/VT_ST_06_14624406.jpg,data/raw/steel/02.라벨링데이터/3. VTST/VT_ST_06_14624406.json,,,,0,0,0,True
VT_ST_06_14624420,data/raw/steel/01.원천데이터/3. VTST/VT_ST_06_14624420.jpg,data/raw/steel/02.라벨링데이터/3. VTST/VT_ST_06_14624420.json,,,,0,0,0,True
VT_ST_06_14624422,data/raw/steel/01.원천데이터/3. VTST/VT_ST_06_14624422.jpg,data/raw/steel/02.라벨링데이터/3. VTST/VT_ST_06_14624422.json,,,,0,0,0,True
VT_ST_06_14624428,data/raw/steel/01.원천데이터/3. VTST/VT_ST_06_14624428.jpg,data/raw/steel/02.라벨링데이터/3. VTST/VT_ST_06_14624428.json,,,,0,0,0,True
VT_ST_06_14624430,data/raw/steel/01.원천데이터/3. VTST/VT_ST_06_14624430.jpg,data/raw/steel/02.라벨링데이터/3. VTST/VT_ST_06_14624430.json,,,,0,0,0,True
VT_ST_06_14624436,data/raw/steel/01.원천데이터/3. VTST/VT_ST_06_14624436.jpg,data/raw/steel/02.라벨링데이터/3. VTST/VT_ST_06_14624436.json,,,,0,0,0,True
VT_ST_06_14624438,data/raw/steel/01.원천데이터/3. VTST/VT_ST_06_14624438.jpg,data/raw/steel/02.라벨링데이터/3. VTST/VT_ST_06_14624438.json,,,,0,0,0,True
VT_ST_06_14624440,data/raw/steel/01.원천데이터/3. VTST/VT_ST_06_14624440.jpg,data/raw/steel/02.라벨링데이터/3. VTST/VT_ST_06_14624440.json,,,,0,0,0,True
VT_ST_06_14624453,data/raw/steel/01.원천데이터/3. VTST/VT_ST_06_14624453.jpg,data/raw/steel/02.라벨링데이터/3. VTST/VT_ST_06_14624453.json,,,,0,0,0,True
VT_ST_06_14624462,data/raw/steel/01.원천데이터/3. VTST/VT_ST_06_14624462.jpg,data/raw/steel/02.라벨링데이터/3. VTST/VT_ST_06_14624462.json,,,,0,0,0,True
VT_ST_06_14624463,data/raw/steel/01.원천데이터/3. VTST/VT_ST_06_14624463.jpg,data/raw/steel/02.라벨링데이터/3. VTST/VT_ST_06_14624463.json,,,,0,0,0,True
VT_ST_06_14624464,data/raw/steel/01.원천데이터/3. VTST/VT_ST_06_14624464.jpg,data/raw/steel/02.라벨링데이터/3. VTST/VT_ST_06_14624464.json,,,,0,0,0,True
VT_ST_06_14624472,data/raw/steel/01.원천데이터/3. VTST/VT_ST_06_14624472.jpg,data/raw/steel/02.라벨링데이터/3. VTST/VT_ST_06_14624472.json,,,,0,0,0,True
VT_ST_06_14624496,data/raw/steel/01.원천데이터/3. VTST/VT_ST_06_14624496.jpg,data/raw/steel/02.라벨링데이터/3. VTST/VT_ST_06_14624496.json,,,,0,0,0,True
VT_ST_06_14624502,data/raw/steel/01.원천데이터/3. VTST/VT_ST_06_14624502.jpg,data/raw/steel/02.라벨링데이터/3. VTST/VT_ST_06_14624502.json,,,,0,0,0,True
VT_ST_06_14624539,data/raw/steel/01.원천데이터/3. VTST/VT_ST_06_14624539.jpg,data/raw/steel/02.라벨링데이터/3. VTST/VT_ST_06_14624539.json,,,,0,0,0,True
VT_ST_06_14624544,data/raw/steel/01.원천데이터/3. VTST/VT_ST_06_14624544.jpg,data/raw/steel/02.라벨링데이터/3. VTST/VT_ST_06_14624544.json,,,,0,0,0,True
VT_ST_06_14624547,data/raw/steel/01.원천데이터/3. VTST/VT_ST_06_14624547.jpg,data/raw/steel/02.라벨링데이터/3. VTST/VT_ST_06_14624547.json,,,,0,0,0,True
VT_ST_06_14624562,data/raw/steel/01.원천데이터/3. VTST/VT_ST_06_14624562.jpg,data/raw/steel/02.라벨링데이터/3. VTST/VT_ST_06_14624562.json,,,,0,0,0,True
VT_ST_06_14624580,data/raw/steel/01.원천데이터/3. VTST/VT_ST_06_14624580.jpg,data/raw/steel/02.라벨링데이터/3. VTST/VT_ST_06_14624580.json,,,,0,0,0,True
VT_ST_06_14624599,data/raw/steel/01.원천데이터/3. VTST/VT_ST_06_14624599.jpg,data/raw/steel/02.라벨링데이터/3. VTST/VT_ST_06_14624599.json,,,,0,0,0,True
VT_ST_06_14624609,data/raw/steel/01.원천데이터/3. VTST/VT_ST_06_14624609.jpg,data/raw/steel/02.라벨링데이터/3. VTST/VT_ST_06_14624609.json,,,,0,0,0,True
VT_ST_06_14624615,data/raw/steel/01.원천데이터/3. VTST/VT_ST_06_14624615.jpg,data/raw/steel/02.라벨링데이터/3. VTST/VT_ST_06_14624615.json,,,,0,0,0,True
VT_ST_06_14624636,data/raw/steel/01.원천데이터/3. VTST/VT_ST_06_14624636.jpg,data/raw/steel/02.라벨링데이터/3. VTST/VT_ST_06_14624636.json,,,,0,0,0,True
VT_ST_06_14624638,data/raw/steel/01.원천데이터/3. VTST/VT_ST_06_14624638.jpg,data/raw/steel/02.라벨링데이터/3. VTST/VT_ST_06_14624638.json,,,,0,0,0,True
VT_ST_06_14624646,data/raw/steel/01.원천데이터/3. VTST/VT_ST_06_14624646.jpg,data/raw/steel/02.라벨링데이터/3. VTST/VT_ST_06_14624646.json,,,,0,0,0,True
VT_ST_06_14624648,data/raw/steel/01.원천데이터/3. VTST/VT_ST_06_14624648.jpg,data/raw/steel/02.라벨링데이터/3. VTST/VT_ST_06_14624648.json,,,,0,0,0,True
VT_ST_06_14624656,data/raw/steel/01.원천데이터/3. VTST/VT_ST_06_14624656.jpg,data/raw/steel/02.라벨링데이터/3. VTST/VT_ST_06_14624656.json,,,,0,0,0,True
VT_ST_06_14624672,data/raw/steel/01.원천데이터/3. VTST/VT_ST_06_14624672.jpg,data/raw/steel/02.라벨링데이터/3. VTST/VT_ST_06_14624672.json,,,,0,0,0,True
VT_ST_06_14624675,data/raw/steel/01.원천데이터/3. VTST/VT_ST_06_14624675.jpg,data/raw/steel/02.라벨링데이터/3. VTST/VT_ST_06_14624675.json,,,,0,0,0,True
VT_ST_06_14624703,data/raw/steel/01.원천데이터/3. VTST/VT_ST_06_14624703.jpg,data/raw/steel/02.라벨링데이터/3. VTST/VT_ST_06_14624703.json,,,,0,0,0,True
VT_ST_06_14624717,data/raw/steel/01.원천데이터/3. VTST/VT_ST_06_14624717.jpg,data/raw/steel/02.라벨링데이터/3. VTST/VT_ST_06_14624717.json,,,,0,0,0,True
VT_ST_06_14624753,data/raw/steel/01.원천데이터/3. VTST/VT_ST_06_14624753.jpg,data/raw/steel/02.라벨링데이터/3. VTST/VT_ST_06_14624753.json,,,,0,0,0,True
VT_ST_06_14624763,data/raw/steel/01.원천데이터/3. VTST/VT_ST_06_14624763.jpg,data/raw/steel/02.라벨링데이터/3. VTST/VT_ST_06_14624763.json,,,,0,0,0,True
VT_ST_06_14624808,data/raw/steel/01.원천데이터/3. VTST/VT_ST_06_14624808.jpg,data/raw/steel/02.라벨링데이터/3. VTST/VT_ST_06_14624808.json,,,,0,0,0,True
VT_ST_06_14624810,data/raw/steel/01.원천데이터/3. VTST/VT_ST_06_14624810.jpg,data/raw/steel/02.라벨링데이터/3. VTST/VT_ST_06_14624810.json,,,,0,0,0,True
VT_ST_06_14624813,data/raw/steel/01.원천데이터/3. VTST/VT_ST_06_14624813.jpg,data/raw/steel/02.라벨링데이터/3. VTST/VT_ST_06_14624813.json,,,,0,0,0,True
VT_ST_06_14624822,data/raw/steel/01.원천데이터/3. VTST/VT_ST_06_14624822.jpg,data/raw/steel/02.라벨링데이터/3. VTST/VT_ST_06_14624822.json,,,,0,0,0,True
VT_ST_06_14624828,data/raw/steel/01.원천데이터/3. VTST/VT_ST_06_14624828.jpg,data/raw/steel/02.라벨링데이터/3. VTST/VT_ST_06_14624828.json,,,,0,0,0,True
VT_ST_06_14624832,data/raw/steel/01.원천데이터/3. VTST/VT_ST_06_14624832.jpg,data/raw/steel/02.라벨링데이터/3. VTST/VT_ST_06_14624832.json,,,,0,0,0,True
VT_ST_06_14624868,data/raw/steel/01.원천데이터/3. VTST/VT_ST_06_14624868.jpg,data/raw/steel/02.라벨링데이터/3. VTST/VT_ST_06_14624868.json,,,,0,0,0,True
VT_ST_06_14624873,data/raw/steel/01.원천데이터/3. VTST/VT_ST_06_14624873.jpg,data/raw/steel/02.라벨링데이터/3. VTST/VT_ST_06_14624873.json,,,,0,0,0,True
VT_ST_06_14624874,data/raw/steel/01.원천데이터/3. VTST/VT_ST_06_14624874.jpg,data/raw/steel/02.라벨링데이터/3. VTST/VT_ST_06_14624874.json,,,,0,0,0,True
VT_ST_06_14624879,data/raw/steel/01.원천데이터/3. VTST/VT_ST_06_14624879.jpg,data/raw/steel/02.라벨링데이터/3. VTST/VT_ST_06_14624879.json,,,,0,0,0,True
VT_ST_06_14624896,data/raw/steel/01.원천데이터/3. VTST/VT_ST_06_14624896.jpg,data/raw/steel/02.라벨링데이터/3. VTST/VT_ST_06_14624896.json,,,,0,0,0,True
VT_ST_06_14624909,data/raw/steel/01.원천데이터/3. VTST/VT_ST_06_14624909.jpg,data/raw/steel/02.라벨링데이터/3. VTST/VT_ST_06_14624909.json,,,,0,0,0,True
VT_ST_06_14624918,data/raw/steel/01.원천데이터/3. VTST/VT_ST_06_14624918.jpg,data/raw/steel/02.라벨링데이터/3. VTST/VT_ST_06_14624918.json,,,,0,0,0,True
VT_ST_06_14624930,data/raw/steel/01.원천데이터/3. VTST/VT_ST_06_14624930.jpg,data/raw/steel/02.라벨링데이터/3. VTST/VT_ST_06_14624930.json,,,,0,0,0,True
VT_ST_06_14624934,data/raw/steel/01.원천데이터/3. VTST/VT_ST_06_14624934.jpg,data/raw/steel/02.라벨링데이터/3. VTST/VT_ST_06_14624934.json,,,,0,0,0,True
VT_ST_06_14624941,data/raw/steel/01.원천데이터/3. VTST/VT_ST_06_14624941.jpg,data/raw/steel/02.라벨링데이터/3. VTST/VT_ST_06_14624941.json,,,,0,0,0,True
VT_ST_06_14624950,data/raw/steel/01.원천데이터/3. VTST/VT_ST_06_14624950.jpg,data/raw/steel/02.라벨링데이터/3. VTST/VT_ST_06_14624950.json,,,,0,0,0,True
VT_ST_06_14624959,data/raw/steel/01.원천데이터/3. VTST/VT_ST_06_14624959.jpg,data/raw/steel/02.라벨링데이터/3. VTST/VT_ST_06_14624959.json,,,,0,0,0,True
VT_ST_06_14624963,data/raw/steel/01.원천데이터/3. VTST/VT_ST_06_14624963.jpg,data/raw/steel/02.라벨링데이터/3. VTST/VT_ST_06_14624963.json,,,,0,0,0,True
VT_ST_06_14624970,data/raw/steel/01.원천데이터/3. VTST/VT_ST_06_14624970.jpg,data/raw/steel/02.라벨링데이터/3. VTST/VT_ST_06_14624970.json,,,,0,0,0,True
VT_ST_06_14624985,data/raw/steel/01.원천데이터/3. VTST/VT_ST_06_14624985.jpg,data/raw/steel/02.라벨링데이터/3. VTST/VT_ST_06_14624985.json,,,,0,0,0,True
VT_ST_06_14625002,data/raw/steel/01.원천데이터/3. VTST/VT_ST_06_14625002.jpg,data/raw/steel/02.라벨링데이터/3. VTST/VT_ST_06_14625002.json,,,,0,0,0,True
VT_ST_06_14625012,data/raw/steel/01.원천데이터/3. VTST/VT_ST_06_14625012.jpg,data/raw/steel/02.라벨링데이터/3. VTST/VT_ST_06_14625012.json,,,,0,0,0,True
VT_ST_06_14625016,data/raw/steel/01.원천데이터/3. VTST/VT_ST_06_14625016.jpg,data/raw/steel/02.라벨링데이터/3. VTST/VT_ST_06_14625016.json,,,,0,0,0,True
VT_ST_06_14625017,data/raw/steel/01.원천데이터/3. VTST/VT_ST_06_14625017.jpg,data/raw/steel/02.라벨링데이터/3. VTST/VT_ST_06_14625017.json,,,,0,0,0,True
VT_ST_06_14625018,data/raw/steel/01.원천데이터/3. VTST/VT_ST_06_14625018.jpg,data/raw/steel/02.라벨링데이터/3. VTST/VT_ST_06_14625018.json,,,,0,0,0,True
VT_ST_06_14625022,data/raw/steel/01.원천데이터/3. VTST/VT_ST_06_14625022.jpg,data/raw/steel/02.라벨링데이터/3. VTST/VT_ST_06_14625022.json,,,,0,0,0,True
VT_ST_06_14625027,data/raw/steel/01.원천데이터/3. VTST/VT_ST_06_14625027.jpg,data/raw/steel/02.라벨링데이터/3. VTST/VT_ST_06_14625027.json,,,,0,0,0,True
VT_ST_06_14625029,data/raw/steel/01.원천데이터/3. VTST/VT_ST_06_14625029.jpg,data/raw/steel/02.라벨링데이터/3. VTST/VT_ST_06_14625029.json,,,,0,0,0,True
VT_ST_06_14625039,data/raw/steel/01.원천데이터/3. VTST/VT_ST_06_14625039.jpg,data/raw/steel/02.라벨링데이터/3. VTST/VT_ST_06_14625039.json,,,,0,0,0,True
VT_ST_06_14625047,data/raw/steel/01.원천데이터/3. VTST/VT_ST_06_14625047.jpg,data/raw/steel/02.라벨링데이터/3. VTST/VT_ST_06_14625047.json,,,,0,0,0,True
VT_ST_06_14625061,data/raw/steel/01.원천데이터/3. VTST/VT_ST_06_14625061.jpg,data/raw/steel/02.라벨링데이터/3. VTST/VT_ST_06_14625061.json,,,,0,0,0,True
VT_ST_06_14625063,data/raw/steel/01.원천데이터/3. VTST/VT_ST_06_14625063.jpg,data/raw/steel/02.라벨링데이터/3. VTST/VT_ST_06_14625063.json,,,,0,0,0,True
VT_ST_06_14625089,data/raw/steel/01.원천데이터/3. VTST/VT_ST_06_14625089.jpg,data/raw/steel/02.라벨링데이터/3. VTST/VT_ST_06_14625089.json,,,,0,0,0,True
VT_ST_06_14625090,data/raw/steel/01.원천데이터/3. VTST/VT_ST_06_14625090.jpg,data/raw/steel/02.라벨링데이터/3. VTST/VT_ST_06_14625090.json,,,,0,0,0,True
VT_ST_06_14625092,data/raw/steel/01.원천데이터/3. VTST/VT_ST_06_14625092.jpg,data/raw/steel/02.라벨링데이터/3. VTST/VT_ST_06_14625092.json,,,,0,0,0,True
VT_ST_06_14625105,data/raw/steel/01.원천데이터/3. VTST/VT_ST_06_14625105.jpg,data/raw/steel/02.라벨링데이터/3. VTST/VT_ST_06_14625105.json,,,,0,0,0,True
VT_ST_06_14625107,data/raw/steel/01.원천데이터/3. VTST/VT_ST_06_14625107.jpg,data/raw/steel/02.라벨링데이터/3. VTST/VT_ST_06_14625107.json,,,,0,0,0,True
VT_ST_06_14625123,data/raw/steel/01.원천데이터/3. VTST/VT_ST_06_14625123.jpg,data/raw/steel/02.라벨링데이터/3. VTST/VT_ST_06_14625123.json,,,,0,0,0,True
VT_ST_06_14625147,data/raw/steel/01.원천데이터/3. VTST/VT_ST_06_14625147.jpg,data/raw/steel/02.라벨링데이터/3. VTST/VT_ST_06_14625147.json,,,,0,0,0,True
VT_ST_06_14625153,data/raw/steel/01.원천데이터/3. VTST/VT_ST_06_14625153.jpg,data/raw/steel/02.라벨링데이터/3. VTST/VT_ST_06_14625153.json,,,,0,0,0,True
VT_ST_06_14625158,data/raw/steel/01.원천데이터/3. VTST/VT_ST_06_14625158.jpg,data/raw/steel/02.라벨링데이터/3. VTST/VT_ST_06_14625158.json,,,,0,0,0,True
VT_ST_06_14625168,data/raw/steel/01.원천데이터/3. VTST/VT_ST_06_14625168.jpg,data/raw/steel/02.라벨링데이터/3. VTST/VT_ST_06_14625168.json,,,,0,0,0,True
VT_ST_06_14625169,data/raw/steel/01.원천데이터/3. VTST/VT_ST_06_14625169.jpg,data/raw/steel/02.라벨링데이터/3. VTST/VT_ST_06_14625169.json,,,,0,0,0,True
VT_ST_06_14625198,data/raw/steel/01.원천데이터/3. VTST/VT_ST_06_14625198.jpg,data/raw/steel/02.라벨링데이터/3. VTST/VT_ST_06_14625198.json,,,,0,0,0,True
VT_ST_06_14625205,data/raw/steel/01.원천데이터/3. VTST/VT_ST_06_14625205.jpg,data/raw/steel/02.라벨링데이터/3. VTST/VT_ST_06_14625205.json,,,,0,0,0,True
VT_ST_06_14625207,data/raw/steel/01.원천데이터/3. VTST/VT_ST_06_14625207.jpg,data/raw/steel/02.라벨링데이터/3. VTST/VT_ST_06_14625207.json,,,,0,0,0,True
VT_ST_06_14625214,data/raw/steel/01.원천데이터/3. VTST/VT_ST_06_14625214.jpg,data/raw/steel/02.라벨링데이터/3. VTST/VT_ST_06_14625214.json,,,,0,0,0,True
VT_ST_06_14625224,data/raw/steel/01.원천데이터/3. VTST/VT_ST_06_14625224.jpg,data/raw/steel/02.라벨링데이터/3. VTST/VT_ST_06_14625224.json,,,,0,0,0,True
VT_ST_06_14625229,data/raw/steel/01.원천데이터/3. VTST/VT_ST_06_14625229.jpg,data/raw/steel/02.라벨링데이터/3. VTST/VT_ST_06_14625229.json,,,,0,0,0,True
VT_ST_06_14625237,data/raw/steel/01.원천데이터/3. VTST/VT_ST_06_14625237.jpg,data/raw/steel/02.라벨링데이터/3. VTST/VT_ST_06_14625237.json,,,,0,0,0,True
VT_ST_06_14625245,data/raw/steel/01.원천데이터/3. VTST/VT_ST_06_14625245.jpg,data/raw/steel/02.라벨링데이터/3. VTST/VT_ST_06_14625245.json,,,,0,0,0,True
VT_ST_06_14625251,data/raw/steel/01.원천데이터/3. VTST/VT_ST_06_14625251.jpg,data/raw/steel/02.라벨링데이터/3. VTST/VT_ST_06_14625251.json,,,,0,0,0,True
VT_ST_06_14625256,data/raw/steel/01.원천데이터/3. VTST/VT_ST_06_14625256.jpg,data/raw/steel/02.라벨링데이터/3. VTST/VT_ST_06_14625256.json,,,,0,0,0,True
VT_ST_06_14625277,data/raw/steel/01.원천데이터/3. VTST/VT_ST_06_14625277.jpg,data/raw/steel/02.라벨링데이터/3. VTST/VT_ST_06_14625277.json,,,,0,0,0,True
VT_ST_06_14625281,data/raw/steel/01.원천데이터/3. VTST/VT_ST_06_14625281.jpg,data/raw/steel/02.라벨링데이터/3. VTST/VT_ST_06_14625281.json,,,,0,0,0,True
VT_ST_06_14625288,data/raw/steel/01.원천데이터/3. VTST/VT_ST_06_14625288.jpg,data/raw/steel/02.라벨링데이터/3. VTST/VT_ST_06_14625288.json,,,,0,0,0,True
VT_ST_06_14625299,data/raw/steel/01.원천데이터/3. VTST/VT_ST_06_14625299.jpg,data/raw/steel/02.라벨링데이터/3. VTST/VT_ST_06_14625299.json,,,,0,0,0,True
VT_ST_06_14625317,data/raw/steel/01.원천데이터/3. VTST/VT_ST_06_14625317.jpg,data/raw/steel/02.라벨링데이터/3. VTST/VT_ST_06_14625317.json,,,,0,0,0,True
VT_ST_06_14625328,data/raw/steel/01.원천데이터/3. VTST/VT_ST_06_14625328.jpg,data/raw/steel/02.라벨링데이터/3. VTST/VT_ST_06_14625328.json,,,,0,0,0,True
VT_ST_06_14625343,data/raw/steel/01.원천데이터/3. VTST/VT_ST_06_14625343.jpg,data/raw/steel/02.라벨링데이터/3. VTST/VT_ST_06_14625343.json,,,,0,0,0,True
VT_ST_06_14625347,data/raw/steel/01.원천데이터/3. VTST/VT_ST_06_14625347.jpg,data/raw/steel/02.라벨링데이터/3. VTST/VT_ST_06_14625347.json,,,,0,0,0,True
VT_ST_06_14625355,data/raw/steel/01.원천데이터/3. VTST/VT_ST_06_14625355.jpg,data/raw/steel/02.라벨링데이터/3. VTST/VT_ST_06_14625355.json,,,,0,0,0,True
VT_ST_06_14625370,data/raw/steel/01.원천데이터/3. VTST/VT_ST_06_14625370.jpg,data/raw/steel/02.라벨링데이터/3. VTST/VT_ST_06_14625370.json,,,,0,0,0,True
VT_ST_06_14625375,data/raw/steel/01.원천데이터/3. VTST/VT_ST_06_14625375.jpg,data/raw/steel/02.라벨링데이터/3. VTST/VT_ST_06_14625375.json,,,,0,0,0,True
VT_ST_06_14625376,data/raw/steel/01.원천데이터/3. VTST/VT_ST_06_14625376.jpg,data/raw/steel/02.라벨링데이터/3. VTST/VT_ST_06_14625376.json,,,,0,0,0,True
VT_ST_06_14625381,data/raw/steel/01.원천데이터/3. VTST/VT_ST_06_14625381.jpg,data/raw/steel/02.라벨링데이터/3. VTST/VT_ST_06_14625381.json,,,,0,0,0,True
VT_ST_06_14625382,data/raw/steel/01.원천데이터/3. VTST/VT_ST_06_14625382.jpg,data/raw/steel/02.라벨링데이터/3. VTST/VT_ST_06_14625382.json,,,,0,0,0,True
VT_ST_06_14625387,data/raw/steel/01.원천데이터/3. VTST/VT_ST_06_14625387.jpg,data/raw/steel/02.라벨링데이터/3. VTST/VT_ST_06_14625387.json,,,,0,0,0,True
VT_ST_06_14625394,data/raw/steel/01.원천데이터/3. VTST/VT_ST_06_14625394.jpg,data/raw/steel/02.라벨링데이터/3. VTST/VT_ST_06_14625394.json,,,,0,0,0,True
VT_ST_06_14625422,data/raw/steel/01.원천데이터/3. VTST/VT_ST_06_14625422.jpg,data/raw/steel/02.라벨링데이터/3. VTST/VT_ST_06_14625422.json,,,,0,0,0,True
VT_ST_06_14625432,data/raw/steel/01.원천데이터/3. VTST/VT_ST_06_14625432.jpg,data/raw/steel/02.라벨링데이터/3. VTST/VT_ST_06_14625432.json,,,,0,0,0,True
VT_ST_06_14625441,data/raw/steel/01.원천데이터/3. VTST/VT_ST_06_14625441.jpg,data/raw/steel/02.라벨링데이터/3. VTST/VT_ST_06_14625441.json,,,,0,0,0,True
VT_ST_06_14625454,data/raw/steel/01.원천데이터/3. VTST/VT_ST_06_14625454.jpg,data/raw/steel/02.라벨링데이터/3. VTST/VT_ST_06_14625454.json,,,,0,0,0,True
VT_ST_06_14625455,data/raw/steel/01.원천데이터/3. VTST/VT_ST_06_14625455.jpg,data/raw/steel/02.라벨링데이터/3. VTST/VT_ST_06_14625455.json,,,,0,0,0,True
VT_ST_06_14625458,data/raw/steel/01.원천데이터/3. VTST/VT_ST_06_14625458.jpg,data/raw/steel/02.라벨링데이터/3. VTST/VT_ST_06_14625458.json,,,,0,0,0,True
VT_ST_06_14625464,data/raw/steel/01.원천데이터/3. VTST/VT_ST_06_14625464.jpg,data/raw/steel/02.라벨링데이터/3. VTST/VT_ST_06_14625464.json,,,,0,0,0,True
VT_ST_06_14625472,data/raw/steel/01.원천데이터/3. VTST/VT_ST_06_14625472.jpg,data/raw/steel/02.라벨링데이터/3. VTST/VT_ST_06_14625472.json,,,,0,0,0,True
VT_ST_06_14625482,data/raw/steel/01.원천데이터/3. VTST/VT_ST_06_14625482.jpg,data/raw/steel/02.라벨링데이터/3. VTST/VT_ST_06_14625482.json,,,,0,0,0,True
VT_ST_06_14625491,data/raw/steel/01.원천데이터/3. VTST/VT_ST_06_14625491.jpg,data/raw/steel/02.라벨링데이터/3. VTST/VT_ST_06_14625491.json,,,,0,0,0,True
VT_ST_06_14625493,data/raw/steel/01.원천데이터/3. VTST/VT_ST_06_14625493.jpg,data/raw/steel/02.라벨링데이터/3. VTST/VT_ST_06_14625493.json,,,,0,0,0,True
VT_ST_06_14625505,data/raw/steel/01.원천데이터/3. VTST/VT_ST_06_14625505.jpg,data/raw/steel/02.라벨링데이터/3. VTST/VT_ST_06_14625505.json,,,,0,0,0,True
VT_ST_06_14625510,data/raw/steel/01.원천데이터/3. VTST/VT_ST_06_14625510.jpg,data/raw/steel/02.라벨링데이터/3. VTST/VT_ST_06_14625510.json,,,,0,0,0,True
VT_ST_06_14625517,data/raw/steel/01.원천데이터/3. VTST/VT_ST_06_14625517.jpg,data/raw/steel/02.라벨링데이터/3. VTST/VT_ST_06_14625517.json,,,,0,0,0,True
VT_ST_06_14625521,data/raw/steel/01.원천데이터/3. VTST/VT_ST_06_14625521.jpg,data/raw/steel/02.라벨링데이터/3. VTST/VT_ST_06_14625521.json,,,,0,0,0,True
VT_ST_06_14625530,data/raw/steel/01.원천데이터/3. VTST/VT_ST_06_14625530.jpg,data/raw/steel/02.라벨링데이터/3. VTST/VT_ST_06_14625530.json,,,,0,0,0,True
VT_ST_06_14625548,data/raw/steel/01.원천데이터/3. VTST/VT_ST_06_14625548.jpg,data/raw/steel/02.라벨링데이터/3. VTST/VT_ST_06_14625548.json,,,,0,0,0,True
VT_ST_06_14625575,data/raw/steel/01.원천데이터/3. VTST/VT_ST_06_14625575.jpg,data/raw/steel/02.라벨링데이터/3. VTST/VT_ST_06_14625575.json,,,,0,0,0,True
VT_ST_06_14625578,data/raw/steel/01.원천데이터/3. VTST/VT_ST_06_14625578.jpg,data/raw/steel/02.라벨링데이터/3. VTST/VT_ST_06_14625578.json,,,,0,0,0,True
VT_ST_06_14625579,data/raw/steel/01.원천데이터/3. VTST/VT_ST_06_14625579.jpg,data/raw/steel/02.라벨링데이터/3. VTST/VT_ST_06_14625579.json,,,,0,0,0,True
VT_ST_06_14625600,data/raw/steel/01.원천데이터/3. VTST/VT_ST_06_14625600.jpg,data/raw/steel/02.라벨링데이터/3. VTST/VT_ST_06_14625600.json,,,,0,0,0,True
VT_ST_06_14625606,data/raw/steel/01.원천데이터/3. VTST/VT_ST_06_14625606.jpg,data/raw/steel/02.라벨링데이터/3. VTST/VT_ST_06_14625606.json,,,,0,0,0,True
VT_ST_06_14625614,data/raw/steel/01.원천데이터/3. VTST/VT_ST_06_14625614.jpg,data/raw/steel/02.라벨링데이터/3. VTST/VT_ST_06_14625614.json,,,,0,0,0,True
VT_ST_06_14625622,data/raw/steel/01.원천데이터/3. VTST/VT_ST_06_14625622.jpg,data/raw/steel/02.라벨링데이터/3. VTST/VT_ST_06_14625622.json,,,,0,0,0,True
VT_ST_06_14625635,data/raw/steel/01.원천데이터/3. VTST/VT_ST_06_14625635.jpg,data/raw/steel/02.라벨링데이터/3. VTST/VT_ST_06_14625635.json,,,,0,0,0,True
VT_ST_06_14625638,data/raw/steel/01.원천데이터/3. VTST/VT_ST_06_14625638.jpg,data/raw/steel/02.라벨링데이터/3. VTST/VT_ST_06_14625638.json,,,,0,0,0,True
VT_ST_06_14625640,data/raw/steel/01.원천데이터/3. VTST/VT_ST_06_14625640.jpg,data/raw/steel/02.라벨링데이터/3. VTST/VT_ST_06_14625640.json,,,,0,0,0,True
VT_ST_06_14625650,data/raw/steel/01.원천데이터/3. VTST/VT_ST_06_14625650.jpg,data/raw/steel/02.라벨링데이터/3. VTST/VT_ST_06_14625650.json,,,,0,0,0,True
VT_ST_06_14625663,data/raw/steel/01.원천데이터/3. VTST/VT_ST_06_14625663.jpg,data/raw/steel/02.라벨링데이터/3. VTST/VT_ST_06_14625663.json,,,,0,0,0,True
VT_ST_06_14625677,data/raw/steel/01.원천데이터/3. VTST/VT_ST_06_14625677.jpg,data/raw/steel/02.라벨링데이터/3. VTST/VT_ST_06_14625677.json,,,,0,0,0,True
VT_ST_06_14625678,data/raw/steel/01.원천데이터/3. VTST/VT_ST_06_14625678.jpg,data/raw/steel/02.라벨링데이터/3. VTST/VT_ST_06_14625678.json,,,,0,0,0,True
VT_ST_06_14625679,data/raw/steel/01.원천데이터/3. VTST/VT_ST_06_14625679.jpg,data/raw/steel/02.라벨링데이터/3. VTST/VT_ST_06_14625679.json,,,,0,0,0,True
VT_ST_06_14625682,data/raw/steel/01.원천데이터/3. VTST/VT_ST_06_14625682.jpg,data/raw/steel/02.라벨링데이터/3. VTST/VT_ST_06_14625682.json,,,,0,0,0,True
VT_ST_06_14625683,data/raw/steel/01.원천데이터/3. VTST/VT_ST_06_14625683.jpg,data/raw/steel/02.라벨링데이터/3. VTST/VT_ST_06_14625683.json,,,,0,0,0,True
VT_ST_06_14625684,data/raw/steel/01.원천데이터/3. VTST/VT_ST_06_14625684.jpg,data/raw/steel/02.라벨링데이터/3. VTST/VT_ST_06_14625684.json,,,,0,0,0,True
VT_ST_06_14625688,data/raw/steel/01.원천데이터/3. VTST/VT_ST_06_14625688.jpg,data/raw/steel/02.라벨링데이터/3. VTST/VT_ST_06_14625688.json,,,,0,0,0,True
VT_ST_06_14625694,data/raw/steel/01.원천데이터/3. VTST/VT_ST_06_14625694.jpg,data/raw/steel/02.라벨링데이터/3. VTST/VT_ST_06_14625694.json,,,,0,0,0,True
VT_ST_06_14625697,data/raw/steel/01.원천데이터/3. VTST/VT_ST_06_14625697.jpg,data/raw/steel/02.라벨링데이터/3. VTST/VT_ST_06_14625697.json,,,,0,0,0,True
VT_ST_06_14625703,data/raw/steel/01.원천데이터/3. VTST/VT_ST_06_14625703.jpg,data/raw/steel/02.라벨링데이터/3. VTST/VT_ST_06_14625703.json,,,,0,0,0,True
VT_ST_06_14625704,data/raw/steel/01.원천데이터/3. VTST/VT_ST_06_14625704.jpg,data/raw/steel/02.라벨링데이터/3. VTST/VT_ST_06_14625704.json,,,,0,0,0,True
VT_ST_06_14625705,data/raw/steel/01.원천데이터/3. VTST/VT_ST_06_14625705.jpg,data/raw/steel/02.라벨링데이터/3. VTST/VT_ST_06_14625705.json,,out_of_bounds_coordinate,,0,1,0,True
VT_ST_06_14625714,data/raw/steel/01.원천데이터/3. VTST/VT_ST_06_14625714.jpg,data/raw/steel/02.라벨링데이터/3. VTST/VT_ST_06_14625714.json,,,,0,0,0,True
VT_ST_06_14625729,data/raw/steel/01.원천데이터/3. VTST/VT_ST_06_14625729.jpg,data/raw/steel/02.라벨링데이터/3. VTST/VT_ST_06_14625729.json,,,,0,0,0,True
VT_ST_06_14625738,data/raw/steel/01.원천데이터/3. VTST/VT_ST_06_14625738.jpg,data/raw/steel/02.라벨링데이터/3. VTST/VT_ST_06_14625738.json,,,,0,0,0,True
VT_ST_06_14625744,data/raw/steel/01.원천데이터/3. VTST/VT_ST_06_14625744.jpg,data/raw/steel/02.라벨링데이터/3. VTST/VT_ST_06_14625744.json,,,,0,0,0,True
VT_ST_06_14625745,data/raw/steel/01.원천데이터/3. VTST/VT_ST_06_14625745.jpg,data/raw/steel/02.라벨링데이터/3. VTST/VT_ST_06_14625745.json,,,,0,0,0,True
VT_ST_06_14625753,data/raw/steel/01.원천데이터/3. VTST/VT_ST_06_14625753.jpg,data/raw/steel/02.라벨링데이터/3. VTST/VT_ST_06_14625753.json,,,,0,0,0,True
VT_ST_06_14625767,data/raw/steel/01.원천데이터/3. VTST/VT_ST_06_14625767.jpg,data/raw/steel/02.라벨링데이터/3. VTST/VT_ST_06_14625767.json,,,,0,0,0,True
VT_ST_06_14625791,data/raw/steel/01.원천데이터/3. VTST/VT_ST_06_14625791.jpg,data/raw/steel/02.라벨링데이터/3. VTST/VT_ST_06_14625791.json,,,,0,0,0,True
VT_ST_06_14625793,data/raw/steel/01.원천데이터/3. VTST/VT_ST_06_14625793.jpg,data/raw/steel/02.라벨링데이터/3. VTST/VT_ST_06_14625793.json,,,,0,0,0,True
VT_ST_06_14625796,data/raw/steel/01.원천데이터/3. VTST/VT_ST_06_14625796.jpg,data/raw/steel/02.라벨링데이터/3. VTST/VT_ST_06_14625796.json,,,,0,0,0,True
VT_ST_06_14625816,data/raw/steel/01.원천데이터/3. VTST/VT_ST_06_14625816.jpg,data/raw/steel/02.라벨링데이터/3. VTST/VT_ST_06_14625816.json,,out_of_bounds_coordinate,,0,1,0,True
VT_ST_06_14625817,data/raw/steel/01.원천데이터/3. VTST/VT_ST_06_14625817.jpg,data/raw/steel/02.라벨링데이터/3. VTST/VT_ST_06_14625817.json,,,,0,0,0,True
VT_ST_06_14625832,data/raw/steel/01.원천데이터/3. VTST/VT_ST_06_14625832.jpg,data/raw/steel/02.라벨링데이터/3. VTST/VT_ST_06_14625832.json,,,,0,0,0,True
